 
****************************************
Report : timing
        -path full
        -delay max
        -max_paths 100
Design : alu8_top
Version: O-2018.06-SP1
Date   : Thu Sep 10 13:11:58 2026
****************************************

Operating Conditions: scmetro_tsmc_cl013g_rvt_ss_1p08v_125c   Library: scmetro_tsmc_cl013g_rvt_ss_1p08v_125c
Wire Load Model Mode: top

  Startpoint: mode (input port clocked by MASTER_CLK)
  Endpoint: result[8] (output port clocked by MASTER_CLK)
  Path Group: INOUT
  Path Type: max

  Des/Clust/Port     Wire Load Model       Library
  ------------------------------------------------
  alu8_top           tsmc13_wl30           scmetro_tsmc_cl013g_rvt_ss_1p08v_125c

  Point                                    Incr       Path
  -----------------------------------------------------------
  clock MASTER_CLK (rise edge)             0.00       0.00
  clock network delay (ideal)              0.00       0.00
  input external delay                     1.15       1.15 r
  mode (in)                                0.19       1.34 r
  U26/Y (BUFX10M)                          0.85       2.20 r
  U25/Y (INVX2M)                           0.35       2.55 f
  U24/Y (CLKBUFX6M)                        0.90       3.44 f
  U4/Y (AO22X8M)                           0.88       4.33 f
  result[8] (out)                          0.00       4.33 f
  data arrival time                                   4.33

  clock MASTER_CLK (rise edge)             5.75       5.75
  clock network delay (ideal)              0.00       5.75
  clock uncertainty                       -0.20       5.55
  output external delay                   -1.15       4.40
  data required time                                  4.40
  -----------------------------------------------------------
  data required time                                  4.40
  data arrival time                                  -4.33
  -----------------------------------------------------------
  slack (MET)                                         0.07


  Startpoint: mode (input port clocked by MASTER_CLK)
  Endpoint: result[7] (output port clocked by MASTER_CLK)
  Path Group: INOUT
  Path Type: max

  Des/Clust/Port     Wire Load Model       Library
  ------------------------------------------------
  alu8_top           tsmc13_wl30           scmetro_tsmc_cl013g_rvt_ss_1p08v_125c

  Point                                    Incr       Path
  -----------------------------------------------------------
  clock MASTER_CLK (rise edge)             0.00       0.00
  clock network delay (ideal)              0.00       0.00
  input external delay                     1.15       1.15 r
  mode (in)                                0.19       1.34 r
  U26/Y (BUFX10M)                          0.85       2.20 r
  U25/Y (INVX2M)                           0.35       2.55 f
  U24/Y (CLKBUFX6M)                        0.90       3.44 f
  U5/Y (AO22X8M)                           0.88       4.33 f
  result[7] (out)                          0.00       4.33 f
  data arrival time                                   4.33

  clock MASTER_CLK (rise edge)             5.75       5.75
  clock network delay (ideal)              0.00       5.75
  clock uncertainty                       -0.20       5.55
  output external delay                   -1.15       4.40
  data required time                                  4.40
  -----------------------------------------------------------
  data required time                                  4.40
  data arrival time                                  -4.33
  -----------------------------------------------------------
  slack (MET)                                         0.07


  Startpoint: mode (input port clocked by MASTER_CLK)
  Endpoint: result[6] (output port clocked by MASTER_CLK)
  Path Group: INOUT
  Path Type: max

  Des/Clust/Port     Wire Load Model       Library
  ------------------------------------------------
  alu8_top           tsmc13_wl30           scmetro_tsmc_cl013g_rvt_ss_1p08v_125c

  Point                                    Incr       Path
  -----------------------------------------------------------
  clock MASTER_CLK (rise edge)             0.00       0.00
  clock network delay (ideal)              0.00       0.00
  input external delay                     1.15       1.15 r
  mode (in)                                0.19       1.34 r
  U26/Y (BUFX10M)                          0.85       2.20 r
  U25/Y (INVX2M)                           0.35       2.55 f
  U24/Y (CLKBUFX6M)                        0.90       3.44 f
  U6/Y (AO22X8M)                           0.88       4.33 f
  result[6] (out)                          0.00       4.33 f
  data arrival time                                   4.33

  clock MASTER_CLK (rise edge)             5.75       5.75
  clock network delay (ideal)              0.00       5.75
  clock uncertainty                       -0.20       5.55
  output external delay                   -1.15       4.40
  data required time                                  4.40
  -----------------------------------------------------------
  data required time                                  4.40
  data arrival time                                  -4.33
  -----------------------------------------------------------
  slack (MET)                                         0.07


  Startpoint: mode (input port clocked by MASTER_CLK)
  Endpoint: result[5] (output port clocked by MASTER_CLK)
  Path Group: INOUT
  Path Type: max

  Des/Clust/Port     Wire Load Model       Library
  ------------------------------------------------
  alu8_top           tsmc13_wl30           scmetro_tsmc_cl013g_rvt_ss_1p08v_125c

  Point                                    Incr       Path
  -----------------------------------------------------------
  clock MASTER_CLK (rise edge)             0.00       0.00
  clock network delay (ideal)              0.00       0.00
  input external delay                     1.15       1.15 r
  mode (in)                                0.19       1.34 r
  U26/Y (BUFX10M)                          0.85       2.20 r
  U25/Y (INVX2M)                           0.35       2.55 f
  U24/Y (CLKBUFX6M)                        0.90       3.44 f
  U7/Y (AO22X8M)                           0.88       4.33 f
  result[5] (out)                          0.00       4.33 f
  data arrival time                                   4.33

  clock MASTER_CLK (rise edge)             5.75       5.75
  clock network delay (ideal)              0.00       5.75
  clock uncertainty                       -0.20       5.55
  output external delay                   -1.15       4.40
  data required time                                  4.40
  -----------------------------------------------------------
  data required time                                  4.40
  data arrival time                                  -4.33
  -----------------------------------------------------------
  slack (MET)                                         0.07


  Startpoint: mode (input port clocked by MASTER_CLK)
  Endpoint: result[4] (output port clocked by MASTER_CLK)
  Path Group: INOUT
  Path Type: max

  Des/Clust/Port     Wire Load Model       Library
  ------------------------------------------------
  alu8_top           tsmc13_wl30           scmetro_tsmc_cl013g_rvt_ss_1p08v_125c

  Point                                    Incr       Path
  -----------------------------------------------------------
  clock MASTER_CLK (rise edge)             0.00       0.00
  clock network delay (ideal)              0.00       0.00
  input external delay                     1.15       1.15 r
  mode (in)                                0.19       1.34 r
  U26/Y (BUFX10M)                          0.85       2.20 r
  U25/Y (INVX2M)                           0.35       2.55 f
  U24/Y (CLKBUFX6M)                        0.90       3.44 f
  U8/Y (AO22X8M)                           0.88       4.33 f
  result[4] (out)                          0.00       4.33 f
  data arrival time                                   4.33

  clock MASTER_CLK (rise edge)             5.75       5.75
  clock network delay (ideal)              0.00       5.75
  clock uncertainty                       -0.20       5.55
  output external delay                   -1.15       4.40
  data required time                                  4.40
  -----------------------------------------------------------
  data required time                                  4.40
  data arrival time                                  -4.33
  -----------------------------------------------------------
  slack (MET)                                         0.07


  Startpoint: mode (input port clocked by MASTER_CLK)
  Endpoint: result[3] (output port clocked by MASTER_CLK)
  Path Group: INOUT
  Path Type: max

  Des/Clust/Port     Wire Load Model       Library
  ------------------------------------------------
  alu8_top           tsmc13_wl30           scmetro_tsmc_cl013g_rvt_ss_1p08v_125c

  Point                                    Incr       Path
  -----------------------------------------------------------
  clock MASTER_CLK (rise edge)             0.00       0.00
  clock network delay (ideal)              0.00       0.00
  input external delay                     1.15       1.15 r
  mode (in)                                0.19       1.34 r
  U26/Y (BUFX10M)                          0.85       2.20 r
  U25/Y (INVX2M)                           0.35       2.55 f
  U24/Y (CLKBUFX6M)                        0.90       3.44 f
  U9/Y (AO22X8M)                           0.88       4.33 f
  result[3] (out)                          0.00       4.33 f
  data arrival time                                   4.33

  clock MASTER_CLK (rise edge)             5.75       5.75
  clock network delay (ideal)              0.00       5.75
  clock uncertainty                       -0.20       5.55
  output external delay                   -1.15       4.40
  data required time                                  4.40
  -----------------------------------------------------------
  data required time                                  4.40
  data arrival time                                  -4.33
  -----------------------------------------------------------
  slack (MET)                                         0.07


  Startpoint: mode (input port clocked by MASTER_CLK)
  Endpoint: result[2] (output port clocked by MASTER_CLK)
  Path Group: INOUT
  Path Type: max

  Des/Clust/Port     Wire Load Model       Library
  ------------------------------------------------
  alu8_top           tsmc13_wl30           scmetro_tsmc_cl013g_rvt_ss_1p08v_125c

  Point                                    Incr       Path
  -----------------------------------------------------------
  clock MASTER_CLK (rise edge)             0.00       0.00
  clock network delay (ideal)              0.00       0.00
  input external delay                     1.15       1.15 r
  mode (in)                                0.19       1.34 r
  U26/Y (BUFX10M)                          0.85       2.20 r
  U25/Y (INVX2M)                           0.35       2.55 f
  U24/Y (CLKBUFX6M)                        0.90       3.44 f
  U10/Y (AO22X8M)                          0.88       4.33 f
  result[2] (out)                          0.00       4.33 f
  data arrival time                                   4.33

  clock MASTER_CLK (rise edge)             5.75       5.75
  clock network delay (ideal)              0.00       5.75
  clock uncertainty                       -0.20       5.55
  output external delay                   -1.15       4.40
  data required time                                  4.40
  -----------------------------------------------------------
  data required time                                  4.40
  data arrival time                                  -4.33
  -----------------------------------------------------------
  slack (MET)                                         0.07


  Startpoint: mode (input port clocked by MASTER_CLK)
  Endpoint: result[1] (output port clocked by MASTER_CLK)
  Path Group: INOUT
  Path Type: max

  Des/Clust/Port     Wire Load Model       Library
  ------------------------------------------------
  alu8_top           tsmc13_wl30           scmetro_tsmc_cl013g_rvt_ss_1p08v_125c

  Point                                    Incr       Path
  -----------------------------------------------------------
  clock MASTER_CLK (rise edge)             0.00       0.00
  clock network delay (ideal)              0.00       0.00
  input external delay                     1.15       1.15 r
  mode (in)                                0.19       1.34 r
  U26/Y (BUFX10M)                          0.85       2.20 r
  U25/Y (INVX2M)                           0.35       2.55 f
  U24/Y (CLKBUFX6M)                        0.90       3.44 f
  U11/Y (AO22X8M)                          0.88       4.33 f
  result[1] (out)                          0.00       4.33 f
  data arrival time                                   4.33

  clock MASTER_CLK (rise edge)             5.75       5.75
  clock network delay (ideal)              0.00       5.75
  clock uncertainty                       -0.20       5.55
  output external delay                   -1.15       4.40
  data required time                                  4.40
  -----------------------------------------------------------
  data required time                                  4.40
  data arrival time                                  -4.33
  -----------------------------------------------------------
  slack (MET)                                         0.07


  Startpoint: mode (input port clocked by MASTER_CLK)
  Endpoint: result[0] (output port clocked by MASTER_CLK)
  Path Group: INOUT
  Path Type: max

  Des/Clust/Port     Wire Load Model       Library
  ------------------------------------------------
  alu8_top           tsmc13_wl30           scmetro_tsmc_cl013g_rvt_ss_1p08v_125c

  Point                                    Incr       Path
  -----------------------------------------------------------
  clock MASTER_CLK (rise edge)             0.00       0.00
  clock network delay (ideal)              0.00       0.00
  input external delay                     1.15       1.15 r
  mode (in)                                0.19       1.34 r
  U26/Y (BUFX10M)                          0.85       2.20 r
  U25/Y (INVX2M)                           0.35       2.55 f
  U24/Y (CLKBUFX6M)                        0.90       3.44 f
  U18/Y (AO22X8M)                          0.88       4.33 f
  result[0] (out)                          0.00       4.33 f
  data arrival time                                   4.33

  clock MASTER_CLK (rise edge)             5.75       5.75
  clock network delay (ideal)              0.00       5.75
  clock uncertainty                       -0.20       5.55
  output external delay                   -1.15       4.40
  data required time                                  4.40
  -----------------------------------------------------------
  data required time                                  4.40
  data arrival time                                  -4.33
  -----------------------------------------------------------
  slack (MET)                                         0.07


  Startpoint: mode (input port clocked by MASTER_CLK)
  Endpoint: valid (output port clocked by MASTER_CLK)
  Path Group: INOUT
  Path Type: max

  Des/Clust/Port     Wire Load Model       Library
  ------------------------------------------------
  alu8_top           tsmc13_wl30           scmetro_tsmc_cl013g_rvt_ss_1p08v_125c

  Point                                    Incr       Path
  -----------------------------------------------------------
  clock MASTER_CLK (rise edge)             0.00       0.00
  clock network delay (ideal)              0.00       0.00
  input external delay                     1.15       1.15 r
  mode (in)                                0.19       1.34 r
  U26/Y (BUFX10M)                          0.85       2.20 r
  U25/Y (INVX2M)                           0.35       2.55 f
  U24/Y (CLKBUFX6M)                        0.90       3.44 f
  U2/Y (AO22X8M)                           0.88       4.33 f
  valid (out)                              0.00       4.33 f
  data arrival time                                   4.33

  clock MASTER_CLK (rise edge)             5.75       5.75
  clock network delay (ideal)              0.00       5.75
  clock uncertainty                       -0.20       5.55
  output external delay                   -1.15       4.40
  data required time                                  4.40
  -----------------------------------------------------------
  data required time                                  4.40
  data arrival time                                  -4.33
  -----------------------------------------------------------
  slack (MET)                                         0.07


  Startpoint: mode (input port clocked by MASTER_CLK)
  Endpoint: result[15] (output port clocked by MASTER_CLK)
  Path Group: INOUT
  Path Type: max

  Des/Clust/Port     Wire Load Model       Library
  ------------------------------------------------
  alu8_top           tsmc13_wl30           scmetro_tsmc_cl013g_rvt_ss_1p08v_125c

  Point                                    Incr       Path
  -----------------------------------------------------------
  clock MASTER_CLK (rise edge)             0.00       0.00
  clock network delay (ideal)              0.00       0.00
  input external delay                     1.15       1.15 r
  mode (in)                                0.19       1.34 r
  U26/Y (BUFX10M)                          0.85       2.20 r
  U31/Y (AND2X8M)                          0.95       3.15 r
  result[15] (out)                         0.00       3.15 r
  data arrival time                                   3.15

  clock MASTER_CLK (rise edge)             5.75       5.75
  clock network delay (ideal)              0.00       5.75
  clock uncertainty                       -0.20       5.55
  output external delay                   -1.15       4.40
  data required time                                  4.40
  -----------------------------------------------------------
  data required time                                  4.40
  data arrival time                                  -3.15
  -----------------------------------------------------------
  slack (MET)                                         1.25


  Startpoint: mode (input port clocked by MASTER_CLK)
  Endpoint: result[14] (output port clocked by MASTER_CLK)
  Path Group: INOUT
  Path Type: max

  Des/Clust/Port     Wire Load Model       Library
  ------------------------------------------------
  alu8_top           tsmc13_wl30           scmetro_tsmc_cl013g_rvt_ss_1p08v_125c

  Point                                    Incr       Path
  -----------------------------------------------------------
  clock MASTER_CLK (rise edge)             0.00       0.00
  clock network delay (ideal)              0.00       0.00
  input external delay                     1.15       1.15 r
  mode (in)                                0.19       1.34 r
  U26/Y (BUFX10M)                          0.85       2.20 r
  U22/Y (AND2X8M)                          0.95       3.15 r
  result[14] (out)                         0.00       3.15 r
  data arrival time                                   3.15

  clock MASTER_CLK (rise edge)             5.75       5.75
  clock network delay (ideal)              0.00       5.75
  clock uncertainty                       -0.20       5.55
  output external delay                   -1.15       4.40
  data required time                                  4.40
  -----------------------------------------------------------
  data required time                                  4.40
  data arrival time                                  -3.15
  -----------------------------------------------------------
  slack (MET)                                         1.25


  Startpoint: mode (input port clocked by MASTER_CLK)
  Endpoint: result[13] (output port clocked by MASTER_CLK)
  Path Group: INOUT
  Path Type: max

  Des/Clust/Port     Wire Load Model       Library
  ------------------------------------------------
  alu8_top           tsmc13_wl30           scmetro_tsmc_cl013g_rvt_ss_1p08v_125c

  Point                                    Incr       Path
  -----------------------------------------------------------
  clock MASTER_CLK (rise edge)             0.00       0.00
  clock network delay (ideal)              0.00       0.00
  input external delay                     1.15       1.15 r
  mode (in)                                0.19       1.34 r
  U26/Y (BUFX10M)                          0.85       2.20 r
  U30/Y (AND2X8M)                          0.95       3.15 r
  result[13] (out)                         0.00       3.15 r
  data arrival time                                   3.15

  clock MASTER_CLK (rise edge)             5.75       5.75
  clock network delay (ideal)              0.00       5.75
  clock uncertainty                       -0.20       5.55
  output external delay                   -1.15       4.40
  data required time                                  4.40
  -----------------------------------------------------------
  data required time                                  4.40
  data arrival time                                  -3.15
  -----------------------------------------------------------
  slack (MET)                                         1.25


  Startpoint: mode (input port clocked by MASTER_CLK)
  Endpoint: result[12] (output port clocked by MASTER_CLK)
  Path Group: INOUT
  Path Type: max

  Des/Clust/Port     Wire Load Model       Library
  ------------------------------------------------
  alu8_top           tsmc13_wl30           scmetro_tsmc_cl013g_rvt_ss_1p08v_125c

  Point                                    Incr       Path
  -----------------------------------------------------------
  clock MASTER_CLK (rise edge)             0.00       0.00
  clock network delay (ideal)              0.00       0.00
  input external delay                     1.15       1.15 r
  mode (in)                                0.19       1.34 r
  U26/Y (BUFX10M)                          0.85       2.20 r
  U29/Y (AND2X8M)                          0.95       3.15 r
  result[12] (out)                         0.00       3.15 r
  data arrival time                                   3.15

  clock MASTER_CLK (rise edge)             5.75       5.75
  clock network delay (ideal)              0.00       5.75
  clock uncertainty                       -0.20       5.55
  output external delay                   -1.15       4.40
  data required time                                  4.40
  -----------------------------------------------------------
  data required time                                  4.40
  data arrival time                                  -3.15
  -----------------------------------------------------------
  slack (MET)                                         1.25


  Startpoint: mode (input port clocked by MASTER_CLK)
  Endpoint: result[11] (output port clocked by MASTER_CLK)
  Path Group: INOUT
  Path Type: max

  Des/Clust/Port     Wire Load Model       Library
  ------------------------------------------------
  alu8_top           tsmc13_wl30           scmetro_tsmc_cl013g_rvt_ss_1p08v_125c

  Point                                    Incr       Path
  -----------------------------------------------------------
  clock MASTER_CLK (rise edge)             0.00       0.00
  clock network delay (ideal)              0.00       0.00
  input external delay                     1.15       1.15 r
  mode (in)                                0.19       1.34 r
  U26/Y (BUFX10M)                          0.85       2.20 r
  U28/Y (AND2X8M)                          0.95       3.15 r
  result[11] (out)                         0.00       3.15 r
  data arrival time                                   3.15

  clock MASTER_CLK (rise edge)             5.75       5.75
  clock network delay (ideal)              0.00       5.75
  clock uncertainty                       -0.20       5.55
  output external delay                   -1.15       4.40
  data required time                                  4.40
  -----------------------------------------------------------
  data required time                                  4.40
  data arrival time                                  -3.15
  -----------------------------------------------------------
  slack (MET)                                         1.25


  Startpoint: mode (input port clocked by MASTER_CLK)
  Endpoint: result[10] (output port clocked by MASTER_CLK)
  Path Group: INOUT
  Path Type: max

  Des/Clust/Port     Wire Load Model       Library
  ------------------------------------------------
  alu8_top           tsmc13_wl30           scmetro_tsmc_cl013g_rvt_ss_1p08v_125c

  Point                                    Incr       Path
  -----------------------------------------------------------
  clock MASTER_CLK (rise edge)             0.00       0.00
  clock network delay (ideal)              0.00       0.00
  input external delay                     1.15       1.15 r
  mode (in)                                0.19       1.34 r
  U26/Y (BUFX10M)                          0.85       2.20 r
  U27/Y (AND2X8M)                          0.95       3.15 r
  result[10] (out)                         0.00       3.15 r
  data arrival time                                   3.15

  clock MASTER_CLK (rise edge)             5.75       5.75
  clock network delay (ideal)              0.00       5.75
  clock uncertainty                       -0.20       5.55
  output external delay                   -1.15       4.40
  data required time                                  4.40
  -----------------------------------------------------------
  data required time                                  4.40
  data arrival time                                  -3.15
  -----------------------------------------------------------
  slack (MET)                                         1.25


  Startpoint: mode (input port clocked by MASTER_CLK)
  Endpoint: result[9] (output port clocked by MASTER_CLK)
  Path Group: INOUT
  Path Type: max

  Des/Clust/Port     Wire Load Model       Library
  ------------------------------------------------
  alu8_top           tsmc13_wl30           scmetro_tsmc_cl013g_rvt_ss_1p08v_125c

  Point                                    Incr       Path
  -----------------------------------------------------------
  clock MASTER_CLK (rise edge)             0.00       0.00
  clock network delay (ideal)              0.00       0.00
  input external delay                     1.15       1.15 r
  mode (in)                                0.19       1.34 r
  U26/Y (BUFX10M)                          0.85       2.20 r
  U23/Y (AND2X8M)                          0.95       3.15 r
  result[9] (out)                          0.00       3.15 r
  data arrival time                                   3.15

  clock MASTER_CLK (rise edge)             5.75       5.75
  clock network delay (ideal)              0.00       5.75
  clock uncertainty                       -0.20       5.55
  output external delay                   -1.15       4.40
  data required time                                  4.40
  -----------------------------------------------------------
  data required time                                  4.40
  data arrival time                                  -3.15
  -----------------------------------------------------------
  slack (MET)                                         1.25


  Startpoint: a[0] (input port clocked by MASTER_CLK)
  Endpoint: u_add/sum_reg[7]
            (rising edge-triggered flip-flop clocked by MASTER_CLK)
  Path Group: INREG
  Path Type: max

  Des/Clust/Port     Wire Load Model       Library
  ------------------------------------------------
  alu8_top           tsmc13_wl30           scmetro_tsmc_cl013g_rvt_ss_1p08v_125c

  Point                                                   Incr       Path
  --------------------------------------------------------------------------
  clock MASTER_CLK (rise edge)                            0.00       0.00
  clock network delay (ideal)                             0.00       0.00
  input external delay                                    1.15       1.15 f
  a[0] (in)                                               0.13       1.28 f
  U21/Y (BUFX14M)                                         0.19       1.47 f
  u_add/a[0] (add_unit)                                   0.00       1.47 f
  u_add/add_34/A[0] (add_unit_DW01_add_0)                 0.00       1.47 f
  u_add/add_34/U1/Y (AND2X8M)                             0.18       1.66 f
  u_add/add_34/U1_1/CO (ADDFX2M)                          0.50       2.15 f
  u_add/add_34/U1_2/CO (ADDFHX8M)                         0.32       2.47 f
  u_add/add_34/U1_3/CO (ADDFHX8M)                         0.31       2.79 f
  u_add/add_34/U1_4/CO (ADDFHX4M)                         0.31       3.09 f
  u_add/add_34/U11/Y (NAND2X2M)                           0.26       3.36 r
  u_add/add_34/U7/Y (AND2X12M)                            0.22       3.58 r
  u_add/add_34/U8/Y (NAND2X12M)                           0.13       3.72 f
  u_add/add_34/U2/Y (NAND2X4M)                            0.16       3.88 r
  u_add/add_34/U15/Y (NAND3X2M)                           0.35       4.23 f
  u_add/add_34/U1_7/S (ADDFHX4M)                          0.43       4.66 r
  u_add/add_34/SUM[7] (add_unit_DW01_add_0)               0.00       4.66 r
  u_add/U7/Y (NAND2X2M)                                   0.23       4.88 f
  u_add/U8/Y (NAND2X2M)                                   0.33       5.21 r
  u_add/sum_reg[7]/D (DFFRQX2M)                           0.00       5.21 r
  data arrival time                                                  5.21

  clock MASTER_CLK (rise edge)                            5.75       5.75
  clock network delay (ideal)                             0.00       5.75
  clock uncertainty                                      -0.20       5.55
  u_add/sum_reg[7]/CK (DFFRQX2M)                          0.00       5.55 r
  library setup time                                     -0.33       5.22
  data required time                                                 5.22
  --------------------------------------------------------------------------
  data required time                                                 5.22
  data arrival time                                                 -5.21
  --------------------------------------------------------------------------
  slack (MET)                                                        0.01


  Startpoint: b[1] (input port clocked by MASTER_CLK)
  Endpoint: u_add/cout_reg
            (rising edge-triggered flip-flop clocked by MASTER_CLK)
  Path Group: INREG
  Path Type: max

  Des/Clust/Port     Wire Load Model       Library
  ------------------------------------------------
  alu8_top           tsmc13_wl30           scmetro_tsmc_cl013g_rvt_ss_1p08v_125c

  Point                                                   Incr       Path
  --------------------------------------------------------------------------
  clock MASTER_CLK (rise edge)                            0.00       0.00
  clock network delay (ideal)                             0.00       0.00
  input external delay                                    1.15       1.15 r
  b[1] (in)                                               0.35       1.50 r
  u_add/b[1] (add_unit)                                   0.00       1.50 r
  u_add/add_34/B[1] (add_unit_DW01_add_0)                 0.00       1.50 r
  u_add/add_34/U1_1/CO (ADDFX2M)                          0.87       2.37 r
  u_add/add_34/U1_2/CO (ADDFHX8M)                         0.26       2.63 r
  u_add/add_34/U1_3/CO (ADDFHX8M)                         0.27       2.91 r
  u_add/add_34/U1_4/CO (ADDFHX4M)                         0.27       3.18 r
  u_add/add_34/U11/Y (NAND2X2M)                           0.25       3.42 f
  u_add/add_34/U7/Y (AND2X12M)                            0.27       3.70 f
  u_add/add_34/U8/Y (NAND2X12M)                           0.17       3.86 r
  u_add/add_34/U2/Y (NAND2X4M)                            0.15       4.01 f
  u_add/add_34/U15/Y (NAND3X2M)                           0.34       4.36 r
  u_add/add_34/U1_7/CO (ADDFHX4M)                         0.30       4.66 r
  u_add/add_34/SUM[8] (add_unit_DW01_add_0)               0.00       4.66 r
  u_add/U11/Y (AO22X1M)                                   0.44       5.09 r
  u_add/cout_reg/D (DFFRQX2M)                             0.00       5.09 r
  data arrival time                                                  5.09

  clock MASTER_CLK (rise edge)                            5.75       5.75
  clock network delay (ideal)                             0.00       5.75
  clock uncertainty                                      -0.20       5.55
  u_add/cout_reg/CK (DFFRQX2M)                            0.00       5.55 r
  library setup time                                     -0.35       5.20
  data required time                                                 5.20
  --------------------------------------------------------------------------
  data required time                                                 5.20
  data arrival time                                                 -5.09
  --------------------------------------------------------------------------
  slack (MET)                                                        0.11


  Startpoint: b[1] (input port clocked by MASTER_CLK)
  Endpoint: u_add/sum_reg[6]
            (rising edge-triggered flip-flop clocked by MASTER_CLK)
  Path Group: INREG
  Path Type: max

  Des/Clust/Port     Wire Load Model       Library
  ------------------------------------------------
  alu8_top           tsmc13_wl30           scmetro_tsmc_cl013g_rvt_ss_1p08v_125c

  Point                                                   Incr       Path
  --------------------------------------------------------------------------
  clock MASTER_CLK (rise edge)                            0.00       0.00
  clock network delay (ideal)                             0.00       0.00
  input external delay                                    1.15       1.15 r
  b[1] (in)                                               0.35       1.50 r
  u_add/b[1] (add_unit)                                   0.00       1.50 r
  u_add/add_34/B[1] (add_unit_DW01_add_0)                 0.00       1.50 r
  u_add/add_34/U1_1/CO (ADDFX2M)                          0.87       2.37 r
  u_add/add_34/U1_2/CO (ADDFHX8M)                         0.26       2.63 r
  u_add/add_34/U1_3/CO (ADDFHX8M)                         0.27       2.91 r
  u_add/add_34/U1_4/CO (ADDFHX4M)                         0.27       3.18 r
  u_add/add_34/U11/Y (NAND2X2M)                           0.25       3.42 f
  u_add/add_34/U7/Y (AND2X12M)                            0.27       3.70 f
  u_add/add_34/U8/Y (NAND2X12M)                           0.17       3.86 r
  u_add/add_34/U13/Y (XOR2X1M)                            0.47       4.33 r
  u_add/add_34/SUM[6] (add_unit_DW01_add_0)               0.00       4.33 r
  u_add/U3/Y (AO22X1M)                                    0.54       4.88 r
  u_add/sum_reg[6]/D (DFFRQX2M)                           0.00       4.88 r
  data arrival time                                                  4.88

  clock MASTER_CLK (rise edge)                            5.75       5.75
  clock network delay (ideal)                             0.00       5.75
  clock uncertainty                                      -0.20       5.55
  u_add/sum_reg[6]/CK (DFFRQX2M)                          0.00       5.55 r
  library setup time                                     -0.35       5.20
  data required time                                                 5.20
  --------------------------------------------------------------------------
  data required time                                                 5.20
  data arrival time                                                 -4.88
  --------------------------------------------------------------------------
  slack (MET)                                                        0.32


  Startpoint: b[1] (input port clocked by MASTER_CLK)
  Endpoint: u_add/sum_reg[5]
            (rising edge-triggered flip-flop clocked by MASTER_CLK)
  Path Group: INREG
  Path Type: max

  Des/Clust/Port     Wire Load Model       Library
  ------------------------------------------------
  alu8_top           tsmc13_wl30           scmetro_tsmc_cl013g_rvt_ss_1p08v_125c

  Point                                                   Incr       Path
  --------------------------------------------------------------------------
  clock MASTER_CLK (rise edge)                            0.00       0.00
  clock network delay (ideal)                             0.00       0.00
  input external delay                                    1.15       1.15 r
  b[1] (in)                                               0.35       1.50 r
  u_add/b[1] (add_unit)                                   0.00       1.50 r
  u_add/add_34/B[1] (add_unit_DW01_add_0)                 0.00       1.50 r
  u_add/add_34/U1_1/CO (ADDFX2M)                          0.87       2.37 r
  u_add/add_34/U1_2/CO (ADDFHX8M)                         0.26       2.63 r
  u_add/add_34/U1_3/CO (ADDFHX8M)                         0.27       2.91 r
  u_add/add_34/U3/CO (ADDFX4M)                            0.56       3.47 r
  u_add/add_34/U6/Y (XOR2X1M)                             0.52       3.99 r
  u_add/add_34/SUM[5] (add_unit_DW01_add_0)               0.00       3.99 r
  u_add/U10/Y (AO22X1M)                                   0.54       4.53 r
  u_add/sum_reg[5]/D (DFFRQX2M)                           0.00       4.53 r
  data arrival time                                                  4.53

  clock MASTER_CLK (rise edge)                            5.75       5.75
  clock network delay (ideal)                             0.00       5.75
  clock uncertainty                                      -0.20       5.55
  u_add/sum_reg[5]/CK (DFFRQX2M)                          0.00       5.55 r
  library setup time                                     -0.35       5.20
  data required time                                                 5.20
  --------------------------------------------------------------------------
  data required time                                                 5.20
  data arrival time                                                 -4.53
  --------------------------------------------------------------------------
  slack (MET)                                                        0.67


  Startpoint: b[1] (input port clocked by MASTER_CLK)
  Endpoint: u_add/sum_reg[4]
            (rising edge-triggered flip-flop clocked by MASTER_CLK)
  Path Group: INREG
  Path Type: max

  Des/Clust/Port     Wire Load Model       Library
  ------------------------------------------------
  alu8_top           tsmc13_wl30           scmetro_tsmc_cl013g_rvt_ss_1p08v_125c

  Point                                                   Incr       Path
  --------------------------------------------------------------------------
  clock MASTER_CLK (rise edge)                            0.00       0.00
  clock network delay (ideal)                             0.00       0.00
  input external delay                                    1.15       1.15 r
  b[1] (in)                                               0.35       1.50 r
  u_add/b[1] (add_unit)                                   0.00       1.50 r
  u_add/add_34/B[1] (add_unit_DW01_add_0)                 0.00       1.50 r
  u_add/add_34/U1_1/CO (ADDFX2M)                          0.87       2.37 r
  u_add/add_34/U1_2/CO (ADDFHX8M)                         0.26       2.63 r
  u_add/add_34/U1_3/CO (ADDFHX8M)                         0.27       2.91 r
  u_add/add_34/U1_4/S (ADDFHX4M)                          0.30       3.21 f
  u_add/add_34/SUM[4] (add_unit_DW01_add_0)               0.00       3.21 f
  u_add/U9/Y (AO22X1M)                                    0.61       3.81 f
  u_add/sum_reg[4]/D (DFFRQX2M)                           0.00       3.81 f
  data arrival time                                                  3.81

  clock MASTER_CLK (rise edge)                            5.75       5.75
  clock network delay (ideal)                             0.00       5.75
  clock uncertainty                                      -0.20       5.55
  u_add/sum_reg[4]/CK (DFFRQX2M)                          0.00       5.55 r
  library setup time                                     -0.20       5.35
  data required time                                                 5.35
  --------------------------------------------------------------------------
  data required time                                                 5.35
  data arrival time                                                 -3.81
  --------------------------------------------------------------------------
  slack (MET)                                                        1.53


  Startpoint: b[1] (input port clocked by MASTER_CLK)
  Endpoint: u_add/sum_reg[3]
            (rising edge-triggered flip-flop clocked by MASTER_CLK)
  Path Group: INREG
  Path Type: max

  Des/Clust/Port     Wire Load Model       Library
  ------------------------------------------------
  alu8_top           tsmc13_wl30           scmetro_tsmc_cl013g_rvt_ss_1p08v_125c

  Point                                                   Incr       Path
  --------------------------------------------------------------------------
  clock MASTER_CLK (rise edge)                            0.00       0.00
  clock network delay (ideal)                             0.00       0.00
  input external delay                                    1.15       1.15 r
  b[1] (in)                                               0.35       1.50 r
  u_add/b[1] (add_unit)                                   0.00       1.50 r
  u_add/add_34/B[1] (add_unit_DW01_add_0)                 0.00       1.50 r
  u_add/add_34/U1_1/CO (ADDFX2M)                          0.87       2.37 r
  u_add/add_34/U1_2/CO (ADDFHX8M)                         0.26       2.63 r
  u_add/add_34/U1_3/S (ADDFHX8M)                          0.37       3.00 f
  u_add/add_34/SUM[3] (add_unit_DW01_add_0)               0.00       3.00 f
  u_add/U16/Y (AO22X1M)                                   0.61       3.61 f
  u_add/sum_reg[3]/D (DFFRQX2M)                           0.00       3.61 f
  data arrival time                                                  3.61

  clock MASTER_CLK (rise edge)                            5.75       5.75
  clock network delay (ideal)                             0.00       5.75
  clock uncertainty                                      -0.20       5.55
  u_add/sum_reg[3]/CK (DFFRQX2M)                          0.00       5.55 r
  library setup time                                     -0.20       5.35
  data required time                                                 5.35
  --------------------------------------------------------------------------
  data required time                                                 5.35
  data arrival time                                                 -3.61
  --------------------------------------------------------------------------
  slack (MET)                                                        1.73


  Startpoint: b[1] (input port clocked by MASTER_CLK)
  Endpoint: u_add/sum_reg[2]
            (rising edge-triggered flip-flop clocked by MASTER_CLK)
  Path Group: INREG
  Path Type: max

  Des/Clust/Port     Wire Load Model       Library
  ------------------------------------------------
  alu8_top           tsmc13_wl30           scmetro_tsmc_cl013g_rvt_ss_1p08v_125c

  Point                                                   Incr       Path
  --------------------------------------------------------------------------
  clock MASTER_CLK (rise edge)                            0.00       0.00
  clock network delay (ideal)                             0.00       0.00
  input external delay                                    1.15       1.15 r
  b[1] (in)                                               0.35       1.50 r
  u_add/b[1] (add_unit)                                   0.00       1.50 r
  u_add/add_34/B[1] (add_unit_DW01_add_0)                 0.00       1.50 r
  u_add/add_34/U1_1/CO (ADDFX2M)                          0.87       2.37 r
  u_add/add_34/U1_2/S (ADDFHX8M)                          0.40       2.77 f
  u_add/add_34/SUM[2] (add_unit_DW01_add_0)               0.00       2.77 f
  u_add/U15/Y (AO22X1M)                                   0.61       3.38 f
  u_add/sum_reg[2]/D (DFFRQX2M)                           0.00       3.38 f
  data arrival time                                                  3.38

  clock MASTER_CLK (rise edge)                            5.75       5.75
  clock network delay (ideal)                             0.00       5.75
  clock uncertainty                                      -0.20       5.55
  u_add/sum_reg[2]/CK (DFFRQX2M)                          0.00       5.55 r
  library setup time                                     -0.20       5.35
  data required time                                                 5.35
  --------------------------------------------------------------------------
  data required time                                                 5.35
  data arrival time                                                 -3.38
  --------------------------------------------------------------------------
  slack (MET)                                                        1.97


  Startpoint: b[1] (input port clocked by MASTER_CLK)
  Endpoint: u_add/sum_reg[1]
            (rising edge-triggered flip-flop clocked by MASTER_CLK)
  Path Group: INREG
  Path Type: max

  Des/Clust/Port     Wire Load Model       Library
  ------------------------------------------------
  alu8_top           tsmc13_wl30           scmetro_tsmc_cl013g_rvt_ss_1p08v_125c

  Point                                                   Incr       Path
  --------------------------------------------------------------------------
  clock MASTER_CLK (rise edge)                            0.00       0.00
  clock network delay (ideal)                             0.00       0.00
  input external delay                                    1.15       1.15 r
  b[1] (in)                                               0.35       1.50 r
  u_add/b[1] (add_unit)                                   0.00       1.50 r
  u_add/add_34/B[1] (add_unit_DW01_add_0)                 0.00       1.50 r
  u_add/add_34/U1_1/S (ADDFX2M)                           0.81       2.31 f
  u_add/add_34/SUM[1] (add_unit_DW01_add_0)               0.00       2.31 f
  u_add/U14/Y (AO22X1M)                                   0.64       2.96 f
  u_add/sum_reg[1]/D (DFFRQX2M)                           0.00       2.96 f
  data arrival time                                                  2.96

  clock MASTER_CLK (rise edge)                            5.75       5.75
  clock network delay (ideal)                             0.00       5.75
  clock uncertainty                                      -0.20       5.55
  u_add/sum_reg[1]/CK (DFFRQX2M)                          0.00       5.55 r
  library setup time                                     -0.20       5.35
  data required time                                                 5.35
  --------------------------------------------------------------------------
  data required time                                                 5.35
  data arrival time                                                 -2.96
  --------------------------------------------------------------------------
  slack (MET)                                                        2.39


  Startpoint: a[0] (input port clocked by MASTER_CLK)
  Endpoint: u_add/sum_reg[0]
            (rising edge-triggered flip-flop clocked by MASTER_CLK)
  Path Group: INREG
  Path Type: max

  Des/Clust/Port     Wire Load Model       Library
  ------------------------------------------------
  alu8_top           tsmc13_wl30           scmetro_tsmc_cl013g_rvt_ss_1p08v_125c

  Point                                                   Incr       Path
  --------------------------------------------------------------------------
  clock MASTER_CLK (rise edge)                            0.00       0.00
  clock network delay (ideal)                             0.00       0.00
  input external delay                                    1.15       1.15 r
  a[0] (in)                                               0.21       1.36 r
  U21/Y (BUFX14M)                                         0.22       1.58 r
  u_add/a[0] (add_unit)                                   0.00       1.58 r
  u_add/add_34/A[0] (add_unit_DW01_add_0)                 0.00       1.58 r
  u_add/add_34/U16/Y (CLKXOR2X2M)                         0.51       2.08 f
  u_add/add_34/SUM[0] (add_unit_DW01_add_0)               0.00       2.08 f
  u_add/U12/Y (AO22X1M)                                   0.69       2.77 f
  u_add/sum_reg[0]/D (DFFRQX2M)                           0.00       2.77 f
  data arrival time                                                  2.77

  clock MASTER_CLK (rise edge)                            5.75       5.75
  clock network delay (ideal)                             0.00       5.75
  clock uncertainty                                      -0.20       5.55
  u_add/sum_reg[0]/CK (DFFRQX2M)                          0.00       5.55 r
  library setup time                                     -0.20       5.35
  data required time                                                 5.35
  --------------------------------------------------------------------------
  data required time                                                 5.35
  data arrival time                                                 -2.77
  --------------------------------------------------------------------------
  slack (MET)                                                        2.57


  Startpoint: b[6] (input port clocked by MASTER_CLK)
  Endpoint: u_mul/b_reg_reg[6]
            (rising edge-triggered flip-flop clocked by MASTER_CLK)
  Path Group: INREG
  Path Type: max

  Des/Clust/Port     Wire Load Model       Library
  ------------------------------------------------
  alu8_top           tsmc13_wl30           scmetro_tsmc_cl013g_rvt_ss_1p08v_125c

  Point                                    Incr       Path
  -----------------------------------------------------------
  clock MASTER_CLK (rise edge)             0.00       0.00
  clock network delay (ideal)              0.00       0.00
  input external delay                     1.15       1.15 r
  b[6] (in)                                0.69       1.84 r
  u_mul/b[6] (mult_unit)                   0.00       1.84 r
  u_mul/b_reg_reg[6]/D (DFFRX2M)           0.00       1.84 r
  data arrival time                                   1.84

  clock MASTER_CLK (rise edge)             5.75       5.75
  clock network delay (ideal)              0.00       5.75
  clock uncertainty                       -0.20       5.55
  u_mul/b_reg_reg[6]/CK (DFFRX2M)          0.00       5.55 r
  library setup time                      -0.38       5.17
  data required time                                  5.17
  -----------------------------------------------------------
  data required time                                  5.17
  data arrival time                                  -1.84
  -----------------------------------------------------------
  slack (MET)                                         3.33


  Startpoint: b[5] (input port clocked by MASTER_CLK)
  Endpoint: u_mul/b_reg_reg[5]
            (rising edge-triggered flip-flop clocked by MASTER_CLK)
  Path Group: INREG
  Path Type: max

  Des/Clust/Port     Wire Load Model       Library
  ------------------------------------------------
  alu8_top           tsmc13_wl30           scmetro_tsmc_cl013g_rvt_ss_1p08v_125c

  Point                                    Incr       Path
  -----------------------------------------------------------
  clock MASTER_CLK (rise edge)             0.00       0.00
  clock network delay (ideal)              0.00       0.00
  input external delay                     1.15       1.15 r
  b[5] (in)                                0.77       1.92 r
  u_mul/b[5] (mult_unit)                   0.00       1.92 r
  u_mul/b_reg_reg[5]/D (DFFRHQX8M)         0.00       1.92 r
  data arrival time                                   1.92

  clock MASTER_CLK (rise edge)             5.75       5.75
  clock network delay (ideal)              0.00       5.75
  clock uncertainty                       -0.20       5.55
  u_mul/b_reg_reg[5]/CK (DFFRHQX8M)        0.00       5.55 r
  library setup time                      -0.24       5.31
  data required time                                  5.31
  -----------------------------------------------------------
  data required time                                  5.31
  data arrival time                                  -1.92
  -----------------------------------------------------------
  slack (MET)                                         3.38


  Startpoint: a[6] (input port clocked by MASTER_CLK)
  Endpoint: u_mul/a_reg_reg[6]
            (rising edge-triggered flip-flop clocked by MASTER_CLK)
  Path Group: INREG
  Path Type: max

  Des/Clust/Port     Wire Load Model       Library
  ------------------------------------------------
  alu8_top           tsmc13_wl30           scmetro_tsmc_cl013g_rvt_ss_1p08v_125c

  Point                                    Incr       Path
  -----------------------------------------------------------
  clock MASTER_CLK (rise edge)             0.00       0.00
  clock network delay (ideal)              0.00       0.00
  input external delay                     1.15       1.15 r
  a[6] (in)                                0.72       1.87 r
  u_mul/a[6] (mult_unit)                   0.00       1.87 r
  u_mul/a_reg_reg[6]/D (DFFRHQX8M)         0.00       1.87 r
  data arrival time                                   1.87

  clock MASTER_CLK (rise edge)             5.75       5.75
  clock network delay (ideal)              0.00       5.75
  clock uncertainty                       -0.20       5.55
  u_mul/a_reg_reg[6]/CK (DFFRHQX8M)        0.00       5.55 r
  library setup time                      -0.24       5.31
  data required time                                  5.31
  -----------------------------------------------------------
  data required time                                  5.31
  data arrival time                                  -1.87
  -----------------------------------------------------------
  slack (MET)                                         3.43


  Startpoint: a[5] (input port clocked by MASTER_CLK)
  Endpoint: u_mul/a_reg_reg[5]
            (rising edge-triggered flip-flop clocked by MASTER_CLK)
  Path Group: INREG
  Path Type: max

  Des/Clust/Port     Wire Load Model       Library
  ------------------------------------------------
  alu8_top           tsmc13_wl30           scmetro_tsmc_cl013g_rvt_ss_1p08v_125c

  Point                                    Incr       Path
  -----------------------------------------------------------
  clock MASTER_CLK (rise edge)             0.00       0.00
  clock network delay (ideal)              0.00       0.00
  input external delay                     1.15       1.15 r
  a[5] (in)                                0.68       1.83 r
  u_mul/a[5] (mult_unit)                   0.00       1.83 r
  u_mul/a_reg_reg[5]/D (DFFRHQX8M)         0.00       1.83 r
  data arrival time                                   1.83

  clock MASTER_CLK (rise edge)             5.75       5.75
  clock network delay (ideal)              0.00       5.75
  clock uncertainty                       -0.20       5.55
  u_mul/a_reg_reg[5]/CK (DFFRHQX8M)        0.00       5.55 r
  library setup time                      -0.24       5.31
  data required time                                  5.31
  -----------------------------------------------------------
  data required time                                  5.31
  data arrival time                                  -1.83
  -----------------------------------------------------------
  slack (MET)                                         3.48


  Startpoint: b[4] (input port clocked by MASTER_CLK)
  Endpoint: u_mul/b_reg_reg[4]
            (rising edge-triggered flip-flop clocked by MASTER_CLK)
  Path Group: INREG
  Path Type: max

  Des/Clust/Port     Wire Load Model       Library
  ------------------------------------------------
  alu8_top           tsmc13_wl30           scmetro_tsmc_cl013g_rvt_ss_1p08v_125c

  Point                                    Incr       Path
  -----------------------------------------------------------
  clock MASTER_CLK (rise edge)             0.00       0.00
  clock network delay (ideal)              0.00       0.00
  input external delay                     1.15       1.15 r
  b[4] (in)                                0.61       1.76 r
  u_mul/b[4] (mult_unit)                   0.00       1.76 r
  u_mul/b_reg_reg[4]/D (DFFRHQX8M)         0.00       1.76 r
  data arrival time                                   1.76

  clock MASTER_CLK (rise edge)             5.75       5.75
  clock network delay (ideal)              0.00       5.75
  clock uncertainty                       -0.20       5.55
  u_mul/b_reg_reg[4]/CK (DFFRHQX8M)        0.00       5.55 r
  library setup time                      -0.23       5.32
  data required time                                  5.32
  -----------------------------------------------------------
  data required time                                  5.32
  data arrival time                                  -1.76
  -----------------------------------------------------------
  slack (MET)                                         3.55


  Startpoint: a[4] (input port clocked by MASTER_CLK)
  Endpoint: u_mul/a_reg_reg[4]
            (rising edge-triggered flip-flop clocked by MASTER_CLK)
  Path Group: INREG
  Path Type: max

  Des/Clust/Port     Wire Load Model       Library
  ------------------------------------------------
  alu8_top           tsmc13_wl30           scmetro_tsmc_cl013g_rvt_ss_1p08v_125c

  Point                                    Incr       Path
  -----------------------------------------------------------
  clock MASTER_CLK (rise edge)             0.00       0.00
  clock network delay (ideal)              0.00       0.00
  input external delay                     1.15       1.15 r
  a[4] (in)                                0.57       1.72 r
  u_mul/a[4] (mult_unit)                   0.00       1.72 r
  u_mul/a_reg_reg[4]/D (DFFRHQX8M)         0.00       1.72 r
  data arrival time                                   1.72

  clock MASTER_CLK (rise edge)             5.75       5.75
  clock network delay (ideal)              0.00       5.75
  clock uncertainty                       -0.20       5.55
  u_mul/a_reg_reg[4]/CK (DFFRHQX8M)        0.00       5.55 r
  library setup time                      -0.23       5.32
  data required time                                  5.32
  -----------------------------------------------------------
  data required time                                  5.32
  data arrival time                                  -1.72
  -----------------------------------------------------------
  slack (MET)                                         3.60


  Startpoint: a[3] (input port clocked by MASTER_CLK)
  Endpoint: u_mul/a_reg_reg[3]
            (rising edge-triggered flip-flop clocked by MASTER_CLK)
  Path Group: INREG
  Path Type: max

  Des/Clust/Port     Wire Load Model       Library
  ------------------------------------------------
  alu8_top           tsmc13_wl30           scmetro_tsmc_cl013g_rvt_ss_1p08v_125c

  Point                                    Incr       Path
  -----------------------------------------------------------
  clock MASTER_CLK (rise edge)             0.00       0.00
  clock network delay (ideal)              0.00       0.00
  input external delay                     1.15       1.15 r
  a[3] (in)                                0.46       1.61 r
  u_mul/a[3] (mult_unit)                   0.00       1.61 r
  u_mul/a_reg_reg[3]/D (DFFRHQX8M)         0.00       1.61 r
  data arrival time                                   1.61

  clock MASTER_CLK (rise edge)             5.75       5.75
  clock network delay (ideal)              0.00       5.75
  clock uncertainty                       -0.20       5.55
  u_mul/a_reg_reg[3]/CK (DFFRHQX8M)        0.00       5.55 r
  library setup time                      -0.22       5.33
  data required time                                  5.33
  -----------------------------------------------------------
  data required time                                  5.33
  data arrival time                                  -1.61
  -----------------------------------------------------------
  slack (MET)                                         3.72


  Startpoint: a[2] (input port clocked by MASTER_CLK)
  Endpoint: u_mul/a_reg_reg[2]
            (rising edge-triggered flip-flop clocked by MASTER_CLK)
  Path Group: INREG
  Path Type: max

  Des/Clust/Port     Wire Load Model       Library
  ------------------------------------------------
  alu8_top           tsmc13_wl30           scmetro_tsmc_cl013g_rvt_ss_1p08v_125c

  Point                                    Incr       Path
  -----------------------------------------------------------
  clock MASTER_CLK (rise edge)             0.00       0.00
  clock network delay (ideal)              0.00       0.00
  input external delay                     1.15       1.15 r
  a[2] (in)                                0.46       1.61 r
  u_mul/a[2] (mult_unit)                   0.00       1.61 r
  u_mul/a_reg_reg[2]/D (DFFRHQX8M)         0.00       1.61 r
  data arrival time                                   1.61

  clock MASTER_CLK (rise edge)             5.75       5.75
  clock network delay (ideal)              0.00       5.75
  clock uncertainty                       -0.20       5.55
  u_mul/a_reg_reg[2]/CK (DFFRHQX8M)        0.00       5.55 r
  library setup time                      -0.22       5.33
  data required time                                  5.33
  -----------------------------------------------------------
  data required time                                  5.33
  data arrival time                                  -1.61
  -----------------------------------------------------------
  slack (MET)                                         3.72


  Startpoint: b[7] (input port clocked by MASTER_CLK)
  Endpoint: u_mul/b_reg_reg[7]
            (rising edge-triggered flip-flop clocked by MASTER_CLK)
  Path Group: INREG
  Path Type: max

  Des/Clust/Port     Wire Load Model       Library
  ------------------------------------------------
  alu8_top           tsmc13_wl30           scmetro_tsmc_cl013g_rvt_ss_1p08v_125c

  Point                                    Incr       Path
  -----------------------------------------------------------
  clock MASTER_CLK (rise edge)             0.00       0.00
  clock network delay (ideal)              0.00       0.00
  input external delay                     1.15       1.15 r
  b[7] (in)                                0.44       1.59 r
  u_mul/b[7] (mult_unit)                   0.00       1.59 r
  u_mul/b_reg_reg[7]/D (DFFRHQX8M)         0.00       1.59 r
  data arrival time                                   1.59

  clock MASTER_CLK (rise edge)             5.75       5.75
  clock network delay (ideal)              0.00       5.75
  clock uncertainty                       -0.20       5.55
  u_mul/b_reg_reg[7]/CK (DFFRHQX8M)        0.00       5.55 r
  library setup time                      -0.22       5.33
  data required time                                  5.33
  -----------------------------------------------------------
  data required time                                  5.33
  data arrival time                                  -1.59
  -----------------------------------------------------------
  slack (MET)                                         3.74


  Startpoint: b[2] (input port clocked by MASTER_CLK)
  Endpoint: u_mul/b_reg_reg[2]
            (rising edge-triggered flip-flop clocked by MASTER_CLK)
  Path Group: INREG
  Path Type: max

  Des/Clust/Port     Wire Load Model       Library
  ------------------------------------------------
  alu8_top           tsmc13_wl30           scmetro_tsmc_cl013g_rvt_ss_1p08v_125c

  Point                                    Incr       Path
  -----------------------------------------------------------
  clock MASTER_CLK (rise edge)             0.00       0.00
  clock network delay (ideal)              0.00       0.00
  input external delay                     1.15       1.15 r
  b[2] (in)                                0.42       1.57 r
  u_mul/b[2] (mult_unit)                   0.00       1.57 r
  u_mul/b_reg_reg[2]/D (DFFRHQX8M)         0.00       1.57 r
  data arrival time                                   1.57

  clock MASTER_CLK (rise edge)             5.75       5.75
  clock network delay (ideal)              0.00       5.75
  clock uncertainty                       -0.20       5.55
  u_mul/b_reg_reg[2]/CK (DFFRHQX8M)        0.00       5.55 r
  library setup time                      -0.22       5.33
  data required time                                  5.33
  -----------------------------------------------------------
  data required time                                  5.33
  data arrival time                                  -1.57
  -----------------------------------------------------------
  slack (MET)                                         3.76


  Startpoint: b[3] (input port clocked by MASTER_CLK)
  Endpoint: u_mul/b_reg_reg[3]
            (rising edge-triggered flip-flop clocked by MASTER_CLK)
  Path Group: INREG
  Path Type: max

  Des/Clust/Port     Wire Load Model       Library
  ------------------------------------------------
  alu8_top           tsmc13_wl30           scmetro_tsmc_cl013g_rvt_ss_1p08v_125c

  Point                                    Incr       Path
  -----------------------------------------------------------
  clock MASTER_CLK (rise edge)             0.00       0.00
  clock network delay (ideal)              0.00       0.00
  input external delay                     1.15       1.15 r
  b[3] (in)                                0.42       1.57 r
  u_mul/b[3] (mult_unit)                   0.00       1.57 r
  u_mul/b_reg_reg[3]/D (DFFRHQX8M)         0.00       1.57 r
  data arrival time                                   1.57

  clock MASTER_CLK (rise edge)             5.75       5.75
  clock network delay (ideal)              0.00       5.75
  clock uncertainty                       -0.20       5.55
  u_mul/b_reg_reg[3]/CK (DFFRHQX8M)        0.00       5.55 r
  library setup time                      -0.22       5.33
  data required time                                  5.33
  -----------------------------------------------------------
  data required time                                  5.33
  data arrival time                                  -1.57
  -----------------------------------------------------------
  slack (MET)                                         3.76


  Startpoint: a[7] (input port clocked by MASTER_CLK)
  Endpoint: u_mul/a_reg_reg[7]
            (rising edge-triggered flip-flop clocked by MASTER_CLK)
  Path Group: INREG
  Path Type: max

  Des/Clust/Port     Wire Load Model       Library
  ------------------------------------------------
  alu8_top           tsmc13_wl30           scmetro_tsmc_cl013g_rvt_ss_1p08v_125c

  Point                                    Incr       Path
  -----------------------------------------------------------
  clock MASTER_CLK (rise edge)             0.00       0.00
  clock network delay (ideal)              0.00       0.00
  input external delay                     1.15       1.15 r
  a[7] (in)                                0.40       1.55 r
  u_mul/a[7] (mult_unit)                   0.00       1.55 r
  u_mul/a_reg_reg[7]/D (DFFRHQX8M)         0.00       1.55 r
  data arrival time                                   1.55

  clock MASTER_CLK (rise edge)             5.75       5.75
  clock network delay (ideal)              0.00       5.75
  clock uncertainty                       -0.20       5.55
  u_mul/a_reg_reg[7]/CK (DFFRHQX8M)        0.00       5.55 r
  library setup time                      -0.22       5.33
  data required time                                  5.33
  -----------------------------------------------------------
  data required time                                  5.33
  data arrival time                                  -1.55
  -----------------------------------------------------------
  slack (MET)                                         3.79


  Startpoint: b[0] (input port clocked by MASTER_CLK)
  Endpoint: u_mul/b_reg_reg[0]
            (rising edge-triggered flip-flop clocked by MASTER_CLK)
  Path Group: INREG
  Path Type: max

  Des/Clust/Port     Wire Load Model       Library
  ------------------------------------------------
  alu8_top           tsmc13_wl30           scmetro_tsmc_cl013g_rvt_ss_1p08v_125c

  Point                                    Incr       Path
  -----------------------------------------------------------
  clock MASTER_CLK (rise edge)             0.00       0.00
  clock network delay (ideal)              0.00       0.00
  input external delay                     1.15       1.15 r
  b[0] (in)                                0.21       1.36 r
  U20/Y (BUFX14M)                          0.22       1.58 r
  u_mul/b[0] (mult_unit)                   0.00       1.58 r
  u_mul/b_reg_reg[0]/D (DFFRHQX8M)         0.00       1.58 r
  data arrival time                                   1.58

  clock MASTER_CLK (rise edge)             5.75       5.75
  clock network delay (ideal)              0.00       5.75
  clock uncertainty                       -0.20       5.55
  u_mul/b_reg_reg[0]/CK (DFFRHQX8M)        0.00       5.55 r
  library setup time                      -0.17       5.38
  data required time                                  5.38
  -----------------------------------------------------------
  data required time                                  5.38
  data arrival time                                  -1.58
  -----------------------------------------------------------
  slack (MET)                                         3.80


  Startpoint: a[0] (input port clocked by MASTER_CLK)
  Endpoint: u_mul/a_reg_reg[0]
            (rising edge-triggered flip-flop clocked by MASTER_CLK)
  Path Group: INREG
  Path Type: max

  Des/Clust/Port     Wire Load Model       Library
  ------------------------------------------------
  alu8_top           tsmc13_wl30           scmetro_tsmc_cl013g_rvt_ss_1p08v_125c

  Point                                    Incr       Path
  -----------------------------------------------------------
  clock MASTER_CLK (rise edge)             0.00       0.00
  clock network delay (ideal)              0.00       0.00
  input external delay                     1.15       1.15 r
  a[0] (in)                                0.21       1.36 r
  U21/Y (BUFX14M)                          0.22       1.58 r
  u_mul/a[0] (mult_unit)                   0.00       1.58 r
  u_mul/a_reg_reg[0]/D (DFFRHQX8M)         0.00       1.58 r
  data arrival time                                   1.58

  clock MASTER_CLK (rise edge)             5.75       5.75
  clock network delay (ideal)              0.00       5.75
  clock uncertainty                       -0.20       5.55
  u_mul/a_reg_reg[0]/CK (DFFRHQX8M)        0.00       5.55 r
  library setup time                      -0.17       5.38
  data required time                                  5.38
  -----------------------------------------------------------
  data required time                                  5.38
  data arrival time                                  -1.58
  -----------------------------------------------------------
  slack (MET)                                         3.80


  Startpoint: a[1] (input port clocked by MASTER_CLK)
  Endpoint: u_mul/a_reg_reg[1]
            (rising edge-triggered flip-flop clocked by MASTER_CLK)
  Path Group: INREG
  Path Type: max

  Des/Clust/Port     Wire Load Model       Library
  ------------------------------------------------
  alu8_top           tsmc13_wl30           scmetro_tsmc_cl013g_rvt_ss_1p08v_125c

  Point                                    Incr       Path
  -----------------------------------------------------------
  clock MASTER_CLK (rise edge)             0.00       0.00
  clock network delay (ideal)              0.00       0.00
  input external delay                     1.15       1.15 r
  a[1] (in)                                0.35       1.50 r
  u_mul/a[1] (mult_unit)                   0.00       1.50 r
  u_mul/a_reg_reg[1]/D (DFFRHQX8M)         0.00       1.50 r
  data arrival time                                   1.50

  clock MASTER_CLK (rise edge)             5.75       5.75
  clock network delay (ideal)              0.00       5.75
  clock uncertainty                       -0.20       5.55
  u_mul/a_reg_reg[1]/CK (DFFRHQX8M)        0.00       5.55 r
  library setup time                      -0.22       5.33
  data required time                                  5.33
  -----------------------------------------------------------
  data required time                                  5.33
  data arrival time                                  -1.50
  -----------------------------------------------------------
  slack (MET)                                         3.83


  Startpoint: b[1] (input port clocked by MASTER_CLK)
  Endpoint: u_mul/b_reg_reg[1]
            (rising edge-triggered flip-flop clocked by MASTER_CLK)
  Path Group: INREG
  Path Type: max

  Des/Clust/Port     Wire Load Model       Library
  ------------------------------------------------
  alu8_top           tsmc13_wl30           scmetro_tsmc_cl013g_rvt_ss_1p08v_125c

  Point                                    Incr       Path
  -----------------------------------------------------------
  clock MASTER_CLK (rise edge)             0.00       0.00
  clock network delay (ideal)              0.00       0.00
  input external delay                     1.15       1.15 r
  b[1] (in)                                0.35       1.50 r
  u_mul/b[1] (mult_unit)                   0.00       1.50 r
  u_mul/b_reg_reg[1]/D (DFFRHQX8M)         0.00       1.50 r
  data arrival time                                   1.50

  clock MASTER_CLK (rise edge)             5.75       5.75
  clock network delay (ideal)              0.00       5.75
  clock uncertainty                       -0.20       5.55
  u_mul/b_reg_reg[1]/CK (DFFRHQX8M)        0.00       5.55 r
  library setup time                      -0.22       5.33
  data required time                                  5.33
  -----------------------------------------------------------
  data required time                                  5.33
  data arrival time                                  -1.50
  -----------------------------------------------------------
  slack (MET)                                         3.84


  Startpoint: add_en (input port clocked by MASTER_CLK)
  Endpoint: u_add/en_reg_reg
            (rising edge-triggered flip-flop clocked by MASTER_CLK)
  Path Group: INREG
  Path Type: max

  Des/Clust/Port     Wire Load Model       Library
  ------------------------------------------------
  alu8_top           tsmc13_wl30           scmetro_tsmc_cl013g_rvt_ss_1p08v_125c

  Point                                    Incr       Path
  -----------------------------------------------------------
  clock MASTER_CLK (rise edge)             0.00       0.00
  clock network delay (ideal)              0.00       0.00
  input external delay                     1.15       1.15 r
  add_en (in)                              0.17       1.32 r
  u_add/en (add_unit)                      0.00       1.32 r
  u_add/en_reg_reg/D (DFFRQX2M)            0.00       1.32 r
  data arrival time                                   1.32

  clock MASTER_CLK (rise edge)             5.75       5.75
  clock network delay (ideal)              0.00       5.75
  clock uncertainty                       -0.20       5.55
  u_add/en_reg_reg/CK (DFFRQX2M)           0.00       5.55 r
  library setup time                      -0.33       5.22
  data required time                                  5.22
  -----------------------------------------------------------
  data required time                                  5.22
  data arrival time                                  -1.32
  -----------------------------------------------------------
  slack (MET)                                         3.90


  Startpoint: mul_en (input port clocked by MASTER_CLK)
  Endpoint: u_mul/en_reg_reg
            (rising edge-triggered flip-flop clocked by MASTER_CLK)
  Path Group: INREG
  Path Type: max

  Des/Clust/Port     Wire Load Model       Library
  ------------------------------------------------
  alu8_top           tsmc13_wl30           scmetro_tsmc_cl013g_rvt_ss_1p08v_125c

  Point                                    Incr       Path
  -----------------------------------------------------------
  clock MASTER_CLK (rise edge)             0.00       0.00
  clock network delay (ideal)              0.00       0.00
  input external delay                     1.15       1.15 r
  mul_en (in)                              0.17       1.32 r
  u_mul/en (mult_unit)                     0.00       1.32 r
  u_mul/en_reg_reg/D (DFFRQX2M)            0.00       1.32 r
  data arrival time                                   1.32

  clock MASTER_CLK (rise edge)             5.75       5.75
  clock network delay (ideal)              0.00       5.75
  clock uncertainty                       -0.20       5.55
  u_mul/en_reg_reg/CK (DFFRQX2M)           0.00       5.55 r
  library setup time                      -0.33       5.22
  data required time                                  5.22
  -----------------------------------------------------------
  data required time                                  5.22
  data arrival time                                  -1.32
  -----------------------------------------------------------
  slack (MET)                                         3.90


  Startpoint: u_mul/a_reg_reg[3]
              (rising edge-triggered flip-flop clocked by MASTER_CLK)
  Endpoint: u_mul/product_reg[15]
            (rising edge-triggered flip-flop clocked by MASTER_CLK)
  Path Group: MASTER_CLK
  Path Type: max

  Des/Clust/Port     Wire Load Model       Library
  ------------------------------------------------
  alu8_top           tsmc13_wl30           scmetro_tsmc_cl013g_rvt_ss_1p08v_125c

  Point                                                   Incr       Path
  --------------------------------------------------------------------------
  clock MASTER_CLK (rise edge)                            0.00       0.00
  clock network delay (ideal)                             0.00       0.00
  u_mul/a_reg_reg[3]/CK (DFFRHQX8M)                       0.00       0.00 r
  u_mul/a_reg_reg[3]/Q (DFFRHQX8M)                        0.40       0.40 r
  u_mul/U246/Y (BUFX32M)                                  0.17       0.57 r
  u_mul/U249/Y (INVX32M)                                  0.09       0.66 f
  u_mul/U260/Y (OR3X12M)                                  0.31       0.97 f
  u_mul/U255/Y (AOI21BX8M)                                0.28       1.25 r
  u_mul/U253/Y (OAI211X8M)                                0.15       1.40 f
  u_mul/U254/Y (OAI211X8M)                                0.25       1.65 r
  u_mul/U93/Y (INVX20M)                                   0.19       1.84 f
  u_mul/U333/Y (XOR2X8M)                                  0.22       2.06 f
  u_mul/U530/Y (AOI211X4M)                                0.61       2.67 r
  u_mul/U272/Y (OAI32X4M)                                 0.28       2.95 f
  u_mul/U43/Y (BUFX14M)                                   0.22       3.17 f
  u_mul/U359/Y (AOI21BX8M)                                0.34       3.51 r
  u_mul/U308/Y (CLKXOR2X8M)                               0.32       3.83 f
  u_mul/U374/Y (CLKXOR2X16M)                              0.34       4.17 r
  u_mul/add_0_root_add_0_root_add_135/B[13] (mult_unit_DW01_add_8)
                                                          0.00       4.17 r
  u_mul/add_0_root_add_0_root_add_135/U99/Y (OR2X12M)     0.24       4.41 r
  u_mul/add_0_root_add_0_root_add_135/U7/Y (INVX12M)      0.08       4.48 f
  u_mul/add_0_root_add_0_root_add_135/U72/Y (AOI2BB1X8M)
                                                          0.19       4.68 r
  u_mul/add_0_root_add_0_root_add_135/U85/Y (AO21X8M)     0.23       4.91 r
  u_mul/add_0_root_add_0_root_add_135/U48/Y (CLKXOR2X16M)
                                                          0.25       5.16 f
  u_mul/add_0_root_add_0_root_add_135/SUM[15] (mult_unit_DW01_add_8)
                                                          0.00       5.16 f
  u_mul/U490/Y (NAND2X12M)                                0.11       5.26 r
  u_mul/U491/Y (CLKNAND2X16M)                             0.13       5.39 f
  u_mul/product_reg[15]/D (DFFSRHQX8M)                    0.00       5.39 f
  data arrival time                                                  5.39

  clock MASTER_CLK (rise edge)                            5.75       5.75
  clock network delay (ideal)                             0.00       5.75
  clock uncertainty                                      -0.20       5.55
  u_mul/product_reg[15]/CK (DFFSRHQX8M)                   0.00       5.55 r
  library setup time                                     -0.16       5.39
  data required time                                                 5.39
  --------------------------------------------------------------------------
  data required time                                                 5.39
  data arrival time                                                 -5.39
  --------------------------------------------------------------------------
  slack (MET)                                                        0.00


  Startpoint: u_mul/a_reg_reg[2]
              (rising edge-triggered flip-flop clocked by MASTER_CLK)
  Endpoint: u_mul/product_reg[14]
            (rising edge-triggered flip-flop clocked by MASTER_CLK)
  Path Group: MASTER_CLK
  Path Type: max

  Des/Clust/Port     Wire Load Model       Library
  ------------------------------------------------
  alu8_top           tsmc13_wl30           scmetro_tsmc_cl013g_rvt_ss_1p08v_125c

  Point                                                   Incr       Path
  --------------------------------------------------------------------------
  clock MASTER_CLK (rise edge)                            0.00       0.00
  clock network delay (ideal)                             0.00       0.00
  u_mul/a_reg_reg[2]/CK (DFFRHQX8M)                       0.00       0.00 r
  u_mul/a_reg_reg[2]/Q (DFFRHQX8M)                        0.48       0.48 r
  u_mul/U233/Y (CLKBUFX32M)                               0.25       0.73 r
  u_mul/U320/Y (NAND4X8M)                                 0.21       0.94 f
  u_mul/U304/Y (CLKNAND2X16M)                             0.20       1.14 r
  u_mul/U18/Y (INVX32M)                                   0.08       1.22 f
  u_mul/U398/Y (NAND3BX4M)                                0.28       1.50 f
  u_mul/U129/Y (OAI211X8M)                                0.19       1.70 r
  u_mul/U94/Y (CLKXOR2X16M)                               0.36       2.06 f
  u_mul/U478/Y (AO21X8M)                                  0.28       2.34 f
  u_mul/U39/Y (CLKINVX24M)                                0.08       2.42 r
  u_mul/U525/Y (AOI211X4M)                                0.09       2.51 f
  u_mul/U527/Y (OAI32X4M)                                 0.64       3.15 r
  u_mul/U405/Y (BUFX20M)                                  0.27       3.42 r
  u_mul/U152/Y (OR3X6M)                                   0.21       3.63 r
  u_mul/U210/Y (AND2X12M)                                 0.21       3.83 r
  u_mul/U523/Y (CLKXOR2X16M)                              0.37       4.20 f
  u_mul/add_0_root_add_0_root_add_135/A[13] (mult_unit_DW01_add_8)
                                                          0.00       4.20 f
  u_mul/add_0_root_add_0_root_add_135/U99/Y (OR2X12M)     0.25       4.45 f
  u_mul/add_0_root_add_0_root_add_135/U12/Y (AND2X6M)     0.23       4.68 f
  u_mul/add_0_root_add_0_root_add_135/U52/Y (NAND2BX12M)
                                                          0.12       4.80 r
  u_mul/add_0_root_add_0_root_add_135/U80/Y (NAND2X12M)
                                                          0.08       4.88 f
  u_mul/add_0_root_add_0_root_add_135/U91/Y (XNOR2X8M)
                                                          0.15       5.03 r
  u_mul/add_0_root_add_0_root_add_135/SUM[14] (mult_unit_DW01_add_8)
                                                          0.00       5.03 r
  u_mul/U182/Y (MX2X6M)                                   0.28       5.30 r
  u_mul/product_reg[14]/D (DFFRX2M)                       0.00       5.30 r
  data arrival time                                                  5.30

  clock MASTER_CLK (rise edge)                            5.75       5.75
  clock network delay (ideal)                             0.00       5.75
  clock uncertainty                                      -0.20       5.55
  u_mul/product_reg[14]/CK (DFFRX2M)                      0.00       5.55 r
  library setup time                                     -0.24       5.31
  data required time                                                 5.31
  --------------------------------------------------------------------------
  data required time                                                 5.31
  data arrival time                                                 -5.30
  --------------------------------------------------------------------------
  slack (MET)                                                        0.00


  Startpoint: u_mul/a_reg_reg[2]
              (rising edge-triggered flip-flop clocked by MASTER_CLK)
  Endpoint: u_mul/product_reg[13]
            (rising edge-triggered flip-flop clocked by MASTER_CLK)
  Path Group: MASTER_CLK
  Path Type: max

  Des/Clust/Port     Wire Load Model       Library
  ------------------------------------------------
  alu8_top           tsmc13_wl30           scmetro_tsmc_cl013g_rvt_ss_1p08v_125c

  Point                                                   Incr       Path
  --------------------------------------------------------------------------
  clock MASTER_CLK (rise edge)                            0.00       0.00
  clock network delay (ideal)                             0.00       0.00
  u_mul/a_reg_reg[2]/CK (DFFRHQX8M)                       0.00       0.00 r
  u_mul/a_reg_reg[2]/Q (DFFRHQX8M)                        0.48       0.48 r
  u_mul/U55/Y (INVX20M)                                   0.16       0.64 f
  u_mul/U411/Y (OAI21X8M)                                 0.25       0.89 r
  u_mul/U396/Y (AND2X12M)                                 0.21       1.09 r
  u_mul/U430/Y (NAND2X12M)                                0.11       1.21 f
  u_mul/U470/Y (NAND3X12M)                                0.14       1.35 r
  u_mul/U444/Y (INVX32M)                                  0.12       1.47 f
  u_mul/U371/Y (OA21X2M)                                  0.45       1.93 f
  u_mul/U179/Y (XOR3X2M)                                  0.60       2.52 f
  u_mul/U303/Y (XOR2X8M)                                  0.34       2.86 r
  u_mul/add_0_root_add_0_root_add_135/B[6] (mult_unit_DW01_add_8)
                                                          0.00       2.86 r
  u_mul/add_0_root_add_0_root_add_135/U68/Y (OR2X8M)      0.28       3.14 r
  u_mul/add_0_root_add_0_root_add_135/U59/Y (NAND2X12M)
                                                          0.11       3.25 f
  u_mul/add_0_root_add_0_root_add_135/U70/Y (NAND2X12M)
                                                          0.14       3.39 r
  u_mul/add_0_root_add_0_root_add_135/U93/Y (NAND2X12M)
                                                          0.11       3.50 f
  u_mul/add_0_root_add_0_root_add_135/U10/Y (CLKNAND2X16M)
                                                          0.12       3.62 r
  u_mul/add_0_root_add_0_root_add_135/U11/Y (CLKNAND2X16M)
                                                          0.13       3.75 f
  u_mul/add_0_root_add_0_root_add_135/U81/Y (NAND2X12M)
                                                          0.19       3.94 r
  u_mul/add_0_root_add_0_root_add_135/U41/Y (NAND2X8M)
                                                          0.14       4.08 f
  u_mul/add_0_root_add_0_root_add_135/U44/Y (NAND2X12M)
                                                          0.15       4.23 r
  u_mul/add_0_root_add_0_root_add_135/U101/Y (NAND3X12M)
                                                          0.15       4.37 f
  u_mul/add_0_root_add_0_root_add_135/U100/Y (NAND3X12M)
                                                          0.14       4.51 r
  u_mul/add_0_root_add_0_root_add_135/U50/Y (INVX20M)     0.09       4.60 f
  u_mul/add_0_root_add_0_root_add_135/U19/Y (OAI2B2X8M)
                                                          0.22       4.81 r
  u_mul/add_0_root_add_0_root_add_135/U65/Y (XNOR2X8M)
                                                          0.23       5.05 r
  u_mul/add_0_root_add_0_root_add_135/SUM[13] (mult_unit_DW01_add_8)
                                                          0.00       5.05 r
  u_mul/U453/Y (MX2X8M)                                   0.28       5.33 r
  u_mul/product_reg[13]/D (DFFSRHQX8M)                    0.00       5.33 r
  data arrival time                                                  5.33

  clock MASTER_CLK (rise edge)                            5.75       5.75
  clock network delay (ideal)                             0.00       5.75
  clock uncertainty                                      -0.20       5.55
  u_mul/product_reg[13]/CK (DFFSRHQX8M)                   0.00       5.55 r
  library setup time                                     -0.21       5.34
  data required time                                                 5.34
  --------------------------------------------------------------------------
  data required time                                                 5.34
  data arrival time                                                 -5.33
  --------------------------------------------------------------------------
  slack (MET)                                                        0.01


  Startpoint: u_mul/b_reg_reg[0]
              (rising edge-triggered flip-flop clocked by MASTER_CLK)
  Endpoint: u_mul/product_reg[8]
            (rising edge-triggered flip-flop clocked by MASTER_CLK)
  Path Group: MASTER_CLK
  Path Type: max

  Des/Clust/Port     Wire Load Model       Library
  ------------------------------------------------
  alu8_top           tsmc13_wl30           scmetro_tsmc_cl013g_rvt_ss_1p08v_125c

  Point                                                   Incr       Path
  --------------------------------------------------------------------------
  clock MASTER_CLK (rise edge)                            0.00       0.00
  clock network delay (ideal)                             0.00       0.00
  u_mul/b_reg_reg[0]/CK (DFFRHQX8M)                       0.00       0.00 r
  u_mul/b_reg_reg[0]/Q (DFFRHQX8M)                        0.42       0.42 f
  u_mul/U301/Y (INVX32M)                                  0.19       0.61 r
  u_mul/U28/Y (INVX24M)                                   0.07       0.68 f
  u_mul/U234/Y (CLKAND2X16M)                              0.14       0.82 f
  u_mul/U396/Y (AND2X12M)                                 0.17       0.99 f
  u_mul/U430/Y (NAND2X12M)                                0.13       1.12 r
  u_mul/U470/Y (NAND3X12M)                                0.16       1.29 f
  u_mul/U444/Y (INVX32M)                                  0.19       1.48 r
  u_mul/U222/Y (INVX12M)                                  0.10       1.58 f
  u_mul/U372/Y (NAND3X12M)                                0.09       1.68 r
  u_mul/U350/Y (AND2X12M)                                 0.21       1.89 r
  u_mul/U325/Y (NAND2X6M)                                 0.12       2.00 f
  u_mul/U81/Y (AND3X4M)                                   0.24       2.25 f
  u_mul/U537/Y (OAI32X4M)                                 0.64       2.89 r
  u_mul/U9/Y (BUFX20M)                                    0.25       3.14 r
  u_mul/U387/Y (XNOR3X8M)                                 0.29       3.42 f
  u_mul/add_0_root_add_0_root_add_135/B[8] (mult_unit_DW01_add_8)
                                                          0.00       3.42 f
  u_mul/add_0_root_add_0_root_add_135/U103/Y (OR2X12M)
                                                          0.25       3.67 f
  u_mul/add_0_root_add_0_root_add_135/U97/Y (INVXLM)      0.54       4.21 r
  u_mul/add_0_root_add_0_root_add_135/U43/Y (INVX5M)      0.17       4.38 f
  u_mul/add_0_root_add_0_root_add_135/U42/Y (NAND2X3M)
                                                          0.23       4.61 r
  u_mul/add_0_root_add_0_root_add_135/U73/Y (XNOR2X4M)
                                                          0.30       4.91 r
  u_mul/add_0_root_add_0_root_add_135/SUM[8] (mult_unit_DW01_add_8)
                                                          0.00       4.91 r
  u_mul/U184/Y (MX2X4M)                                   0.31       5.22 r
  u_mul/product_reg[8]/D (DFFRQX2M)                       0.00       5.22 r
  data arrival time                                                  5.22

  clock MASTER_CLK (rise edge)                            5.75       5.75
  clock network delay (ideal)                             0.00       5.75
  clock uncertainty                                      -0.20       5.55
  u_mul/product_reg[8]/CK (DFFRQX2M)                      0.00       5.55 r
  library setup time                                     -0.31       5.24
  data required time                                                 5.24
  --------------------------------------------------------------------------
  data required time                                                 5.24
  data arrival time                                                 -5.22
  --------------------------------------------------------------------------
  slack (MET)                                                        0.02


  Startpoint: u_mul/b_reg_reg[0]
              (rising edge-triggered flip-flop clocked by MASTER_CLK)
  Endpoint: u_mul/product_reg[9]
            (rising edge-triggered flip-flop clocked by MASTER_CLK)
  Path Group: MASTER_CLK
  Path Type: max

  Des/Clust/Port     Wire Load Model       Library
  ------------------------------------------------
  alu8_top           tsmc13_wl30           scmetro_tsmc_cl013g_rvt_ss_1p08v_125c

  Point                                                   Incr       Path
  --------------------------------------------------------------------------
  clock MASTER_CLK (rise edge)                            0.00       0.00
  clock network delay (ideal)                             0.00       0.00
  u_mul/b_reg_reg[0]/CK (DFFRHQX8M)                       0.00       0.00 r
  u_mul/b_reg_reg[0]/Q (DFFRHQX8M)                        0.42       0.42 f
  u_mul/U301/Y (INVX32M)                                  0.19       0.61 r
  u_mul/U28/Y (INVX24M)                                   0.07       0.68 f
  u_mul/U234/Y (CLKAND2X16M)                              0.14       0.82 f
  u_mul/U396/Y (AND2X12M)                                 0.17       0.99 f
  u_mul/U430/Y (NAND2X12M)                                0.13       1.12 r
  u_mul/U470/Y (NAND3X12M)                                0.16       1.29 f
  u_mul/U444/Y (INVX32M)                                  0.19       1.48 r
  u_mul/U222/Y (INVX12M)                                  0.10       1.58 f
  u_mul/U372/Y (NAND3X12M)                                0.09       1.68 r
  u_mul/U350/Y (AND2X12M)                                 0.21       1.89 r
  u_mul/U325/Y (NAND2X6M)                                 0.12       2.00 f
  u_mul/U81/Y (AND3X4M)                                   0.24       2.25 f
  u_mul/U537/Y (OAI32X4M)                                 0.64       2.89 r
  u_mul/U9/Y (BUFX20M)                                    0.25       3.14 r
  u_mul/U84/Y (AOI21X8M)                                  0.11       3.24 f
  u_mul/U290/Y (XNOR3X8M)                                 0.41       3.65 f
  u_mul/add_0_root_add_0_root_add_135/B[9] (mult_unit_DW01_add_8)
                                                          0.00       3.65 f
  u_mul/add_0_root_add_0_root_add_135/U39/Y (NAND2X8M)
                                                          0.30       3.95 r
  u_mul/add_0_root_add_0_root_add_135/U38/Y (CLKAND2X4M)
                                                          0.31       4.26 r
  u_mul/add_0_root_add_0_root_add_135/U69/Y (XOR2X1M)     0.57       4.83 r
  u_mul/add_0_root_add_0_root_add_135/SUM[9] (mult_unit_DW01_add_8)
                                                          0.00       4.83 r
  u_mul/U183/Y (MX2X4M)                                   0.38       5.22 r
  u_mul/product_reg[9]/D (DFFRQX2M)                       0.00       5.22 r
  data arrival time                                                  5.22

  clock MASTER_CLK (rise edge)                            5.75       5.75
  clock network delay (ideal)                             0.00       5.75
  clock uncertainty                                      -0.20       5.55
  u_mul/product_reg[9]/CK (DFFRQX2M)                      0.00       5.55 r
  library setup time                                     -0.31       5.24
  data required time                                                 5.24
  --------------------------------------------------------------------------
  data required time                                                 5.24
  data arrival time                                                 -5.22
  --------------------------------------------------------------------------
  slack (MET)                                                        0.02


  Startpoint: u_mul/a_reg_reg[5]
              (rising edge-triggered flip-flop clocked by MASTER_CLK)
  Endpoint: u_mul/product_reg[12]
            (rising edge-triggered flip-flop clocked by MASTER_CLK)
  Path Group: MASTER_CLK
  Path Type: max

  Des/Clust/Port     Wire Load Model       Library
  ------------------------------------------------
  alu8_top           tsmc13_wl30           scmetro_tsmc_cl013g_rvt_ss_1p08v_125c

  Point                                                   Incr       Path
  --------------------------------------------------------------------------
  clock MASTER_CLK (rise edge)                            0.00       0.00
  clock network delay (ideal)                             0.00       0.00
  u_mul/a_reg_reg[5]/CK (DFFRHQX8M)                       0.00       0.00 r
  u_mul/a_reg_reg[5]/Q (DFFRHQX8M)                        0.50       0.50 r
  u_mul/U16/Y (INVX24M)                                   0.12       0.61 f
  u_mul/U137/Y (CLKINVX40M)                               0.11       0.72 r
  u_mul/U408/Y (NAND2BX4M)                                0.29       1.02 f
  u_mul/U158/Y (NAND2BX2M)                                0.57       1.59 r
  u_mul/U493/Y (INVX2M)                                   0.30       1.88 f
  u_mul/U274/Y (OA21X8M)                                  0.36       2.24 f
  u_mul/U206/Y (XNOR2X8M)                                 0.27       2.50 r
  u_mul/U125/Y (XOR3X8M)                                  0.90       3.41 f
  u_mul/U421/Y (NAND3X12M)                                0.23       3.64 r
  u_mul/U384/Y (CLKINVX32M)                               0.11       3.74 f
  u_mul/U473/Y (CLKXOR2X16M)                              0.28       4.02 f
  u_mul/add_0_root_add_0_root_add_135/B[12] (mult_unit_DW01_add_8)
                                                          0.00       4.02 f
  u_mul/add_0_root_add_0_root_add_135/U8/Y (INVX5M)       0.35       4.37 r
  u_mul/add_0_root_add_0_root_add_135/U4/Y (INVX3M)       0.20       4.57 f
  u_mul/add_0_root_add_0_root_add_135/U17/Y (XOR2X8M)     0.19       4.76 f
  u_mul/add_0_root_add_0_root_add_135/U25/Y (XOR2X8M)     0.19       4.95 f
  u_mul/add_0_root_add_0_root_add_135/SUM[12] (mult_unit_DW01_add_8)
                                                          0.00       4.95 f
  u_mul/U95/Y (MX2X8M)                                    0.31       5.26 f
  u_mul/product_reg[12]/D (DFFRHQX2M)                     0.00       5.26 f
  data arrival time                                                  5.26

  clock MASTER_CLK (rise edge)                            5.75       5.75
  clock network delay (ideal)                             0.00       5.75
  clock uncertainty                                      -0.20       5.55
  u_mul/product_reg[12]/CK (DFFRHQX2M)                    0.00       5.55 r
  library setup time                                     -0.22       5.33
  data required time                                                 5.33
  --------------------------------------------------------------------------
  data required time                                                 5.33
  data arrival time                                                 -5.26
  --------------------------------------------------------------------------
  slack (MET)                                                        0.07


  Startpoint: u_mul/a_reg_reg[2]
              (rising edge-triggered flip-flop clocked by MASTER_CLK)
  Endpoint: u_mul/product_reg[11]
            (rising edge-triggered flip-flop clocked by MASTER_CLK)
  Path Group: MASTER_CLK
  Path Type: max

  Des/Clust/Port     Wire Load Model       Library
  ------------------------------------------------
  alu8_top           tsmc13_wl30           scmetro_tsmc_cl013g_rvt_ss_1p08v_125c

  Point                                                   Incr       Path
  --------------------------------------------------------------------------
  clock MASTER_CLK (rise edge)                            0.00       0.00
  clock network delay (ideal)                             0.00       0.00
  u_mul/a_reg_reg[2]/CK (DFFRHQX8M)                       0.00       0.00 r
  u_mul/a_reg_reg[2]/Q (DFFRHQX8M)                        0.48       0.48 r
  u_mul/U233/Y (CLKBUFX32M)                               0.25       0.73 r
  u_mul/U320/Y (NAND4X8M)                                 0.21       0.94 f
  u_mul/U304/Y (CLKNAND2X16M)                             0.20       1.14 r
  u_mul/U18/Y (INVX32M)                                   0.08       1.22 f
  u_mul/U398/Y (NAND3BX4M)                                0.28       1.50 f
  u_mul/U129/Y (OAI211X8M)                                0.19       1.70 r
  u_mul/U94/Y (CLKXOR2X16M)                               0.36       2.06 f
  u_mul/U478/Y (AO21X8M)                                  0.28       2.34 f
  u_mul/U39/Y (CLKINVX24M)                                0.08       2.42 r
  u_mul/U525/Y (AOI211X4M)                                0.09       2.51 f
  u_mul/U527/Y (OAI32X4M)                                 0.64       3.15 r
  u_mul/U405/Y (BUFX20M)                                  0.27       3.42 r
  u_mul/U329/Y (AO21X8M)                                  0.20       3.62 r
  u_mul/U284/Y (XNOR2X8M)                                 0.23       3.86 r
  u_mul/add_0_root_add_0_root_add_135/A[11] (mult_unit_DW01_add_8)
                                                          0.00       3.86 r
  u_mul/add_0_root_add_0_root_add_135/U45/Y (AND2X8M)     0.26       4.12 r
  u_mul/add_0_root_add_0_root_add_135/U6/Y (CLKINVX20M)
                                                          0.14       4.25 f
  u_mul/add_0_root_add_0_root_add_135/U54/Y (CLKAND2X3M)
                                                          0.32       4.58 f
  u_mul/add_0_root_add_0_root_add_135/U75/Y (CLKXOR2X8M)
                                                          0.32       4.89 r
  u_mul/add_0_root_add_0_root_add_135/SUM[11] (mult_unit_DW01_add_8)
                                                          0.00       4.89 r
  u_mul/U449/Y (MX2X6M)                                   0.23       5.12 r
  u_mul/product_reg[11]/D (DFFRQX2M)                      0.00       5.12 r
  data arrival time                                                  5.12

  clock MASTER_CLK (rise edge)                            5.75       5.75
  clock network delay (ideal)                             0.00       5.75
  clock uncertainty                                      -0.20       5.55
  u_mul/product_reg[11]/CK (DFFRQX2M)                     0.00       5.55 r
  library setup time                                     -0.31       5.24
  data required time                                                 5.24
  --------------------------------------------------------------------------
  data required time                                                 5.24
  data arrival time                                                 -5.12
  --------------------------------------------------------------------------
  slack (MET)                                                        0.12


  Startpoint: u_mul/b_reg_reg[4]
              (rising edge-triggered flip-flop clocked by MASTER_CLK)
  Endpoint: u_mul/product_reg[10]
            (rising edge-triggered flip-flop clocked by MASTER_CLK)
  Path Group: MASTER_CLK
  Path Type: max

  Des/Clust/Port     Wire Load Model       Library
  ------------------------------------------------
  alu8_top           tsmc13_wl30           scmetro_tsmc_cl013g_rvt_ss_1p08v_125c

  Point                                                   Incr       Path
  --------------------------------------------------------------------------
  clock MASTER_CLK (rise edge)                            0.00       0.00
  clock network delay (ideal)                             0.00       0.00
  u_mul/b_reg_reg[4]/CK (DFFRHQX8M)                       0.00       0.00 r
  u_mul/b_reg_reg[4]/Q (DFFRHQX8M)                        0.41       0.41 r
  u_mul/U250/Y (CLKINVX24M)                               0.14       0.56 f
  u_mul/U212/Y (CLKINVX32M)                               0.17       0.73 r
  u_mul/U86/Y (NAND2BX12M)                                0.13       0.85 f
  u_mul/U422/Y (XNOR3X8M)                                 0.75       1.61 f
  u_mul/U277/Y (NAND2BX8M)                                0.23       1.84 f
  u_mul/U401/Y (XOR3X4M)                                  0.34       2.18 r
  u_mul/U53/Y (INVX12M)                                   0.11       2.28 f
  u_mul/U324/Y (CLKINVX40M)                               0.09       2.37 r
  u_mul/U410/Y (OAI2BB2X8M)                               0.20       2.57 r
  u_mul/U368/Y (NOR3X12M)                                 0.10       2.67 f
  u_mul/U536/Y (OAI31X4M)                                 0.60       3.27 r
  u_mul/U59/Y (BUFX16M)                                   0.26       3.53 r
  u_mul/U85/Y (INVX20M)                                   0.09       3.61 f
  u_mul/U316/Y (CLKXOR2X16M)                              0.27       3.89 r
  u_mul/add_0_root_add_0_root_add_135/B[10] (mult_unit_DW01_add_8)
                                                          0.00       3.89 r
  u_mul/add_0_root_add_0_root_add_135/U40/Y (NAND2X8M)
                                                          0.20       4.09 f
  u_mul/add_0_root_add_0_root_add_135/U51/Y (NAND2X6M)
                                                          0.18       4.26 r
  u_mul/add_0_root_add_0_root_add_135/U47/Y (XNOR2X2M)
                                                          0.43       4.69 r
  u_mul/add_0_root_add_0_root_add_135/SUM[10] (mult_unit_DW01_add_8)
                                                          0.00       4.69 r
  u_mul/U334/Y (MX2X4M)                                   0.35       5.05 r
  u_mul/product_reg[10]/D (DFFRQX2M)                      0.00       5.05 r
  data arrival time                                                  5.05

  clock MASTER_CLK (rise edge)                            5.75       5.75
  clock network delay (ideal)                             0.00       5.75
  clock uncertainty                                      -0.20       5.55
  u_mul/product_reg[10]/CK (DFFRQX2M)                     0.00       5.55 r
  library setup time                                     -0.31       5.24
  data required time                                                 5.24
  --------------------------------------------------------------------------
  data required time                                                 5.24
  data arrival time                                                 -5.05
  --------------------------------------------------------------------------
  slack (MET)                                                        0.19


  Startpoint: u_mul/b_reg_reg[0]
              (rising edge-triggered flip-flop clocked by MASTER_CLK)
  Endpoint: u_mul/product_reg[5]
            (rising edge-triggered flip-flop clocked by MASTER_CLK)
  Path Group: MASTER_CLK
  Path Type: max

  Des/Clust/Port     Wire Load Model       Library
  ------------------------------------------------
  alu8_top           tsmc13_wl30           scmetro_tsmc_cl013g_rvt_ss_1p08v_125c

  Point                                                   Incr       Path
  --------------------------------------------------------------------------
  clock MASTER_CLK (rise edge)                            0.00       0.00
  clock network delay (ideal)                             0.00       0.00
  u_mul/b_reg_reg[0]/CK (DFFRHQX8M)                       0.00       0.00 r
  u_mul/b_reg_reg[0]/Q (DFFRHQX8M)                        0.52       0.52 r
  u_mul/U301/Y (INVX32M)                                  0.15       0.67 f
  u_mul/U367/Y (NAND2BX12M)                               0.25       0.91 f
  u_mul/U494/Y (XNOR2X8M)                                 0.25       1.16 f
  u_mul/U534/Y (OAI32X4M)                                 0.62       1.78 r
  u_mul/U452/Y (OR3X12M)                                  0.38       2.15 r
  u_mul/U5/Y (BUFX18M)                                    0.18       2.33 r
  u_mul/U291/Y (XNOR3X8M)                                 0.28       2.61 f
  u_mul/add_0_root_add_0_root_add_135/B[5] (mult_unit_DW01_add_8)
                                                          0.00       2.61 f
  u_mul/add_0_root_add_0_root_add_135/U56/Y (AND2X12M)
                                                          0.26       2.87 f
  u_mul/add_0_root_add_0_root_add_135/U28/Y (INVX2M)      0.21       3.08 r
  u_mul/add_0_root_add_0_root_add_135/U3/Y (NAND2XLM)     0.57       3.66 f
  u_mul/add_0_root_add_0_root_add_135/U14/Y (XNOR2X1M)
                                                          0.73       4.39 r
  u_mul/add_0_root_add_0_root_add_135/SUM[5] (mult_unit_DW01_add_8)
                                                          0.00       4.39 r
  u_mul/U505/Y (MX2X2M)                                   0.47       4.86 r
  u_mul/product_reg[5]/D (DFFRQX2M)                       0.00       4.86 r
  data arrival time                                                  4.86

  clock MASTER_CLK (rise edge)                            5.75       5.75
  clock network delay (ideal)                             0.00       5.75
  clock uncertainty                                      -0.20       5.55
  u_mul/product_reg[5]/CK (DFFRQX2M)                      0.00       5.55 r
  library setup time                                     -0.33       5.22
  data required time                                                 5.22
  --------------------------------------------------------------------------
  data required time                                                 5.22
  data arrival time                                                 -4.86
  --------------------------------------------------------------------------
  slack (MET)                                                        0.36


  Startpoint: u_mul/b_reg_reg[0]
              (rising edge-triggered flip-flop clocked by MASTER_CLK)
  Endpoint: u_mul/product_reg[7]
            (rising edge-triggered flip-flop clocked by MASTER_CLK)
  Path Group: MASTER_CLK
  Path Type: max

  Des/Clust/Port     Wire Load Model       Library
  ------------------------------------------------
  alu8_top           tsmc13_wl30           scmetro_tsmc_cl013g_rvt_ss_1p08v_125c

  Point                                                   Incr       Path
  --------------------------------------------------------------------------
  clock MASTER_CLK (rise edge)                            0.00       0.00
  clock network delay (ideal)                             0.00       0.00
  u_mul/b_reg_reg[0]/CK (DFFRHQX8M)                       0.00       0.00 r
  u_mul/b_reg_reg[0]/Q (DFFRHQX8M)                        0.42       0.42 f
  u_mul/U301/Y (INVX32M)                                  0.19       0.61 r
  u_mul/U28/Y (INVX24M)                                   0.07       0.68 f
  u_mul/U234/Y (CLKAND2X16M)                              0.14       0.82 f
  u_mul/U396/Y (AND2X12M)                                 0.17       0.99 f
  u_mul/U430/Y (NAND2X12M)                                0.13       1.12 r
  u_mul/U470/Y (NAND3X12M)                                0.16       1.29 f
  u_mul/U444/Y (INVX32M)                                  0.19       1.48 r
  u_mul/U344/Y (OR2X4M)                                   0.24       1.72 r
  u_mul/U237/Y (OR2X12M)                                  0.22       1.94 r
  u_mul/U436/Y (AND4X12M)                                 0.36       2.30 r
  u_mul/U280/Y (OR3X6M)                                   0.25       2.55 r
  u_mul/U281/Y (NAND3X6M)                                 0.15       2.70 f
  u_mul/U282/Y (XNOR3X8M)                                 0.42       3.12 f
  u_mul/add_0_root_add_0_root_add_135/B[7] (mult_unit_DW01_add_8)
                                                          0.00       3.12 f
  u_mul/add_0_root_add_0_root_add_135/U63/Y (NAND2X5M)
                                                          0.30       3.42 r
  u_mul/add_0_root_add_0_root_add_135/U29/Y (NAND2X2M)
                                                          0.28       3.70 f
  u_mul/add_0_root_add_0_root_add_135/U32/Y (XNOR2X2M)
                                                          0.44       4.13 r
  u_mul/add_0_root_add_0_root_add_135/SUM[7] (mult_unit_DW01_add_8)
                                                          0.00       4.13 r
  u_mul/U503/Y (MX2X2M)                                   0.44       4.57 r
  u_mul/product_reg[7]/D (DFFRQX2M)                       0.00       4.57 r
  data arrival time                                                  4.57

  clock MASTER_CLK (rise edge)                            5.75       5.75
  clock network delay (ideal)                             0.00       5.75
  clock uncertainty                                      -0.20       5.55
  u_mul/product_reg[7]/CK (DFFRQX2M)                      0.00       5.55 r
  library setup time                                     -0.33       5.22
  data required time                                                 5.22
  --------------------------------------------------------------------------
  data required time                                                 5.22
  data arrival time                                                 -4.57
  --------------------------------------------------------------------------
  slack (MET)                                                        0.65


  Startpoint: u_mul/a_reg_reg[2]
              (rising edge-triggered flip-flop clocked by MASTER_CLK)
  Endpoint: u_mul/product_reg[6]
            (rising edge-triggered flip-flop clocked by MASTER_CLK)
  Path Group: MASTER_CLK
  Path Type: max

  Des/Clust/Port     Wire Load Model       Library
  ------------------------------------------------
  alu8_top           tsmc13_wl30           scmetro_tsmc_cl013g_rvt_ss_1p08v_125c

  Point                                                   Incr       Path
  --------------------------------------------------------------------------
  clock MASTER_CLK (rise edge)                            0.00       0.00
  clock network delay (ideal)                             0.00       0.00
  u_mul/a_reg_reg[2]/CK (DFFRHQX8M)                       0.00       0.00 r
  u_mul/a_reg_reg[2]/Q (DFFRHQX8M)                        0.48       0.48 r
  u_mul/U233/Y (CLKBUFX32M)                               0.25       0.73 r
  u_mul/U356/Y (INVX6M)                                   0.09       0.83 f
  u_mul/U357/Y (INVX8M)                                   0.20       1.02 r
  u_mul/U429/Y (NAND2BX2M)                                0.25       1.27 f
  u_mul/U130/Y (XNOR3X2M)                                 0.58       1.85 r
  u_mul/add_0_root_add_0_root_add_135/B[2] (mult_unit_DW01_add_8)
                                                          0.00       1.85 r
  u_mul/add_0_root_add_0_root_add_135/U26/Y (BUFX10M)     0.23       2.07 r
  u_mul/add_0_root_add_0_root_add_135/U24/Y (CLKNAND2X16M)
                                                          0.19       2.26 f
  u_mul/add_0_root_add_0_root_add_135/U22/Y (INVX24M)     0.15       2.41 r
  u_mul/add_0_root_add_0_root_add_135/U62/Y (NAND2X12M)
                                                          0.09       2.50 f
  u_mul/add_0_root_add_0_root_add_135/U60/Y (NAND2X12M)
                                                          0.14       2.64 r
  u_mul/add_0_root_add_0_root_add_135/U77/Y (NAND2X12M)
                                                          0.10       2.75 f
  u_mul/add_0_root_add_0_root_add_135/U15/Y (NAND2X12M)
                                                          0.17       2.91 r
  u_mul/add_0_root_add_0_root_add_135/U37/Y (AO21XLM)     0.63       3.54 r
  u_mul/add_0_root_add_0_root_add_135/U33/Y (XNOR2X2M)
                                                          0.49       4.03 r
  u_mul/add_0_root_add_0_root_add_135/SUM[6] (mult_unit_DW01_add_8)
                                                          0.00       4.03 r
  u_mul/U506/Y (MX2X2M)                                   0.44       4.47 r
  u_mul/product_reg[6]/D (DFFRQX2M)                       0.00       4.47 r
  data arrival time                                                  4.47

  clock MASTER_CLK (rise edge)                            5.75       5.75
  clock network delay (ideal)                             0.00       5.75
  clock uncertainty                                      -0.20       5.55
  u_mul/product_reg[6]/CK (DFFRQX2M)                      0.00       5.55 r
  library setup time                                     -0.33       5.22
  data required time                                                 5.22
  --------------------------------------------------------------------------
  data required time                                                 5.22
  data arrival time                                                 -4.47
  --------------------------------------------------------------------------
  slack (MET)                                                        0.74


  Startpoint: u_mul/a_reg_reg[1]
              (rising edge-triggered flip-flop clocked by MASTER_CLK)
  Endpoint: u_mul/product_reg[3]
            (rising edge-triggered flip-flop clocked by MASTER_CLK)
  Path Group: MASTER_CLK
  Path Type: max

  Des/Clust/Port     Wire Load Model       Library
  ------------------------------------------------
  alu8_top           tsmc13_wl30           scmetro_tsmc_cl013g_rvt_ss_1p08v_125c

  Point                                                   Incr       Path
  --------------------------------------------------------------------------
  clock MASTER_CLK (rise edge)                            0.00       0.00
  clock network delay (ideal)                             0.00       0.00
  u_mul/a_reg_reg[1]/CK (DFFRHQX8M)                       0.00       0.00 r
  u_mul/a_reg_reg[1]/Q (DFFRHQX8M)                        0.35       0.35 f
  u_mul/U247/Y (BUFX32M)                                  0.16       0.51 f
  u_mul/U251/Y (INVX20M)                                  0.14       0.65 r
  u_mul/U315/Y (OR2X6M)                                   0.26       0.91 r
  u_mul/U67/Y (INVX24M)                                   0.10       1.01 f
  u_mul/U66/Y (NAND2BX12M)                                0.14       1.15 r
  u_mul/U348/Y (CLKNAND2X12M)                             0.19       1.34 f
  u_mul/U6/Y (INVX24M)                                    0.14       1.48 r
  u_mul/U124/Y (XNOR3X4M)                                 0.59       2.07 f
  u_mul/add_0_root_add_0_root_add_135/B[3] (mult_unit_DW01_add_8)
                                                          0.00       2.07 f
  u_mul/add_0_root_add_0_root_add_135/U20/Y (NAND2X5M)
                                                          0.30       2.37 r
  u_mul/add_0_root_add_0_root_add_135/U95/Y (NAND2XLM)
                                                          0.59       2.95 f
  u_mul/add_0_root_add_0_root_add_135/U55/Y (XNOR2X1M)
                                                          0.73       3.69 r
  u_mul/add_0_root_add_0_root_add_135/SUM[3] (mult_unit_DW01_add_8)
                                                          0.00       3.69 r
  u_mul/U508/Y (MX2X2M)                                   0.47       4.16 r
  u_mul/product_reg[3]/D (DFFRQX2M)                       0.00       4.16 r
  data arrival time                                                  4.16

  clock MASTER_CLK (rise edge)                            5.75       5.75
  clock network delay (ideal)                             0.00       5.75
  clock uncertainty                                      -0.20       5.55
  u_mul/product_reg[3]/CK (DFFRQX2M)                      0.00       5.55 r
  library setup time                                     -0.33       5.22
  data required time                                                 5.22
  --------------------------------------------------------------------------
  data required time                                                 5.22
  data arrival time                                                 -4.16
  --------------------------------------------------------------------------
  slack (MET)                                                        1.06


  Startpoint: u_mul/a_reg_reg[1]
              (rising edge-triggered flip-flop clocked by MASTER_CLK)
  Endpoint: u_mul/product_reg[4]
            (rising edge-triggered flip-flop clocked by MASTER_CLK)
  Path Group: MASTER_CLK
  Path Type: max

  Des/Clust/Port     Wire Load Model       Library
  ------------------------------------------------
  alu8_top           tsmc13_wl30           scmetro_tsmc_cl013g_rvt_ss_1p08v_125c

  Point                                                   Incr       Path
  --------------------------------------------------------------------------
  clock MASTER_CLK (rise edge)                            0.00       0.00
  clock network delay (ideal)                             0.00       0.00
  u_mul/a_reg_reg[1]/CK (DFFRHQX8M)                       0.00       0.00 r
  u_mul/a_reg_reg[1]/Q (DFFRHQX8M)                        0.40       0.40 r
  u_mul/U247/Y (BUFX32M)                                  0.17       0.57 r
  u_mul/U251/Y (INVX20M)                                  0.09       0.66 f
  u_mul/U175/Y (BUFX6M)                                   0.22       0.87 f
  u_mul/U420/Y (NAND2BXLM)                                0.66       1.54 f
  u_mul/U439/Y (XNOR3X4M)                                 0.65       2.19 r
  u_mul/add_0_root_add_0_root_add_135/A[4] (mult_unit_DW01_add_8)
                                                          0.00       2.19 r
  u_mul/add_0_root_add_0_root_add_135/U30/Y (OR2X6M)      0.30       2.49 r
  u_mul/add_0_root_add_0_root_add_135/U94/Y (NAND2XLM)
                                                          0.58       3.06 f
  u_mul/add_0_root_add_0_root_add_135/U35/Y (XNOR2X2M)
                                                          0.60       3.66 r
  u_mul/add_0_root_add_0_root_add_135/SUM[4] (mult_unit_DW01_add_8)
                                                          0.00       3.66 r
  u_mul/U507/Y (MX2X2M)                                   0.44       4.10 r
  u_mul/product_reg[4]/D (DFFRQX2M)                       0.00       4.10 r
  data arrival time                                                  4.10

  clock MASTER_CLK (rise edge)                            5.75       5.75
  clock network delay (ideal)                             0.00       5.75
  clock uncertainty                                      -0.20       5.55
  u_mul/product_reg[4]/CK (DFFRQX2M)                      0.00       5.55 r
  library setup time                                     -0.33       5.22
  data required time                                                 5.22
  --------------------------------------------------------------------------
  data required time                                                 5.22
  data arrival time                                                 -4.10
  --------------------------------------------------------------------------
  slack (MET)                                                        1.12


  Startpoint: u_mul/a_reg_reg[2]
              (rising edge-triggered flip-flop clocked by MASTER_CLK)
  Endpoint: u_mul/product_reg[2]
            (rising edge-triggered flip-flop clocked by MASTER_CLK)
  Path Group: MASTER_CLK
  Path Type: max

  Des/Clust/Port     Wire Load Model       Library
  ------------------------------------------------
  alu8_top           tsmc13_wl30           scmetro_tsmc_cl013g_rvt_ss_1p08v_125c

  Point                                                   Incr       Path
  --------------------------------------------------------------------------
  clock MASTER_CLK (rise edge)                            0.00       0.00
  clock network delay (ideal)                             0.00       0.00
  u_mul/a_reg_reg[2]/CK (DFFRHQX8M)                       0.00       0.00 r
  u_mul/a_reg_reg[2]/Q (DFFRHQX8M)                        0.48       0.48 r
  u_mul/U233/Y (CLKBUFX32M)                               0.25       0.73 r
  u_mul/U356/Y (INVX6M)                                   0.09       0.83 f
  u_mul/U357/Y (INVX8M)                                   0.20       1.02 r
  u_mul/U429/Y (NAND2BX2M)                                0.25       1.27 f
  u_mul/U130/Y (XNOR3X2M)                                 0.58       1.85 r
  u_mul/add_0_root_add_0_root_add_135/B[2] (mult_unit_DW01_add_8)
                                                          0.00       1.85 r
  u_mul/add_0_root_add_0_root_add_135/U26/Y (BUFX10M)     0.23       2.07 r
  u_mul/add_0_root_add_0_root_add_135/U96/Y (OR2X1M)      0.39       2.46 r
  u_mul/add_0_root_add_0_root_add_135/U23/Y (AND2X1M)     0.42       2.88 r
  u_mul/add_0_root_add_0_root_add_135/SUM[2] (mult_unit_DW01_add_8)
                                                          0.00       2.88 r
  u_mul/U509/Y (MX2X2M)                                   0.40       3.28 r
  u_mul/product_reg[2]/D (DFFRQX2M)                       0.00       3.28 r
  data arrival time                                                  3.28

  clock MASTER_CLK (rise edge)                            5.75       5.75
  clock network delay (ideal)                             0.00       5.75
  clock uncertainty                                      -0.20       5.55
  u_mul/product_reg[2]/CK (DFFRQX2M)                      0.00       5.55 r
  library setup time                                     -0.33       5.22
  data required time                                                 5.22
  --------------------------------------------------------------------------
  data required time                                                 5.22
  data arrival time                                                 -3.28
  --------------------------------------------------------------------------
  slack (MET)                                                        1.94


  Startpoint: u_add/en_reg_reg
              (rising edge-triggered flip-flop clocked by MASTER_CLK)
  Endpoint: u_add/sum_reg[7]
            (rising edge-triggered flip-flop clocked by MASTER_CLK)
  Path Group: MASTER_CLK
  Path Type: max

  Des/Clust/Port     Wire Load Model       Library
  ------------------------------------------------
  alu8_top           tsmc13_wl30           scmetro_tsmc_cl013g_rvt_ss_1p08v_125c

  Point                                    Incr       Path
  -----------------------------------------------------------
  clock MASTER_CLK (rise edge)             0.00       0.00
  clock network delay (ideal)              0.00       0.00
  u_add/en_reg_reg/CK (DFFRQX2M)           0.00       0.00 r
  u_add/en_reg_reg/Q (DFFRQX2M)            0.58       0.58 f
  u_add/U5/Y (CLKBUFX6M)                   0.83       1.40 f
  u_add/U4/Y (INVX4M)                      1.11       2.51 r
  u_add/U6/Y (NAND2X2M)                    0.41       2.92 f
  u_add/U8/Y (NAND2X2M)                    0.32       3.24 r
  u_add/sum_reg[7]/D (DFFRQX2M)            0.00       3.24 r
  data arrival time                                   3.24

  clock MASTER_CLK (rise edge)             5.75       5.75
  clock network delay (ideal)              0.00       5.75
  clock uncertainty                       -0.20       5.55
  u_add/sum_reg[7]/CK (DFFRQX2M)           0.00       5.55 r
  library setup time                      -0.33       5.22
  data required time                                  5.22
  -----------------------------------------------------------
  data required time                                  5.22
  data arrival time                                  -3.24
  -----------------------------------------------------------
  slack (MET)                                         1.98


  Startpoint: u_add/en_reg_reg
              (rising edge-triggered flip-flop clocked by MASTER_CLK)
  Endpoint: u_add/sum_reg[6]
            (rising edge-triggered flip-flop clocked by MASTER_CLK)
  Path Group: MASTER_CLK
  Path Type: max

  Des/Clust/Port     Wire Load Model       Library
  ------------------------------------------------
  alu8_top           tsmc13_wl30           scmetro_tsmc_cl013g_rvt_ss_1p08v_125c

  Point                                    Incr       Path
  -----------------------------------------------------------
  clock MASTER_CLK (rise edge)             0.00       0.00
  clock network delay (ideal)              0.00       0.00
  u_add/en_reg_reg/CK (DFFRQX2M)           0.00       0.00 r
  u_add/en_reg_reg/Q (DFFRQX2M)            0.58       0.58 f
  u_add/U5/Y (CLKBUFX6M)                   0.83       1.40 f
  u_add/U4/Y (INVX4M)                      1.11       2.51 r
  u_add/U3/Y (AO22X1M)                     0.48       2.99 r
  u_add/sum_reg[6]/D (DFFRQX2M)            0.00       2.99 r
  data arrival time                                   2.99

  clock MASTER_CLK (rise edge)             5.75       5.75
  clock network delay (ideal)              0.00       5.75
  clock uncertainty                       -0.20       5.55
  u_add/sum_reg[6]/CK (DFFRQX2M)           0.00       5.55 r
  library setup time                      -0.35       5.20
  data required time                                  5.20
  -----------------------------------------------------------
  data required time                                  5.20
  data arrival time                                  -2.99
  -----------------------------------------------------------
  slack (MET)                                         2.21


  Startpoint: u_add/en_reg_reg
              (rising edge-triggered flip-flop clocked by MASTER_CLK)
  Endpoint: u_add/sum_reg[5]
            (rising edge-triggered flip-flop clocked by MASTER_CLK)
  Path Group: MASTER_CLK
  Path Type: max

  Des/Clust/Port     Wire Load Model       Library
  ------------------------------------------------
  alu8_top           tsmc13_wl30           scmetro_tsmc_cl013g_rvt_ss_1p08v_125c

  Point                                    Incr       Path
  -----------------------------------------------------------
  clock MASTER_CLK (rise edge)             0.00       0.00
  clock network delay (ideal)              0.00       0.00
  u_add/en_reg_reg/CK (DFFRQX2M)           0.00       0.00 r
  u_add/en_reg_reg/Q (DFFRQX2M)            0.58       0.58 f
  u_add/U5/Y (CLKBUFX6M)                   0.83       1.40 f
  u_add/U4/Y (INVX4M)                      1.11       2.51 r
  u_add/U10/Y (AO22X1M)                    0.48       2.99 r
  u_add/sum_reg[5]/D (DFFRQX2M)            0.00       2.99 r
  data arrival time                                   2.99

  clock MASTER_CLK (rise edge)             5.75       5.75
  clock network delay (ideal)              0.00       5.75
  clock uncertainty                       -0.20       5.55
  u_add/sum_reg[5]/CK (DFFRQX2M)           0.00       5.55 r
  library setup time                      -0.35       5.20
  data required time                                  5.20
  -----------------------------------------------------------
  data required time                                  5.20
  data arrival time                                  -2.99
  -----------------------------------------------------------
  slack (MET)                                         2.21


  Startpoint: u_add/en_reg_reg
              (rising edge-triggered flip-flop clocked by MASTER_CLK)
  Endpoint: u_add/sum_reg[4]
            (rising edge-triggered flip-flop clocked by MASTER_CLK)
  Path Group: MASTER_CLK
  Path Type: max

  Des/Clust/Port     Wire Load Model       Library
  ------------------------------------------------
  alu8_top           tsmc13_wl30           scmetro_tsmc_cl013g_rvt_ss_1p08v_125c

  Point                                    Incr       Path
  -----------------------------------------------------------
  clock MASTER_CLK (rise edge)             0.00       0.00
  clock network delay (ideal)              0.00       0.00
  u_add/en_reg_reg/CK (DFFRQX2M)           0.00       0.00 r
  u_add/en_reg_reg/Q (DFFRQX2M)            0.58       0.58 f
  u_add/U5/Y (CLKBUFX6M)                   0.83       1.40 f
  u_add/U4/Y (INVX4M)                      1.11       2.51 r
  u_add/U9/Y (AO22X1M)                     0.48       2.99 r
  u_add/sum_reg[4]/D (DFFRQX2M)            0.00       2.99 r
  data arrival time                                   2.99

  clock MASTER_CLK (rise edge)             5.75       5.75
  clock network delay (ideal)              0.00       5.75
  clock uncertainty                       -0.20       5.55
  u_add/sum_reg[4]/CK (DFFRQX2M)           0.00       5.55 r
  library setup time                      -0.35       5.20
  data required time                                  5.20
  -----------------------------------------------------------
  data required time                                  5.20
  data arrival time                                  -2.99
  -----------------------------------------------------------
  slack (MET)                                         2.21


  Startpoint: u_add/en_reg_reg
              (rising edge-triggered flip-flop clocked by MASTER_CLK)
  Endpoint: u_add/sum_reg[3]
            (rising edge-triggered flip-flop clocked by MASTER_CLK)
  Path Group: MASTER_CLK
  Path Type: max

  Des/Clust/Port     Wire Load Model       Library
  ------------------------------------------------
  alu8_top           tsmc13_wl30           scmetro_tsmc_cl013g_rvt_ss_1p08v_125c

  Point                                    Incr       Path
  -----------------------------------------------------------
  clock MASTER_CLK (rise edge)             0.00       0.00
  clock network delay (ideal)              0.00       0.00
  u_add/en_reg_reg/CK (DFFRQX2M)           0.00       0.00 r
  u_add/en_reg_reg/Q (DFFRQX2M)            0.58       0.58 f
  u_add/U5/Y (CLKBUFX6M)                   0.83       1.40 f
  u_add/U4/Y (INVX4M)                      1.11       2.51 r
  u_add/U16/Y (AO22X1M)                    0.48       2.99 r
  u_add/sum_reg[3]/D (DFFRQX2M)            0.00       2.99 r
  data arrival time                                   2.99

  clock MASTER_CLK (rise edge)             5.75       5.75
  clock network delay (ideal)              0.00       5.75
  clock uncertainty                       -0.20       5.55
  u_add/sum_reg[3]/CK (DFFRQX2M)           0.00       5.55 r
  library setup time                      -0.35       5.20
  data required time                                  5.20
  -----------------------------------------------------------
  data required time                                  5.20
  data arrival time                                  -2.99
  -----------------------------------------------------------
  slack (MET)                                         2.21


  Startpoint: u_add/en_reg_reg
              (rising edge-triggered flip-flop clocked by MASTER_CLK)
  Endpoint: u_add/sum_reg[2]
            (rising edge-triggered flip-flop clocked by MASTER_CLK)
  Path Group: MASTER_CLK
  Path Type: max

  Des/Clust/Port     Wire Load Model       Library
  ------------------------------------------------
  alu8_top           tsmc13_wl30           scmetro_tsmc_cl013g_rvt_ss_1p08v_125c

  Point                                    Incr       Path
  -----------------------------------------------------------
  clock MASTER_CLK (rise edge)             0.00       0.00
  clock network delay (ideal)              0.00       0.00
  u_add/en_reg_reg/CK (DFFRQX2M)           0.00       0.00 r
  u_add/en_reg_reg/Q (DFFRQX2M)            0.58       0.58 f
  u_add/U5/Y (CLKBUFX6M)                   0.83       1.40 f
  u_add/U4/Y (INVX4M)                      1.11       2.51 r
  u_add/U15/Y (AO22X1M)                    0.48       2.99 r
  u_add/sum_reg[2]/D (DFFRQX2M)            0.00       2.99 r
  data arrival time                                   2.99

  clock MASTER_CLK (rise edge)             5.75       5.75
  clock network delay (ideal)              0.00       5.75
  clock uncertainty                       -0.20       5.55
  u_add/sum_reg[2]/CK (DFFRQX2M)           0.00       5.55 r
  library setup time                      -0.35       5.20
  data required time                                  5.20
  -----------------------------------------------------------
  data required time                                  5.20
  data arrival time                                  -2.99
  -----------------------------------------------------------
  slack (MET)                                         2.21


  Startpoint: u_add/en_reg_reg
              (rising edge-triggered flip-flop clocked by MASTER_CLK)
  Endpoint: u_add/sum_reg[1]
            (rising edge-triggered flip-flop clocked by MASTER_CLK)
  Path Group: MASTER_CLK
  Path Type: max

  Des/Clust/Port     Wire Load Model       Library
  ------------------------------------------------
  alu8_top           tsmc13_wl30           scmetro_tsmc_cl013g_rvt_ss_1p08v_125c

  Point                                    Incr       Path
  -----------------------------------------------------------
  clock MASTER_CLK (rise edge)             0.00       0.00
  clock network delay (ideal)              0.00       0.00
  u_add/en_reg_reg/CK (DFFRQX2M)           0.00       0.00 r
  u_add/en_reg_reg/Q (DFFRQX2M)            0.58       0.58 f
  u_add/U5/Y (CLKBUFX6M)                   0.83       1.40 f
  u_add/U4/Y (INVX4M)                      1.11       2.51 r
  u_add/U14/Y (AO22X1M)                    0.48       2.99 r
  u_add/sum_reg[1]/D (DFFRQX2M)            0.00       2.99 r
  data arrival time                                   2.99

  clock MASTER_CLK (rise edge)             5.75       5.75
  clock network delay (ideal)              0.00       5.75
  clock uncertainty                       -0.20       5.55
  u_add/sum_reg[1]/CK (DFFRQX2M)           0.00       5.55 r
  library setup time                      -0.35       5.20
  data required time                                  5.20
  -----------------------------------------------------------
  data required time                                  5.20
  data arrival time                                  -2.99
  -----------------------------------------------------------
  slack (MET)                                         2.21


  Startpoint: u_add/en_reg_reg
              (rising edge-triggered flip-flop clocked by MASTER_CLK)
  Endpoint: u_add/cout_reg
            (rising edge-triggered flip-flop clocked by MASTER_CLK)
  Path Group: MASTER_CLK
  Path Type: max

  Des/Clust/Port     Wire Load Model       Library
  ------------------------------------------------
  alu8_top           tsmc13_wl30           scmetro_tsmc_cl013g_rvt_ss_1p08v_125c

  Point                                    Incr       Path
  -----------------------------------------------------------
  clock MASTER_CLK (rise edge)             0.00       0.00
  clock network delay (ideal)              0.00       0.00
  u_add/en_reg_reg/CK (DFFRQX2M)           0.00       0.00 r
  u_add/en_reg_reg/Q (DFFRQX2M)            0.58       0.58 f
  u_add/U5/Y (CLKBUFX6M)                   0.83       1.40 f
  u_add/U4/Y (INVX4M)                      1.11       2.51 r
  u_add/U11/Y (AO22X1M)                    0.48       2.99 r
  u_add/cout_reg/D (DFFRQX2M)              0.00       2.99 r
  data arrival time                                   2.99

  clock MASTER_CLK (rise edge)             5.75       5.75
  clock network delay (ideal)              0.00       5.75
  clock uncertainty                       -0.20       5.55
  u_add/cout_reg/CK (DFFRQX2M)             0.00       5.55 r
  library setup time                      -0.35       5.20
  data required time                                  5.20
  -----------------------------------------------------------
  data required time                                  5.20
  data arrival time                                  -2.99
  -----------------------------------------------------------
  slack (MET)                                         2.21


  Startpoint: u_add/en_reg_reg
              (rising edge-triggered flip-flop clocked by MASTER_CLK)
  Endpoint: u_add/sum_reg[0]
            (rising edge-triggered flip-flop clocked by MASTER_CLK)
  Path Group: MASTER_CLK
  Path Type: max

  Des/Clust/Port     Wire Load Model       Library
  ------------------------------------------------
  alu8_top           tsmc13_wl30           scmetro_tsmc_cl013g_rvt_ss_1p08v_125c

  Point                                    Incr       Path
  -----------------------------------------------------------
  clock MASTER_CLK (rise edge)             0.00       0.00
  clock network delay (ideal)              0.00       0.00
  u_add/en_reg_reg/CK (DFFRQX2M)           0.00       0.00 r
  u_add/en_reg_reg/Q (DFFRQX2M)            0.58       0.58 f
  u_add/U5/Y (CLKBUFX6M)                   0.83       1.40 f
  u_add/U4/Y (INVX4M)                      1.11       2.51 r
  u_add/U12/Y (AO22X1M)                    0.48       2.99 r
  u_add/sum_reg[0]/D (DFFRQX2M)            0.00       2.99 r
  data arrival time                                   2.99

  clock MASTER_CLK (rise edge)             5.75       5.75
  clock network delay (ideal)              0.00       5.75
  clock uncertainty                       -0.20       5.55
  u_add/sum_reg[0]/CK (DFFRQX2M)           0.00       5.55 r
  library setup time                      -0.35       5.20
  data required time                                  5.20
  -----------------------------------------------------------
  data required time                                  5.20
  data arrival time                                  -2.99
  -----------------------------------------------------------
  slack (MET)                                         2.21


  Startpoint: u_mul/en_reg_reg
              (rising edge-triggered flip-flop clocked by MASTER_CLK)
  Endpoint: u_mul/product_reg[1]
            (rising edge-triggered flip-flop clocked by MASTER_CLK)
  Path Group: MASTER_CLK
  Path Type: max

  Des/Clust/Port     Wire Load Model       Library
  ------------------------------------------------
  alu8_top           tsmc13_wl30           scmetro_tsmc_cl013g_rvt_ss_1p08v_125c

  Point                                    Incr       Path
  -----------------------------------------------------------
  clock MASTER_CLK (rise edge)             0.00       0.00
  clock network delay (ideal)              0.00       0.00
  u_mul/en_reg_reg/CK (DFFRQX2M)           0.00       0.00 r
  u_mul/en_reg_reg/Q (DFFRQX2M)            0.58       0.58 f
  u_mul/U512/Y (INVX2M)                    0.84       1.42 r
  u_mul/U198/Y (INVX4M)                    0.78       2.20 f
  u_mul/U510/Y (MX2X2M)                    0.54       2.74 r
  u_mul/product_reg[1]/D (DFFRQX2M)        0.00       2.74 r
  data arrival time                                   2.74

  clock MASTER_CLK (rise edge)             5.75       5.75
  clock network delay (ideal)              0.00       5.75
  clock uncertainty                       -0.20       5.55
  u_mul/product_reg[1]/CK (DFFRQX2M)       0.00       5.55 r
  library setup time                      -0.33       5.22
  data required time                                  5.22
  -----------------------------------------------------------
  data required time                                  5.22
  data arrival time                                  -2.74
  -----------------------------------------------------------
  slack (MET)                                         2.48


  Startpoint: u_mul/en_reg_reg
              (rising edge-triggered flip-flop clocked by MASTER_CLK)
  Endpoint: u_mul/product_reg[0]
            (rising edge-triggered flip-flop clocked by MASTER_CLK)
  Path Group: MASTER_CLK
  Path Type: max

  Des/Clust/Port     Wire Load Model       Library
  ------------------------------------------------
  alu8_top           tsmc13_wl30           scmetro_tsmc_cl013g_rvt_ss_1p08v_125c

  Point                                    Incr       Path
  -----------------------------------------------------------
  clock MASTER_CLK (rise edge)             0.00       0.00
  clock network delay (ideal)              0.00       0.00
  u_mul/en_reg_reg/CK (DFFRQX2M)           0.00       0.00 r
  u_mul/en_reg_reg/Q (DFFRQX2M)            0.58       0.58 f
  u_mul/U512/Y (INVX2M)                    0.84       1.42 r
  u_mul/U218/Y (INVX4M)                    0.76       2.17 f
  u_mul/U511/Y (MX2X2M)                    0.53       2.71 r
  u_mul/product_reg[0]/D (DFFRQX2M)        0.00       2.71 r
  data arrival time                                   2.71

  clock MASTER_CLK (rise edge)             5.75       5.75
  clock network delay (ideal)              0.00       5.75
  clock uncertainty                       -0.20       5.55
  u_mul/product_reg[0]/CK (DFFRQX2M)       0.00       5.55 r
  library setup time                      -0.33       5.22
  data required time                                  5.22
  -----------------------------------------------------------
  data required time                                  5.22
  data arrival time                                  -2.71
  -----------------------------------------------------------
  slack (MET)                                         2.51


  Startpoint: u_mul/en_reg_reg
              (rising edge-triggered flip-flop clocked by MASTER_CLK)
  Endpoint: u_mul/valid_reg
            (rising edge-triggered flip-flop clocked by MASTER_CLK)
  Path Group: MASTER_CLK
  Path Type: max

  Des/Clust/Port     Wire Load Model       Library
  ------------------------------------------------
  alu8_top           tsmc13_wl30           scmetro_tsmc_cl013g_rvt_ss_1p08v_125c

  Point                                    Incr       Path
  -----------------------------------------------------------
  clock MASTER_CLK (rise edge)             0.00       0.00
  clock network delay (ideal)              0.00       0.00
  u_mul/en_reg_reg/CK (DFFRQX2M)           0.00       0.00 r
  u_mul/en_reg_reg/Q (DFFRQX2M)            0.58       0.58 f
  u_mul/U512/Y (INVX2M)                    0.84       1.42 r
  u_mul/U218/Y (INVX4M)                    0.76       2.17 f
  u_mul/valid_reg/D (DFFRQX2M)             0.00       2.17 f
  data arrival time                                   2.17

  clock MASTER_CLK (rise edge)             5.75       5.75
  clock network delay (ideal)              0.00       5.75
  clock uncertainty                       -0.20       5.55
  u_mul/valid_reg/CK (DFFRQX2M)            0.00       5.55 r
  library setup time                      -0.27       5.28
  data required time                                  5.28
  -----------------------------------------------------------
  data required time                                  5.28
  data arrival time                                  -2.17
  -----------------------------------------------------------
  slack (MET)                                         3.11


  Startpoint: u_add/en_reg_reg
              (rising edge-triggered flip-flop clocked by MASTER_CLK)
  Endpoint: u_add/valid_reg
            (rising edge-triggered flip-flop clocked by MASTER_CLK)
  Path Group: MASTER_CLK
  Path Type: max

  Des/Clust/Port     Wire Load Model       Library
  ------------------------------------------------
  alu8_top           tsmc13_wl30           scmetro_tsmc_cl013g_rvt_ss_1p08v_125c

  Point                                    Incr       Path
  -----------------------------------------------------------
  clock MASTER_CLK (rise edge)             0.00       0.00
  clock network delay (ideal)              0.00       0.00
  u_add/en_reg_reg/CK (DFFRQX2M)           0.00       0.00 r
  u_add/en_reg_reg/Q (DFFRQX2M)            0.54       0.54 r
  u_add/U5/Y (CLKBUFX6M)                   0.89       1.42 r
  u_add/valid_reg/D (DFFRQX2M)             0.00       1.42 r
  data arrival time                                   1.42

  clock MASTER_CLK (rise edge)             5.75       5.75
  clock network delay (ideal)              0.00       5.75
  clock uncertainty                       -0.20       5.55
  u_add/valid_reg/CK (DFFRQX2M)            0.00       5.55 r
  library setup time                      -0.44       5.11
  data required time                                  5.11
  -----------------------------------------------------------
  data required time                                  5.11
  data arrival time                                  -1.42
  -----------------------------------------------------------
  slack (MET)                                         3.68


  Startpoint: u_mul/product_reg[14]
              (rising edge-triggered flip-flop clocked by MASTER_CLK)
  Endpoint: result[14] (output port clocked by MASTER_CLK)
  Path Group: REGOUT
  Path Type: max

  Des/Clust/Port     Wire Load Model       Library
  ------------------------------------------------
  alu8_top           tsmc13_wl30           scmetro_tsmc_cl013g_rvt_ss_1p08v_125c

  Point                                    Incr       Path
  -----------------------------------------------------------
  clock MASTER_CLK (rise edge)             0.00       0.00
  clock network delay (ideal)              0.00       0.00
  u_mul/product_reg[14]/CK (DFFRX2M)       0.00       0.00 r
  u_mul/product_reg[14]/Q (DFFRX2M)        0.84       0.84 r
  u_mul/product[14] (mult_unit)            0.00       0.84 r
  U22/Y (AND2X8M)                          0.93       1.76 r
  result[14] (out)                         0.00       1.76 r
  data arrival time                                   1.76

  clock MASTER_CLK (rise edge)             5.75       5.75
  clock network delay (ideal)              0.00       5.75
  clock uncertainty                       -0.20       5.55
  output external delay                   -1.15       4.40
  data required time                                  4.40
  -----------------------------------------------------------
  data required time                                  4.40
  data arrival time                                  -1.76
  -----------------------------------------------------------
  slack (MET)                                         2.64


  Startpoint: u_add/sum_reg[7]
              (rising edge-triggered flip-flop clocked by MASTER_CLK)
  Endpoint: result[7] (output port clocked by MASTER_CLK)
  Path Group: REGOUT
  Path Type: max

  Des/Clust/Port     Wire Load Model       Library
  ------------------------------------------------
  alu8_top           tsmc13_wl30           scmetro_tsmc_cl013g_rvt_ss_1p08v_125c

  Point                                    Incr       Path
  -----------------------------------------------------------
  clock MASTER_CLK (rise edge)             0.00       0.00
  clock network delay (ideal)              0.00       0.00
  u_add/sum_reg[7]/CK (DFFRQX2M)           0.00       0.00 r
  u_add/sum_reg[7]/Q (DFFRQX2M)            0.73       0.73 r
  u_add/sum[7] (add_unit)                  0.00       0.73 r
  U5/Y (AO22X8M)                           0.98       1.71 r
  result[7] (out)                          0.00       1.71 r
  data arrival time                                   1.71

  clock MASTER_CLK (rise edge)             5.75       5.75
  clock network delay (ideal)              0.00       5.75
  clock uncertainty                       -0.20       5.55
  output external delay                   -1.15       4.40
  data required time                                  4.40
  -----------------------------------------------------------
  data required time                                  4.40
  data arrival time                                  -1.71
  -----------------------------------------------------------
  slack (MET)                                         2.69


  Startpoint: u_add/cout_reg
              (rising edge-triggered flip-flop clocked by MASTER_CLK)
  Endpoint: result[8] (output port clocked by MASTER_CLK)
  Path Group: REGOUT
  Path Type: max

  Des/Clust/Port     Wire Load Model       Library
  ------------------------------------------------
  alu8_top           tsmc13_wl30           scmetro_tsmc_cl013g_rvt_ss_1p08v_125c

  Point                                    Incr       Path
  -----------------------------------------------------------
  clock MASTER_CLK (rise edge)             0.00       0.00
  clock network delay (ideal)              0.00       0.00
  u_add/cout_reg/CK (DFFRQX2M)             0.00       0.00 r
  u_add/cout_reg/Q (DFFRQX2M)              0.72       0.72 r
  u_add/cout (add_unit)                    0.00       0.72 r
  U4/Y (AO22X8M)                           0.98       1.70 r
  result[8] (out)                          0.00       1.70 r
  data arrival time                                   1.70

  clock MASTER_CLK (rise edge)             5.75       5.75
  clock network delay (ideal)              0.00       5.75
  clock uncertainty                       -0.20       5.55
  output external delay                   -1.15       4.40
  data required time                                  4.40
  -----------------------------------------------------------
  data required time                                  4.40
  data arrival time                                  -1.70
  -----------------------------------------------------------
  slack (MET)                                         2.70


  Startpoint: u_add/sum_reg[6]
              (rising edge-triggered flip-flop clocked by MASTER_CLK)
  Endpoint: result[6] (output port clocked by MASTER_CLK)
  Path Group: REGOUT
  Path Type: max

  Des/Clust/Port     Wire Load Model       Library
  ------------------------------------------------
  alu8_top           tsmc13_wl30           scmetro_tsmc_cl013g_rvt_ss_1p08v_125c

  Point                                    Incr       Path
  -----------------------------------------------------------
  clock MASTER_CLK (rise edge)             0.00       0.00
  clock network delay (ideal)              0.00       0.00
  u_add/sum_reg[6]/CK (DFFRQX2M)           0.00       0.00 r
  u_add/sum_reg[6]/Q (DFFRQX2M)            0.72       0.72 r
  u_add/sum[6] (add_unit)                  0.00       0.72 r
  U6/Y (AO22X8M)                           0.98       1.70 r
  result[6] (out)                          0.00       1.70 r
  data arrival time                                   1.70

  clock MASTER_CLK (rise edge)             5.75       5.75
  clock network delay (ideal)              0.00       5.75
  clock uncertainty                       -0.20       5.55
  output external delay                   -1.15       4.40
  data required time                                  4.40
  -----------------------------------------------------------
  data required time                                  4.40
  data arrival time                                  -1.70
  -----------------------------------------------------------
  slack (MET)                                         2.70


  Startpoint: u_add/sum_reg[5]
              (rising edge-triggered flip-flop clocked by MASTER_CLK)
  Endpoint: result[5] (output port clocked by MASTER_CLK)
  Path Group: REGOUT
  Path Type: max

  Des/Clust/Port     Wire Load Model       Library
  ------------------------------------------------
  alu8_top           tsmc13_wl30           scmetro_tsmc_cl013g_rvt_ss_1p08v_125c

  Point                                    Incr       Path
  -----------------------------------------------------------
  clock MASTER_CLK (rise edge)             0.00       0.00
  clock network delay (ideal)              0.00       0.00
  u_add/sum_reg[5]/CK (DFFRQX2M)           0.00       0.00 r
  u_add/sum_reg[5]/Q (DFFRQX2M)            0.72       0.72 r
  u_add/sum[5] (add_unit)                  0.00       0.72 r
  U7/Y (AO22X8M)                           0.98       1.70 r
  result[5] (out)                          0.00       1.70 r
  data arrival time                                   1.70

  clock MASTER_CLK (rise edge)             5.75       5.75
  clock network delay (ideal)              0.00       5.75
  clock uncertainty                       -0.20       5.55
  output external delay                   -1.15       4.40
  data required time                                  4.40
  -----------------------------------------------------------
  data required time                                  4.40
  data arrival time                                  -1.70
  -----------------------------------------------------------
  slack (MET)                                         2.70


  Startpoint: u_add/sum_reg[4]
              (rising edge-triggered flip-flop clocked by MASTER_CLK)
  Endpoint: result[4] (output port clocked by MASTER_CLK)
  Path Group: REGOUT
  Path Type: max

  Des/Clust/Port     Wire Load Model       Library
  ------------------------------------------------
  alu8_top           tsmc13_wl30           scmetro_tsmc_cl013g_rvt_ss_1p08v_125c

  Point                                    Incr       Path
  -----------------------------------------------------------
  clock MASTER_CLK (rise edge)             0.00       0.00
  clock network delay (ideal)              0.00       0.00
  u_add/sum_reg[4]/CK (DFFRQX2M)           0.00       0.00 r
  u_add/sum_reg[4]/Q (DFFRQX2M)            0.72       0.72 r
  u_add/sum[4] (add_unit)                  0.00       0.72 r
  U8/Y (AO22X8M)                           0.98       1.70 r
  result[4] (out)                          0.00       1.70 r
  data arrival time                                   1.70

  clock MASTER_CLK (rise edge)             5.75       5.75
  clock network delay (ideal)              0.00       5.75
  clock uncertainty                       -0.20       5.55
  output external delay                   -1.15       4.40
  data required time                                  4.40
  -----------------------------------------------------------
  data required time                                  4.40
  data arrival time                                  -1.70
  -----------------------------------------------------------
  slack (MET)                                         2.70


  Startpoint: u_add/sum_reg[3]
              (rising edge-triggered flip-flop clocked by MASTER_CLK)
  Endpoint: result[3] (output port clocked by MASTER_CLK)
  Path Group: REGOUT
  Path Type: max

  Des/Clust/Port     Wire Load Model       Library
  ------------------------------------------------
  alu8_top           tsmc13_wl30           scmetro_tsmc_cl013g_rvt_ss_1p08v_125c

  Point                                    Incr       Path
  -----------------------------------------------------------
  clock MASTER_CLK (rise edge)             0.00       0.00
  clock network delay (ideal)              0.00       0.00
  u_add/sum_reg[3]/CK (DFFRQX2M)           0.00       0.00 r
  u_add/sum_reg[3]/Q (DFFRQX2M)            0.72       0.72 r
  u_add/sum[3] (add_unit)                  0.00       0.72 r
  U9/Y (AO22X8M)                           0.98       1.70 r
  result[3] (out)                          0.00       1.70 r
  data arrival time                                   1.70

  clock MASTER_CLK (rise edge)             5.75       5.75
  clock network delay (ideal)              0.00       5.75
  clock uncertainty                       -0.20       5.55
  output external delay                   -1.15       4.40
  data required time                                  4.40
  -----------------------------------------------------------
  data required time                                  4.40
  data arrival time                                  -1.70
  -----------------------------------------------------------
  slack (MET)                                         2.70


  Startpoint: u_add/sum_reg[2]
              (rising edge-triggered flip-flop clocked by MASTER_CLK)
  Endpoint: result[2] (output port clocked by MASTER_CLK)
  Path Group: REGOUT
  Path Type: max

  Des/Clust/Port     Wire Load Model       Library
  ------------------------------------------------
  alu8_top           tsmc13_wl30           scmetro_tsmc_cl013g_rvt_ss_1p08v_125c

  Point                                    Incr       Path
  -----------------------------------------------------------
  clock MASTER_CLK (rise edge)             0.00       0.00
  clock network delay (ideal)              0.00       0.00
  u_add/sum_reg[2]/CK (DFFRQX2M)           0.00       0.00 r
  u_add/sum_reg[2]/Q (DFFRQX2M)            0.72       0.72 r
  u_add/sum[2] (add_unit)                  0.00       0.72 r
  U10/Y (AO22X8M)                          0.98       1.70 r
  result[2] (out)                          0.00       1.70 r
  data arrival time                                   1.70

  clock MASTER_CLK (rise edge)             5.75       5.75
  clock network delay (ideal)              0.00       5.75
  clock uncertainty                       -0.20       5.55
  output external delay                   -1.15       4.40
  data required time                                  4.40
  -----------------------------------------------------------
  data required time                                  4.40
  data arrival time                                  -1.70
  -----------------------------------------------------------
  slack (MET)                                         2.70


  Startpoint: u_add/sum_reg[1]
              (rising edge-triggered flip-flop clocked by MASTER_CLK)
  Endpoint: result[1] (output port clocked by MASTER_CLK)
  Path Group: REGOUT
  Path Type: max

  Des/Clust/Port     Wire Load Model       Library
  ------------------------------------------------
  alu8_top           tsmc13_wl30           scmetro_tsmc_cl013g_rvt_ss_1p08v_125c

  Point                                    Incr       Path
  -----------------------------------------------------------
  clock MASTER_CLK (rise edge)             0.00       0.00
  clock network delay (ideal)              0.00       0.00
  u_add/sum_reg[1]/CK (DFFRQX2M)           0.00       0.00 r
  u_add/sum_reg[1]/Q (DFFRQX2M)            0.72       0.72 r
  u_add/sum[1] (add_unit)                  0.00       0.72 r
  U11/Y (AO22X8M)                          0.98       1.70 r
  result[1] (out)                          0.00       1.70 r
  data arrival time                                   1.70

  clock MASTER_CLK (rise edge)             5.75       5.75
  clock network delay (ideal)              0.00       5.75
  clock uncertainty                       -0.20       5.55
  output external delay                   -1.15       4.40
  data required time                                  4.40
  -----------------------------------------------------------
  data required time                                  4.40
  data arrival time                                  -1.70
  -----------------------------------------------------------
  slack (MET)                                         2.70


  Startpoint: u_add/sum_reg[0]
              (rising edge-triggered flip-flop clocked by MASTER_CLK)
  Endpoint: result[0] (output port clocked by MASTER_CLK)
  Path Group: REGOUT
  Path Type: max

  Des/Clust/Port     Wire Load Model       Library
  ------------------------------------------------
  alu8_top           tsmc13_wl30           scmetro_tsmc_cl013g_rvt_ss_1p08v_125c

  Point                                    Incr       Path
  -----------------------------------------------------------
  clock MASTER_CLK (rise edge)             0.00       0.00
  clock network delay (ideal)              0.00       0.00
  u_add/sum_reg[0]/CK (DFFRQX2M)           0.00       0.00 r
  u_add/sum_reg[0]/Q (DFFRQX2M)            0.72       0.72 r
  u_add/sum[0] (add_unit)                  0.00       0.72 r
  U18/Y (AO22X8M)                          0.98       1.70 r
  result[0] (out)                          0.00       1.70 r
  data arrival time                                   1.70

  clock MASTER_CLK (rise edge)             5.75       5.75
  clock network delay (ideal)              0.00       5.75
  clock uncertainty                       -0.20       5.55
  output external delay                   -1.15       4.40
  data required time                                  4.40
  -----------------------------------------------------------
  data required time                                  4.40
  data arrival time                                  -1.70
  -----------------------------------------------------------
  slack (MET)                                         2.70


  Startpoint: u_mul/product_reg[11]
              (rising edge-triggered flip-flop clocked by MASTER_CLK)
  Endpoint: result[11] (output port clocked by MASTER_CLK)
  Path Group: REGOUT
  Path Type: max

  Des/Clust/Port     Wire Load Model       Library
  ------------------------------------------------
  alu8_top           tsmc13_wl30           scmetro_tsmc_cl013g_rvt_ss_1p08v_125c

  Point                                    Incr       Path
  -----------------------------------------------------------
  clock MASTER_CLK (rise edge)             0.00       0.00
  clock network delay (ideal)              0.00       0.00
  u_mul/product_reg[11]/CK (DFFRQX2M)      0.00       0.00 r
  u_mul/product_reg[11]/Q (DFFRQX2M)       0.72       0.72 r
  u_mul/product[11] (mult_unit)            0.00       0.72 r
  U28/Y (AND2X8M)                          0.93       1.65 r
  result[11] (out)                         0.00       1.65 r
  data arrival time                                   1.65

  clock MASTER_CLK (rise edge)             5.75       5.75
  clock network delay (ideal)              0.00       5.75
  clock uncertainty                       -0.20       5.55
  output external delay                   -1.15       4.40
  data required time                                  4.40
  -----------------------------------------------------------
  data required time                                  4.40
  data arrival time                                  -1.65
  -----------------------------------------------------------
  slack (MET)                                         2.75


  Startpoint: u_mul/product_reg[10]
              (rising edge-triggered flip-flop clocked by MASTER_CLK)
  Endpoint: result[10] (output port clocked by MASTER_CLK)
  Path Group: REGOUT
  Path Type: max

  Des/Clust/Port     Wire Load Model       Library
  ------------------------------------------------
  alu8_top           tsmc13_wl30           scmetro_tsmc_cl013g_rvt_ss_1p08v_125c

  Point                                    Incr       Path
  -----------------------------------------------------------
  clock MASTER_CLK (rise edge)             0.00       0.00
  clock network delay (ideal)              0.00       0.00
  u_mul/product_reg[10]/CK (DFFRQX2M)      0.00       0.00 r
  u_mul/product_reg[10]/Q (DFFRQX2M)       0.72       0.72 r
  u_mul/product[10] (mult_unit)            0.00       0.72 r
  U27/Y (AND2X8M)                          0.93       1.65 r
  result[10] (out)                         0.00       1.65 r
  data arrival time                                   1.65

  clock MASTER_CLK (rise edge)             5.75       5.75
  clock network delay (ideal)              0.00       5.75
  clock uncertainty                       -0.20       5.55
  output external delay                   -1.15       4.40
  data required time                                  4.40
  -----------------------------------------------------------
  data required time                                  4.40
  data arrival time                                  -1.65
  -----------------------------------------------------------
  slack (MET)                                         2.75


  Startpoint: u_mul/product_reg[9]
              (rising edge-triggered flip-flop clocked by MASTER_CLK)
  Endpoint: result[9] (output port clocked by MASTER_CLK)
  Path Group: REGOUT
  Path Type: max

  Des/Clust/Port     Wire Load Model       Library
  ------------------------------------------------
  alu8_top           tsmc13_wl30           scmetro_tsmc_cl013g_rvt_ss_1p08v_125c

  Point                                    Incr       Path
  -----------------------------------------------------------
  clock MASTER_CLK (rise edge)             0.00       0.00
  clock network delay (ideal)              0.00       0.00
  u_mul/product_reg[9]/CK (DFFRQX2M)       0.00       0.00 r
  u_mul/product_reg[9]/Q (DFFRQX2M)        0.72       0.72 r
  u_mul/product[9] (mult_unit)             0.00       0.72 r
  U23/Y (AND2X8M)                          0.93       1.65 r
  result[9] (out)                          0.00       1.65 r
  data arrival time                                   1.65

  clock MASTER_CLK (rise edge)             5.75       5.75
  clock network delay (ideal)              0.00       5.75
  clock uncertainty                       -0.20       5.55
  output external delay                   -1.15       4.40
  data required time                                  4.40
  -----------------------------------------------------------
  data required time                                  4.40
  data arrival time                                  -1.65
  -----------------------------------------------------------
  slack (MET)                                         2.75


  Startpoint: u_mul/product_reg[12]
              (rising edge-triggered flip-flop clocked by MASTER_CLK)
  Endpoint: result[12] (output port clocked by MASTER_CLK)
  Path Group: REGOUT
  Path Type: max

  Des/Clust/Port     Wire Load Model       Library
  ------------------------------------------------
  alu8_top           tsmc13_wl30           scmetro_tsmc_cl013g_rvt_ss_1p08v_125c

  Point                                                   Incr       Path
  --------------------------------------------------------------------------
  clock MASTER_CLK (rise edge)                            0.00       0.00
  clock network delay (ideal)                             0.00       0.00
  u_mul/product_reg[12]/CK (DFFRHQX2M)                    0.00       0.00 r
  u_mul/product_reg[12]/Q (DFFRHQX2M)                     0.60       0.60 r
  u_mul/product[12] (mult_unit)                           0.00       0.60 r
  U29/Y (AND2X8M)                                         0.93       1.53 r
  result[12] (out)                                        0.00       1.53 r
  data arrival time                                                  1.53

  clock MASTER_CLK (rise edge)                            5.75       5.75
  clock network delay (ideal)                             0.00       5.75
  clock uncertainty                                      -0.20       5.55
  output external delay                                  -1.15       4.40
  data required time                                                 4.40
  --------------------------------------------------------------------------
  data required time                                                 4.40
  data arrival time                                                 -1.53
  --------------------------------------------------------------------------
  slack (MET)                                                        2.87


  Startpoint: u_add/valid_reg
              (rising edge-triggered flip-flop clocked by MASTER_CLK)
  Endpoint: valid (output port clocked by MASTER_CLK)
  Path Group: REGOUT
  Path Type: max

  Des/Clust/Port     Wire Load Model       Library
  ------------------------------------------------
  alu8_top           tsmc13_wl30           scmetro_tsmc_cl013g_rvt_ss_1p08v_125c

  Point                                    Incr       Path
  -----------------------------------------------------------
  clock MASTER_CLK (rise edge)             0.00       0.00
  clock network delay (ideal)              0.00       0.00
  u_add/valid_reg/CK (DFFRQX2M)            0.00       0.00 r
  u_add/valid_reg/Q (DFFRQX2M)             0.56       0.56 r
  u_add/valid (add_unit)                   0.00       0.56 r
  U2/Y (AO22X8M)                           0.94       1.49 r
  valid (out)                              0.00       1.49 r
  data arrival time                                   1.49

  clock MASTER_CLK (rise edge)             5.75       5.75
  clock network delay (ideal)              0.00       5.75
  clock uncertainty                       -0.20       5.55
  output external delay                   -1.15       4.40
  data required time                                  4.40
  -----------------------------------------------------------
  data required time                                  4.40
  data arrival time                                  -1.49
  -----------------------------------------------------------
  slack (MET)                                         2.91


  Startpoint: u_mul/product_reg[15]
              (rising edge-triggered flip-flop clocked by MASTER_CLK)
  Endpoint: result[15] (output port clocked by MASTER_CLK)
  Path Group: REGOUT
  Path Type: max

  Des/Clust/Port     Wire Load Model       Library
  ------------------------------------------------
  alu8_top           tsmc13_wl30           scmetro_tsmc_cl013g_rvt_ss_1p08v_125c

  Point                                                   Incr       Path
  --------------------------------------------------------------------------
  clock MASTER_CLK (rise edge)                            0.00       0.00
  clock network delay (ideal)                             0.00       0.00
  u_mul/product_reg[15]/CK (DFFSRHQX8M)                   0.00       0.00 r
  u_mul/product_reg[15]/Q (DFFSRHQX8M)                    0.45       0.45 r
  u_mul/product[15] (mult_unit)                           0.00       0.45 r
  U31/Y (AND2X8M)                                         0.88       1.33 r
  result[15] (out)                                        0.00       1.33 r
  data arrival time                                                  1.33

  clock MASTER_CLK (rise edge)                            5.75       5.75
  clock network delay (ideal)                             0.00       5.75
  clock uncertainty                                      -0.20       5.55
  output external delay                                  -1.15       4.40
  data required time                                                 4.40
  --------------------------------------------------------------------------
  data required time                                                 4.40
  data arrival time                                                 -1.33
  --------------------------------------------------------------------------
  slack (MET)                                                        3.07


  Startpoint: u_mul/product_reg[13]
              (rising edge-triggered flip-flop clocked by MASTER_CLK)
  Endpoint: result[13] (output port clocked by MASTER_CLK)
  Path Group: REGOUT
  Path Type: max

  Des/Clust/Port     Wire Load Model       Library
  ------------------------------------------------
  alu8_top           tsmc13_wl30           scmetro_tsmc_cl013g_rvt_ss_1p08v_125c

  Point                                                   Incr       Path
  --------------------------------------------------------------------------
  clock MASTER_CLK (rise edge)                            0.00       0.00
  clock network delay (ideal)                             0.00       0.00
  u_mul/product_reg[13]/CK (DFFSRHQX8M)                   0.00       0.00 r
  u_mul/product_reg[13]/Q (DFFSRHQX8M)                    0.44       0.44 r
  u_mul/product[13] (mult_unit)                           0.00       0.44 r
  U30/Y (AND2X8M)                                         0.87       1.31 r
  result[13] (out)                                        0.00       1.31 r
  data arrival time                                                  1.31

  clock MASTER_CLK (rise edge)                            5.75       5.75
  clock network delay (ideal)                             0.00       5.75
  clock uncertainty                                      -0.20       5.55
  output external delay                                  -1.15       4.40
  data required time                                                 4.40
  --------------------------------------------------------------------------
  data required time                                                 4.40
  data arrival time                                                 -1.31
  --------------------------------------------------------------------------
  slack (MET)                                                        3.09


1
