 
****************************************
Report : timing
        -path full
        -delay max
        -max_paths 100
Design : UART_TX_TOP
Version: O-2018.06-SP1
Date   : Sun Sep  6 08:40:31 2026
****************************************

Operating Conditions: scmetro_tsmc_cl013g_rvt_ss_1p08v_125c   Library: scmetro_tsmc_cl013g_rvt_ss_1p08v_125c
Wire Load Model Mode: top

  Startpoint: FSM_Block/currentState_reg_1_
              (rising edge-triggered flip-flop clocked by CLK)
  Endpoint: Serializer_Block/counter_reg_3_
            (rising edge-triggered flip-flop clocked by CLK)
  Path Group: CLK
  Path Type: max

  Point                                                   Incr       Path
  --------------------------------------------------------------------------
  clock CLK (rise edge)                                   0.00       0.00
  clock network delay (ideal)                             0.00       0.00
  FSM_Block/currentState_reg_1_/CK (SDFFRQX2M)            0.00       0.00 r
  FSM_Block/currentState_reg_1_/Q (SDFFRQX2M)             0.47       0.47 f
  FSM_Block/U9/Y (NAND2X2M)                               0.13       0.60 r
  FSM_Block/U5/Y (INVX2M)                                 0.09       0.70 f
  FSM_Block/U8/Y (AOI21X2M)                               0.15       0.85 r
  FSM_Block/U7/Y (AND3X2M)                                0.30       1.15 r
  FSM_Block/regData (UART_TX_FSM_test_1)                  0.00       1.15 r
  Serializer_Block/regData (Serializer_test_1)            0.00       1.15 r
  Serializer_Block/U9/Y (INVX2M)                          0.12       1.27 f
  Serializer_Block/U8/Y (NAND2X2M)                        0.14       1.40 r
  Serializer_Block/U3/Y (INVX2M)                          0.09       1.49 f
  Serializer_Block/U7/Y (AOI22X1M)                        0.25       1.74 r
  Serializer_Block/U12/Y (OAI21X2M)                       0.12       1.85 f
  Serializer_Block/U14/Y (AO21XLM)                        0.27       2.12 f
  Serializer_Block/U13/Y (AO22X1M)                        0.40       2.52 f
  Serializer_Block/counter_reg_3_/D (SDFFRQX2M)           0.00       2.52 f
  data arrival time                                                  2.52

  clock CLK (rise edge)                                1000.00    1000.00
  clock network delay (ideal)                             0.00    1000.00
  clock uncertainty                                      -0.03     999.97
  Serializer_Block/counter_reg_3_/CK (SDFFRQX2M)          0.00     999.97 r
  library setup time                                     -0.41     999.57
  data required time                                               999.57
  --------------------------------------------------------------------------
  data required time                                               999.57
  data arrival time                                                 -2.52
  --------------------------------------------------------------------------
  slack (MET)                                                      997.05


  Startpoint: FSM_Block/currentState_reg_1_
              (rising edge-triggered flip-flop clocked by CLK)
  Endpoint: Serializer_Block/counter_reg_2_
            (rising edge-triggered flip-flop clocked by CLK)
  Path Group: CLK
  Path Type: max

  Point                                                   Incr       Path
  --------------------------------------------------------------------------
  clock CLK (rise edge)                                   0.00       0.00
  clock network delay (ideal)                             0.00       0.00
  FSM_Block/currentState_reg_1_/CK (SDFFRQX2M)            0.00       0.00 r
  FSM_Block/currentState_reg_1_/Q (SDFFRQX2M)             0.47       0.47 f
  FSM_Block/U9/Y (NAND2X2M)                               0.13       0.60 r
  FSM_Block/U5/Y (INVX2M)                                 0.09       0.70 f
  FSM_Block/U8/Y (AOI21X2M)                               0.15       0.85 r
  FSM_Block/U7/Y (AND3X2M)                                0.30       1.15 r
  FSM_Block/regData (UART_TX_FSM_test_1)                  0.00       1.15 r
  Serializer_Block/regData (Serializer_test_1)            0.00       1.15 r
  Serializer_Block/U9/Y (INVX2M)                          0.12       1.27 f
  Serializer_Block/U8/Y (NAND2X2M)                        0.14       1.40 r
  Serializer_Block/U3/Y (INVX2M)                          0.09       1.49 f
  Serializer_Block/U7/Y (AOI22X1M)                        0.25       1.74 r
  Serializer_Block/U12/Y (OAI21X2M)                       0.12       1.85 f
  Serializer_Block/U6/Y (INVX2M)                          0.06       1.92 r
  Serializer_Block/U4/Y (OAI32X1M)                        0.08       1.99 f
  Serializer_Block/counter_reg_2_/D (SDFFRQX2M)           0.00       1.99 f
  data arrival time                                                  1.99

  clock CLK (rise edge)                                1000.00    1000.00
  clock network delay (ideal)                             0.00    1000.00
  clock uncertainty                                      -0.03     999.97
  Serializer_Block/counter_reg_2_/CK (SDFFRQX2M)          0.00     999.97 r
  library setup time                                     -0.41     999.57
  data required time                                               999.57
  --------------------------------------------------------------------------
  data required time                                               999.57
  data arrival time                                                 -1.99
  --------------------------------------------------------------------------
  slack (MET)                                                      997.58


  Startpoint: FSM_Block/currentState_reg_1_
              (rising edge-triggered flip-flop clocked by CLK)
  Endpoint: Serializer_Block/counter_reg_1_
            (rising edge-triggered flip-flop clocked by CLK)
  Path Group: CLK
  Path Type: max

  Point                                                   Incr       Path
  --------------------------------------------------------------------------
  clock CLK (rise edge)                                   0.00       0.00
  clock network delay (ideal)                             0.00       0.00
  FSM_Block/currentState_reg_1_/CK (SDFFRQX2M)            0.00       0.00 r
  FSM_Block/currentState_reg_1_/Q (SDFFRQX2M)             0.47       0.47 f
  FSM_Block/U9/Y (NAND2X2M)                               0.13       0.60 r
  FSM_Block/U5/Y (INVX2M)                                 0.09       0.70 f
  FSM_Block/U8/Y (AOI21X2M)                               0.15       0.85 r
  FSM_Block/U7/Y (AND3X2M)                                0.30       1.15 r
  FSM_Block/regData (UART_TX_FSM_test_1)                  0.00       1.15 r
  Serializer_Block/regData (Serializer_test_1)            0.00       1.15 r
  Serializer_Block/U9/Y (INVX2M)                          0.12       1.27 f
  Serializer_Block/U8/Y (NAND2X2M)                        0.14       1.40 r
  Serializer_Block/U3/Y (INVX2M)                          0.09       1.49 f
  Serializer_Block/U7/Y (AOI22X1M)                        0.25       1.74 r
  Serializer_Block/U10/Y (OAI32X1M)                       0.13       1.86 f
  Serializer_Block/counter_reg_1_/D (SDFFRQX2M)           0.00       1.86 f
  data arrival time                                                  1.86

  clock CLK (rise edge)                                1000.00    1000.00
  clock network delay (ideal)                             0.00    1000.00
  clock uncertainty                                      -0.03     999.97
  Serializer_Block/counter_reg_1_/CK (SDFFRQX2M)          0.00     999.97 r
  library setup time                                     -0.41     999.57
  data required time                                               999.57
  --------------------------------------------------------------------------
  data required time                                               999.57
  data arrival time                                                 -1.86
  --------------------------------------------------------------------------
  slack (MET)                                                      997.70


  Startpoint: FSM_Block/currentState_reg_1_
              (rising edge-triggered flip-flop clocked by CLK)
  Endpoint: Serializer_Block/counter_reg_0_
            (rising edge-triggered flip-flop clocked by CLK)
  Path Group: CLK
  Path Type: max

  Point                                                   Incr       Path
  --------------------------------------------------------------------------
  clock CLK (rise edge)                                   0.00       0.00
  clock network delay (ideal)                             0.00       0.00
  FSM_Block/currentState_reg_1_/CK (SDFFRQX2M)            0.00       0.00 r
  FSM_Block/currentState_reg_1_/Q (SDFFRQX2M)             0.47       0.47 f
  FSM_Block/U9/Y (NAND2X2M)                               0.13       0.60 r
  FSM_Block/U5/Y (INVX2M)                                 0.09       0.70 f
  FSM_Block/U8/Y (AOI21X2M)                               0.15       0.85 r
  FSM_Block/U7/Y (AND3X2M)                                0.30       1.15 r
  FSM_Block/regData (UART_TX_FSM_test_1)                  0.00       1.15 r
  Serializer_Block/regData (Serializer_test_1)            0.00       1.15 r
  Serializer_Block/U9/Y (INVX2M)                          0.12       1.27 f
  Serializer_Block/U8/Y (NAND2X2M)                        0.14       1.40 r
  Serializer_Block/U3/Y (INVX2M)                          0.09       1.49 f
  Serializer_Block/U11/Y (OAI32X1M)                       0.28       1.77 r
  Serializer_Block/counter_reg_0_/D (SDFFRQX2M)           0.00       1.77 r
  data arrival time                                                  1.77

  clock CLK (rise edge)                                1000.00    1000.00
  clock network delay (ideal)                             0.00    1000.00
  clock uncertainty                                      -0.03     999.97
  Serializer_Block/counter_reg_0_/CK (SDFFRQX2M)          0.00     999.97 r
  library setup time                                     -0.32     999.65
  data required time                                               999.65
  --------------------------------------------------------------------------
  data required time                                               999.65
  data arrival time                                                 -1.77
  --------------------------------------------------------------------------
  slack (MET)                                                      997.88


  Startpoint: FSM_Block/currentState_reg_1_
              (rising edge-triggered flip-flop clocked by CLK)
  Endpoint: Serializer_Block/pDataReg_reg_7_
            (rising edge-triggered flip-flop clocked by CLK)
  Path Group: CLK
  Path Type: max

  Point                                                   Incr       Path
  --------------------------------------------------------------------------
  clock CLK (rise edge)                                   0.00       0.00
  clock network delay (ideal)                             0.00       0.00
  FSM_Block/currentState_reg_1_/CK (SDFFRQX2M)            0.00       0.00 r
  FSM_Block/currentState_reg_1_/Q (SDFFRQX2M)             0.47       0.47 f
  FSM_Block/U9/Y (NAND2X2M)                               0.13       0.60 r
  FSM_Block/U5/Y (INVX2M)                                 0.09       0.70 f
  FSM_Block/U8/Y (AOI21X2M)                               0.15       0.85 r
  FSM_Block/U7/Y (AND3X2M)                                0.30       1.15 r
  FSM_Block/regData (UART_TX_FSM_test_1)                  0.00       1.15 r
  Serializer_Block/regData (Serializer_test_1)            0.00       1.15 r
  Serializer_Block/U9/Y (INVX2M)                          0.12       1.27 f
  Serializer_Block/U23/Y (AO22X1M)                        0.40       1.67 f
  Serializer_Block/pDataReg_reg_7_/D (SDFFRQX2M)          0.00       1.67 f
  data arrival time                                                  1.67

  clock CLK (rise edge)                                1000.00    1000.00
  clock network delay (ideal)                             0.00    1000.00
  clock uncertainty                                      -0.03     999.97
  Serializer_Block/pDataReg_reg_7_/CK (SDFFRQX2M)         0.00     999.97 r
  library setup time                                     -0.41     999.57
  data required time                                               999.57
  --------------------------------------------------------------------------
  data required time                                               999.57
  data arrival time                                                 -1.67
  --------------------------------------------------------------------------
  slack (MET)                                                      997.90


  Startpoint: FSM_Block/currentState_reg_1_
              (rising edge-triggered flip-flop clocked by CLK)
  Endpoint: Serializer_Block/pDataReg_reg_5_
            (rising edge-triggered flip-flop clocked by CLK)
  Path Group: CLK
  Path Type: max

  Point                                                   Incr       Path
  --------------------------------------------------------------------------
  clock CLK (rise edge)                                   0.00       0.00
  clock network delay (ideal)                             0.00       0.00
  FSM_Block/currentState_reg_1_/CK (SDFFRQX2M)            0.00       0.00 r
  FSM_Block/currentState_reg_1_/Q (SDFFRQX2M)             0.47       0.47 f
  FSM_Block/U9/Y (NAND2X2M)                               0.13       0.60 r
  FSM_Block/U5/Y (INVX2M)                                 0.09       0.70 f
  FSM_Block/U8/Y (AOI21X2M)                               0.15       0.85 r
  FSM_Block/U7/Y (AND3X2M)                                0.30       1.15 r
  FSM_Block/regData (UART_TX_FSM_test_1)                  0.00       1.15 r
  Serializer_Block/regData (Serializer_test_1)            0.00       1.15 r
  Serializer_Block/U9/Y (INVX2M)                          0.12       1.27 f
  Serializer_Block/U21/Y (AO22X1M)                        0.40       1.67 f
  Serializer_Block/pDataReg_reg_5_/D (SDFFRQX2M)          0.00       1.67 f
  data arrival time                                                  1.67

  clock CLK (rise edge)                                1000.00    1000.00
  clock network delay (ideal)                             0.00    1000.00
  clock uncertainty                                      -0.03     999.97
  Serializer_Block/pDataReg_reg_5_/CK (SDFFRQX2M)         0.00     999.97 r
  library setup time                                     -0.41     999.57
  data required time                                               999.57
  --------------------------------------------------------------------------
  data required time                                               999.57
  data arrival time                                                 -1.67
  --------------------------------------------------------------------------
  slack (MET)                                                      997.90


  Startpoint: FSM_Block/currentState_reg_1_
              (rising edge-triggered flip-flop clocked by CLK)
  Endpoint: Serializer_Block/pDataReg_reg_3_
            (rising edge-triggered flip-flop clocked by CLK)
  Path Group: CLK
  Path Type: max

  Point                                                   Incr       Path
  --------------------------------------------------------------------------
  clock CLK (rise edge)                                   0.00       0.00
  clock network delay (ideal)                             0.00       0.00
  FSM_Block/currentState_reg_1_/CK (SDFFRQX2M)            0.00       0.00 r
  FSM_Block/currentState_reg_1_/Q (SDFFRQX2M)             0.47       0.47 f
  FSM_Block/U9/Y (NAND2X2M)                               0.13       0.60 r
  FSM_Block/U5/Y (INVX2M)                                 0.09       0.70 f
  FSM_Block/U8/Y (AOI21X2M)                               0.15       0.85 r
  FSM_Block/U7/Y (AND3X2M)                                0.30       1.15 r
  FSM_Block/regData (UART_TX_FSM_test_1)                  0.00       1.15 r
  Serializer_Block/regData (Serializer_test_1)            0.00       1.15 r
  Serializer_Block/U9/Y (INVX2M)                          0.12       1.27 f
  Serializer_Block/U19/Y (AO22X1M)                        0.40       1.67 f
  Serializer_Block/pDataReg_reg_3_/D (SDFFRQX2M)          0.00       1.67 f
  data arrival time                                                  1.67

  clock CLK (rise edge)                                1000.00    1000.00
  clock network delay (ideal)                             0.00    1000.00
  clock uncertainty                                      -0.03     999.97
  Serializer_Block/pDataReg_reg_3_/CK (SDFFRQX2M)         0.00     999.97 r
  library setup time                                     -0.41     999.57
  data required time                                               999.57
  --------------------------------------------------------------------------
  data required time                                               999.57
  data arrival time                                                 -1.67
  --------------------------------------------------------------------------
  slack (MET)                                                      997.90


  Startpoint: FSM_Block/currentState_reg_1_
              (rising edge-triggered flip-flop clocked by CLK)
  Endpoint: Serializer_Block/pDataReg_reg_1_
            (rising edge-triggered flip-flop clocked by CLK)
  Path Group: CLK
  Path Type: max

  Point                                                   Incr       Path
  --------------------------------------------------------------------------
  clock CLK (rise edge)                                   0.00       0.00
  clock network delay (ideal)                             0.00       0.00
  FSM_Block/currentState_reg_1_/CK (SDFFRQX2M)            0.00       0.00 r
  FSM_Block/currentState_reg_1_/Q (SDFFRQX2M)             0.47       0.47 f
  FSM_Block/U9/Y (NAND2X2M)                               0.13       0.60 r
  FSM_Block/U5/Y (INVX2M)                                 0.09       0.70 f
  FSM_Block/U8/Y (AOI21X2M)                               0.15       0.85 r
  FSM_Block/U7/Y (AND3X2M)                                0.30       1.15 r
  FSM_Block/regData (UART_TX_FSM_test_1)                  0.00       1.15 r
  Serializer_Block/regData (Serializer_test_1)            0.00       1.15 r
  Serializer_Block/U9/Y (INVX2M)                          0.12       1.27 f
  Serializer_Block/U17/Y (AO22X1M)                        0.40       1.67 f
  Serializer_Block/pDataReg_reg_1_/D (SDFFRQX2M)          0.00       1.67 f
  data arrival time                                                  1.67

  clock CLK (rise edge)                                1000.00    1000.00
  clock network delay (ideal)                             0.00    1000.00
  clock uncertainty                                      -0.03     999.97
  Serializer_Block/pDataReg_reg_1_/CK (SDFFRQX2M)         0.00     999.97 r
  library setup time                                     -0.41     999.57
  data required time                                               999.57
  --------------------------------------------------------------------------
  data required time                                               999.57
  data arrival time                                                 -1.67
  --------------------------------------------------------------------------
  slack (MET)                                                      997.90


  Startpoint: FSM_Block/currentState_reg_1_
              (rising edge-triggered flip-flop clocked by CLK)
  Endpoint: Serializer_Block/pDataReg_reg_6_
            (rising edge-triggered flip-flop clocked by CLK)
  Path Group: CLK
  Path Type: max

  Point                                                   Incr       Path
  --------------------------------------------------------------------------
  clock CLK (rise edge)                                   0.00       0.00
  clock network delay (ideal)                             0.00       0.00
  FSM_Block/currentState_reg_1_/CK (SDFFRQX2M)            0.00       0.00 r
  FSM_Block/currentState_reg_1_/Q (SDFFRQX2M)             0.47       0.47 f
  FSM_Block/U9/Y (NAND2X2M)                               0.13       0.60 r
  FSM_Block/U5/Y (INVX2M)                                 0.09       0.70 f
  FSM_Block/U8/Y (AOI21X2M)                               0.15       0.85 r
  FSM_Block/U7/Y (AND3X2M)                                0.30       1.15 r
  FSM_Block/regData (UART_TX_FSM_test_1)                  0.00       1.15 r
  Serializer_Block/regData (Serializer_test_1)            0.00       1.15 r
  Serializer_Block/U9/Y (INVX2M)                          0.12       1.27 f
  Serializer_Block/U22/Y (AO22X1M)                        0.40       1.67 f
  Serializer_Block/pDataReg_reg_6_/D (SDFFRQX2M)          0.00       1.67 f
  data arrival time                                                  1.67

  clock CLK (rise edge)                                1000.00    1000.00
  clock network delay (ideal)                             0.00    1000.00
  clock uncertainty                                      -0.03     999.97
  Serializer_Block/pDataReg_reg_6_/CK (SDFFRQX2M)         0.00     999.97 r
  library setup time                                     -0.41     999.57
  data required time                                               999.57
  --------------------------------------------------------------------------
  data required time                                               999.57
  data arrival time                                                 -1.67
  --------------------------------------------------------------------------
  slack (MET)                                                      997.90


  Startpoint: FSM_Block/currentState_reg_1_
              (rising edge-triggered flip-flop clocked by CLK)
  Endpoint: Serializer_Block/pDataReg_reg_4_
            (rising edge-triggered flip-flop clocked by CLK)
  Path Group: CLK
  Path Type: max

  Point                                                   Incr       Path
  --------------------------------------------------------------------------
  clock CLK (rise edge)                                   0.00       0.00
  clock network delay (ideal)                             0.00       0.00
  FSM_Block/currentState_reg_1_/CK (SDFFRQX2M)            0.00       0.00 r
  FSM_Block/currentState_reg_1_/Q (SDFFRQX2M)             0.47       0.47 f
  FSM_Block/U9/Y (NAND2X2M)                               0.13       0.60 r
  FSM_Block/U5/Y (INVX2M)                                 0.09       0.70 f
  FSM_Block/U8/Y (AOI21X2M)                               0.15       0.85 r
  FSM_Block/U7/Y (AND3X2M)                                0.30       1.15 r
  FSM_Block/regData (UART_TX_FSM_test_1)                  0.00       1.15 r
  Serializer_Block/regData (Serializer_test_1)            0.00       1.15 r
  Serializer_Block/U9/Y (INVX2M)                          0.12       1.27 f
  Serializer_Block/U20/Y (AO22X1M)                        0.40       1.67 f
  Serializer_Block/pDataReg_reg_4_/D (SDFFRQX2M)          0.00       1.67 f
  data arrival time                                                  1.67

  clock CLK (rise edge)                                1000.00    1000.00
  clock network delay (ideal)                             0.00    1000.00
  clock uncertainty                                      -0.03     999.97
  Serializer_Block/pDataReg_reg_4_/CK (SDFFRQX2M)         0.00     999.97 r
  library setup time                                     -0.41     999.57
  data required time                                               999.57
  --------------------------------------------------------------------------
  data required time                                               999.57
  data arrival time                                                 -1.67
  --------------------------------------------------------------------------
  slack (MET)                                                      997.90


  Startpoint: FSM_Block/currentState_reg_1_
              (rising edge-triggered flip-flop clocked by CLK)
  Endpoint: Serializer_Block/pDataReg_reg_2_
            (rising edge-triggered flip-flop clocked by CLK)
  Path Group: CLK
  Path Type: max

  Point                                                   Incr       Path
  --------------------------------------------------------------------------
  clock CLK (rise edge)                                   0.00       0.00
  clock network delay (ideal)                             0.00       0.00
  FSM_Block/currentState_reg_1_/CK (SDFFRQX2M)            0.00       0.00 r
  FSM_Block/currentState_reg_1_/Q (SDFFRQX2M)             0.47       0.47 f
  FSM_Block/U9/Y (NAND2X2M)                               0.13       0.60 r
  FSM_Block/U5/Y (INVX2M)                                 0.09       0.70 f
  FSM_Block/U8/Y (AOI21X2M)                               0.15       0.85 r
  FSM_Block/U7/Y (AND3X2M)                                0.30       1.15 r
  FSM_Block/regData (UART_TX_FSM_test_1)                  0.00       1.15 r
  Serializer_Block/regData (Serializer_test_1)            0.00       1.15 r
  Serializer_Block/U9/Y (INVX2M)                          0.12       1.27 f
  Serializer_Block/U18/Y (AO22X1M)                        0.40       1.67 f
  Serializer_Block/pDataReg_reg_2_/D (SDFFRQX2M)          0.00       1.67 f
  data arrival time                                                  1.67

  clock CLK (rise edge)                                1000.00    1000.00
  clock network delay (ideal)                             0.00    1000.00
  clock uncertainty                                      -0.03     999.97
  Serializer_Block/pDataReg_reg_2_/CK (SDFFRQX2M)         0.00     999.97 r
  library setup time                                     -0.41     999.57
  data required time                                               999.57
  --------------------------------------------------------------------------
  data required time                                               999.57
  data arrival time                                                 -1.67
  --------------------------------------------------------------------------
  slack (MET)                                                      997.90


  Startpoint: FSM_Block/currentState_reg_1_
              (rising edge-triggered flip-flop clocked by CLK)
  Endpoint: Serializer_Block/pDataReg_reg_0_
            (rising edge-triggered flip-flop clocked by CLK)
  Path Group: CLK
  Path Type: max

  Point                                                   Incr       Path
  --------------------------------------------------------------------------
  clock CLK (rise edge)                                   0.00       0.00
  clock network delay (ideal)                             0.00       0.00
  FSM_Block/currentState_reg_1_/CK (SDFFRQX2M)            0.00       0.00 r
  FSM_Block/currentState_reg_1_/Q (SDFFRQX2M)             0.47       0.47 f
  FSM_Block/U9/Y (NAND2X2M)                               0.13       0.60 r
  FSM_Block/U5/Y (INVX2M)                                 0.09       0.70 f
  FSM_Block/U8/Y (AOI21X2M)                               0.15       0.85 r
  FSM_Block/U7/Y (AND3X2M)                                0.30       1.15 r
  FSM_Block/regData (UART_TX_FSM_test_1)                  0.00       1.15 r
  Serializer_Block/regData (Serializer_test_1)            0.00       1.15 r
  Serializer_Block/U9/Y (INVX2M)                          0.12       1.27 f
  Serializer_Block/U16/Y (AO22X1M)                        0.40       1.67 f
  Serializer_Block/pDataReg_reg_0_/D (SDFFRQX2M)          0.00       1.67 f
  data arrival time                                                  1.67

  clock CLK (rise edge)                                1000.00    1000.00
  clock network delay (ideal)                             0.00    1000.00
  clock uncertainty                                      -0.03     999.97
  Serializer_Block/pDataReg_reg_0_/CK (SDFFRQX2M)         0.00     999.97 r
  library setup time                                     -0.41     999.57
  data required time                                               999.57
  --------------------------------------------------------------------------
  data required time                                               999.57
  data arrival time                                                 -1.67
  --------------------------------------------------------------------------
  slack (MET)                                                      997.90


  Startpoint: FSM_Block/currentState_reg_1_
              (rising edge-triggered flip-flop clocked by CLK)
  Endpoint: Parity_Calc_Block/parBit_reg
            (rising edge-triggered flip-flop clocked by CLK)
  Path Group: CLK
  Path Type: max

  Point                                                   Incr       Path
  --------------------------------------------------------------------------
  clock CLK (rise edge)                                   0.00       0.00
  clock network delay (ideal)                             0.00       0.00
  FSM_Block/currentState_reg_1_/CK (SDFFRQX2M)            0.00       0.00 r
  FSM_Block/currentState_reg_1_/Q (SDFFRQX2M)             0.47       0.47 f
  FSM_Block/U9/Y (NAND2X2M)                               0.13       0.60 r
  FSM_Block/U5/Y (INVX2M)                                 0.09       0.70 f
  FSM_Block/U8/Y (AOI21X2M)                               0.15       0.85 r
  FSM_Block/U7/Y (AND3X2M)                                0.30       1.15 r
  FSM_Block/regData (UART_TX_FSM_test_1)                  0.00       1.15 r
  Parity_Calc_Block/regData (Parity_Calc_test_1)          0.00       1.15 r
  Parity_Calc_Block/U6/Y (INVX2M)                         0.07       1.21 f
  Parity_Calc_Block/U5/Y (OAI2BB2X1M)                     0.22       1.43 f
  Parity_Calc_Block/parBit_reg/D (SDFFRQX2M)              0.00       1.43 f
  data arrival time                                                  1.43

  clock CLK (rise edge)                                1000.00    1000.00
  clock network delay (ideal)                             0.00    1000.00
  clock uncertainty                                      -0.03     999.97
  Parity_Calc_Block/parBit_reg/CK (SDFFRQX2M)             0.00     999.97 r
  library setup time                                     -0.40     999.57
  data required time                                               999.57
  --------------------------------------------------------------------------
  data required time                                               999.57
  data arrival time                                                 -1.43
  --------------------------------------------------------------------------
  slack (MET)                                                      998.14


  Startpoint: Serializer_Block/counter_reg_0_
              (rising edge-triggered flip-flop clocked by CLK)
  Endpoint: FSM_Block/currentState_reg_0_
            (rising edge-triggered flip-flop clocked by CLK)
  Path Group: CLK
  Path Type: max

  Point                                                   Incr       Path
  --------------------------------------------------------------------------
  clock CLK (rise edge)                                   0.00       0.00
  clock network delay (ideal)                             0.00       0.00
  Serializer_Block/counter_reg_0_/CK (SDFFRQX2M)          0.00       0.00 r
  Serializer_Block/counter_reg_0_/Q (SDFFRQX2M)           0.43       0.43 r
  Serializer_Block/U26/Y (INVX2M)                         0.12       0.56 f
  Serializer_Block/U24/Y (NOR4X1M)                        0.33       0.89 r
  Serializer_Block/serDone (Serializer_test_1)            0.00       0.89 r
  FSM_Block/serDone (UART_TX_FSM_test_1)                  0.00       0.89 r
  FSM_Block/U14/Y (AND2X2M)                               0.18       1.07 r
  FSM_Block/U12/Y (OAI2B2X1M)                             0.12       1.18 f
  FSM_Block/currentState_reg_0_/D (SDFFRQX2M)             0.00       1.18 f
  data arrival time                                                  1.18

  clock CLK (rise edge)                                1000.00    1000.00
  clock network delay (ideal)                             0.00    1000.00
  clock uncertainty                                      -0.03     999.97
  FSM_Block/currentState_reg_0_/CK (SDFFRQX2M)            0.00     999.97 r
  library setup time                                     -0.41     999.57
  data required time                                               999.57
  --------------------------------------------------------------------------
  data required time                                               999.57
  data arrival time                                                 -1.18
  --------------------------------------------------------------------------
  slack (MET)                                                      998.38


  Startpoint: Serializer_Block/counter_reg_0_
              (rising edge-triggered flip-flop clocked by CLK)
  Endpoint: FSM_Block/currentState_reg_2_
            (rising edge-triggered flip-flop clocked by CLK)
  Path Group: CLK
  Path Type: max

  Point                                                   Incr       Path
  --------------------------------------------------------------------------
  clock CLK (rise edge)                                   0.00       0.00
  clock network delay (ideal)                             0.00       0.00
  Serializer_Block/counter_reg_0_/CK (SDFFRQX2M)          0.00       0.00 r
  Serializer_Block/counter_reg_0_/Q (SDFFRQX2M)           0.43       0.43 r
  Serializer_Block/U26/Y (INVX2M)                         0.12       0.56 f
  Serializer_Block/U24/Y (NOR4X1M)                        0.33       0.89 r
  Serializer_Block/serDone (Serializer_test_1)            0.00       0.89 r
  FSM_Block/serDone (UART_TX_FSM_test_1)                  0.00       0.89 r
  FSM_Block/U16/Y (AOI2B1X1M)                             0.16       1.05 f
  FSM_Block/U15/Y (NOR2X2M)                               0.10       1.14 r
  FSM_Block/currentState_reg_2_/D (SDFFRQX2M)             0.00       1.14 r
  data arrival time                                                  1.14

  clock CLK (rise edge)                                1000.00    1000.00
  clock network delay (ideal)                             0.00    1000.00
  clock uncertainty                                      -0.03     999.97
  FSM_Block/currentState_reg_2_/CK (SDFFRQX2M)            0.00     999.97 r
  library setup time                                     -0.27     999.70
  data required time                                               999.70
  --------------------------------------------------------------------------
  data required time                                               999.70
  data arrival time                                                 -1.14
  --------------------------------------------------------------------------
  slack (MET)                                                      998.56


  Startpoint: FSM_Block/currentState_reg_1_
              (rising edge-triggered flip-flop clocked by CLK)
  Endpoint: FSM_Block/currentState_reg_1_
            (rising edge-triggered flip-flop clocked by CLK)
  Path Group: CLK
  Path Type: max

  Point                                                   Incr       Path
  --------------------------------------------------------------------------
  clock CLK (rise edge)                                   0.00       0.00
  clock network delay (ideal)                             0.00       0.00
  FSM_Block/currentState_reg_1_/CK (SDFFRQX2M)            0.00       0.00 r
  FSM_Block/currentState_reg_1_/Q (SDFFRQX2M)             0.47       0.47 f
  FSM_Block/U9/Y (NAND2X2M)                               0.13       0.60 r
  FSM_Block/U6/Y (NAND2X2M)                               0.06       0.67 f
  FSM_Block/currentState_reg_1_/D (SDFFRQX2M)             0.00       0.67 f
  data arrival time                                                  0.67

  clock CLK (rise edge)                                1000.00    1000.00
  clock network delay (ideal)                             0.00    1000.00
  clock uncertainty                                      -0.03     999.97
  FSM_Block/currentState_reg_1_/CK (SDFFRQX2M)            0.00     999.97 r
  library setup time                                     -0.40     999.58
  data required time                                               999.58
  --------------------------------------------------------------------------
  data required time                                               999.58
  data arrival time                                                 -0.67
  --------------------------------------------------------------------------
  slack (MET)                                                      998.91


  Startpoint: Serializer_Block/counter_reg_0_
              (rising edge-triggered flip-flop clocked by CLK)
  Endpoint: Serializer_Block/counter_reg_1_
            (rising edge-triggered flip-flop clocked by CLK)
  Path Group: CLK
  Path Type: max

  Point                                                   Incr       Path
  --------------------------------------------------------------------------
  clock CLK (rise edge)                                   0.00       0.00
  clock network delay (ideal)                             0.00       0.00
  Serializer_Block/counter_reg_0_/CK (SDFFRQX2M)          0.00       0.00 r
  Serializer_Block/counter_reg_0_/Q (SDFFRQX2M)           0.49       0.49 f
  Serializer_Block/counter_reg_1_/SI (SDFFRQX2M)          0.00       0.49 f
  data arrival time                                                  0.49

  clock CLK (rise edge)                                1000.00    1000.00
  clock network delay (ideal)                             0.00    1000.00
  clock uncertainty                                      -0.03     999.97
  Serializer_Block/counter_reg_1_/CK (SDFFRQX2M)          0.00     999.97 r
  library setup time                                     -0.52     999.45
  data required time                                               999.45
  --------------------------------------------------------------------------
  data required time                                               999.45
  data arrival time                                                 -0.49
  --------------------------------------------------------------------------
  slack (MET)                                                      998.97


  Startpoint: Serializer_Block/counter_reg_1_
              (rising edge-triggered flip-flop clocked by CLK)
  Endpoint: Serializer_Block/counter_reg_2_
            (rising edge-triggered flip-flop clocked by CLK)
  Path Group: CLK
  Path Type: max

  Point                                                   Incr       Path
  --------------------------------------------------------------------------
  clock CLK (rise edge)                                   0.00       0.00
  clock network delay (ideal)                             0.00       0.00
  Serializer_Block/counter_reg_1_/CK (SDFFRQX2M)          0.00       0.00 r
  Serializer_Block/counter_reg_1_/Q (SDFFRQX2M)           0.48       0.48 f
  Serializer_Block/counter_reg_2_/SI (SDFFRQX2M)          0.00       0.48 f
  data arrival time                                                  0.48

  clock CLK (rise edge)                                1000.00    1000.00
  clock network delay (ideal)                             0.00    1000.00
  clock uncertainty                                      -0.03     999.97
  Serializer_Block/counter_reg_2_/CK (SDFFRQX2M)          0.00     999.97 r
  library setup time                                     -0.52     999.46
  data required time                                               999.46
  --------------------------------------------------------------------------
  data required time                                               999.46
  data arrival time                                                 -0.48
  --------------------------------------------------------------------------
  slack (MET)                                                      998.97


  Startpoint: FSM_Block/currentState_reg_1_
              (rising edge-triggered flip-flop clocked by CLK)
  Endpoint: FSM_Block/currentState_reg_2_
            (rising edge-triggered flip-flop clocked by CLK)
  Path Group: CLK
  Path Type: max

  Point                                                   Incr       Path
  --------------------------------------------------------------------------
  clock CLK (rise edge)                                   0.00       0.00
  clock network delay (ideal)                             0.00       0.00
  FSM_Block/currentState_reg_1_/CK (SDFFRQX2M)            0.00       0.00 r
  FSM_Block/currentState_reg_1_/Q (SDFFRQX2M)             0.47       0.47 f
  FSM_Block/currentState_reg_2_/SI (SDFFRQX2M)            0.00       0.47 f
  data arrival time                                                  0.47

  clock CLK (rise edge)                                1000.00    1000.00
  clock network delay (ideal)                             0.00    1000.00
  clock uncertainty                                      -0.03     999.97
  FSM_Block/currentState_reg_2_/CK (SDFFRQX2M)            0.00     999.97 r
  library setup time                                     -0.52     999.46
  data required time                                               999.46
  --------------------------------------------------------------------------
  data required time                                               999.46
  data arrival time                                                 -0.47
  --------------------------------------------------------------------------
  slack (MET)                                                      998.98


  Startpoint: FSM_Block/currentState_reg_2_
              (rising edge-triggered flip-flop clocked by CLK)
  Endpoint: Parity_Calc_Block/parBit_reg
            (rising edge-triggered flip-flop clocked by CLK)
  Path Group: CLK
  Path Type: max

  Point                                                   Incr       Path
  --------------------------------------------------------------------------
  clock CLK (rise edge)                                   0.00       0.00
  clock network delay (ideal)                             0.00       0.00
  FSM_Block/currentState_reg_2_/CK (SDFFRQX2M)            0.00       0.00 r
  FSM_Block/currentState_reg_2_/Q (SDFFRQX2M)             0.47       0.47 f
  FSM_Block/test_so (UART_TX_FSM_test_1)                  0.00       0.47 f
  Parity_Calc_Block/test_si (Parity_Calc_test_1)          0.00       0.47 f
  Parity_Calc_Block/parBit_reg/SI (SDFFRQX2M)             0.00       0.47 f
  data arrival time                                                  0.47

  clock CLK (rise edge)                                1000.00    1000.00
  clock network delay (ideal)                             0.00    1000.00
  clock uncertainty                                      -0.03     999.97
  Parity_Calc_Block/parBit_reg/CK (SDFFRQX2M)             0.00     999.97 r
  library setup time                                     -0.52     999.46
  data required time                                               999.46
  --------------------------------------------------------------------------
  data required time                                               999.46
  data arrival time                                                 -0.47
  --------------------------------------------------------------------------
  slack (MET)                                                      998.99


  Startpoint: Serializer_Block/counter_reg_2_
              (rising edge-triggered flip-flop clocked by CLK)
  Endpoint: Serializer_Block/counter_reg_3_
            (rising edge-triggered flip-flop clocked by CLK)
  Path Group: CLK
  Path Type: max

  Point                                                   Incr       Path
  --------------------------------------------------------------------------
  clock CLK (rise edge)                                   0.00       0.00
  clock network delay (ideal)                             0.00       0.00
  Serializer_Block/counter_reg_2_/CK (SDFFRQX2M)          0.00       0.00 r
  Serializer_Block/counter_reg_2_/Q (SDFFRQX2M)           0.46       0.46 f
  Serializer_Block/counter_reg_3_/SI (SDFFRQX2M)          0.00       0.46 f
  data arrival time                                                  0.46

  clock CLK (rise edge)                                1000.00    1000.00
  clock network delay (ideal)                             0.00    1000.00
  clock uncertainty                                      -0.03     999.97
  Serializer_Block/counter_reg_3_/CK (SDFFRQX2M)          0.00     999.97 r
  library setup time                                     -0.51     999.46
  data required time                                               999.46
  --------------------------------------------------------------------------
  data required time                                               999.46
  data arrival time                                                 -0.46
  --------------------------------------------------------------------------
  slack (MET)                                                      999.00


  Startpoint: FSM_Block/currentState_reg_0_
              (rising edge-triggered flip-flop clocked by CLK)
  Endpoint: FSM_Block/currentState_reg_1_
            (rising edge-triggered flip-flop clocked by CLK)
  Path Group: CLK
  Path Type: max

  Point                                                   Incr       Path
  --------------------------------------------------------------------------
  clock CLK (rise edge)                                   0.00       0.00
  clock network delay (ideal)                             0.00       0.00
  FSM_Block/currentState_reg_0_/CK (SDFFRQX2M)            0.00       0.00 r
  FSM_Block/currentState_reg_0_/Q (SDFFRQX2M)             0.46       0.46 f
  FSM_Block/currentState_reg_1_/SI (SDFFRQX2M)            0.00       0.46 f
  data arrival time                                                  0.46

  clock CLK (rise edge)                                1000.00    1000.00
  clock network delay (ideal)                             0.00    1000.00
  clock uncertainty                                      -0.03     999.97
  FSM_Block/currentState_reg_1_/CK (SDFFRQX2M)            0.00     999.97 r
  library setup time                                     -0.51     999.46
  data required time                                               999.46
  --------------------------------------------------------------------------
  data required time                                               999.46
  data arrival time                                                 -0.46
  --------------------------------------------------------------------------
  slack (MET)                                                      999.01


  Startpoint: Serializer_Block/counter_reg_3_
              (rising edge-triggered flip-flop clocked by CLK)
  Endpoint: Serializer_Block/pDataReg_reg_0_
            (rising edge-triggered flip-flop clocked by CLK)
  Path Group: CLK
  Path Type: max

  Point                                                   Incr       Path
  --------------------------------------------------------------------------
  clock CLK (rise edge)                                   0.00       0.00
  clock network delay (ideal)                             0.00       0.00
  Serializer_Block/counter_reg_3_/CK (SDFFRQX2M)          0.00       0.00 r
  Serializer_Block/counter_reg_3_/Q (SDFFRQX2M)           0.44       0.44 f
  Serializer_Block/pDataReg_reg_0_/SI (SDFFRQX2M)         0.00       0.44 f
  data arrival time                                                  0.44

  clock CLK (rise edge)                                1000.00    1000.00
  clock network delay (ideal)                             0.00    1000.00
  clock uncertainty                                      -0.03     999.97
  Serializer_Block/pDataReg_reg_0_/CK (SDFFRQX2M)         0.00     999.97 r
  library setup time                                     -0.51     999.46
  data required time                                               999.46
  --------------------------------------------------------------------------
  data required time                                               999.46
  data arrival time                                                 -0.44
  --------------------------------------------------------------------------
  slack (MET)                                                      999.02


  Startpoint: Serializer_Block/pDataReg_reg_6_
              (rising edge-triggered flip-flop clocked by CLK)
  Endpoint: Serializer_Block/pDataReg_reg_7_
            (rising edge-triggered flip-flop clocked by CLK)
  Path Group: CLK
  Path Type: max

  Point                                                   Incr       Path
  --------------------------------------------------------------------------
  clock CLK (rise edge)                                   0.00       0.00
  clock network delay (ideal)                             0.00       0.00
  Serializer_Block/pDataReg_reg_6_/CK (SDFFRQX2M)         0.00       0.00 r
  Serializer_Block/pDataReg_reg_6_/Q (SDFFRQX2M)          0.44       0.44 f
  Serializer_Block/pDataReg_reg_7_/SI (SDFFRQX2M)         0.00       0.44 f
  data arrival time                                                  0.44

  clock CLK (rise edge)                                1000.00    1000.00
  clock network delay (ideal)                             0.00    1000.00
  clock uncertainty                                      -0.03     999.97
  Serializer_Block/pDataReg_reg_7_/CK (SDFFRQX2M)         0.00     999.97 r
  library setup time                                     -0.51     999.46
  data required time                                               999.46
  --------------------------------------------------------------------------
  data required time                                               999.46
  data arrival time                                                 -0.44
  --------------------------------------------------------------------------
  slack (MET)                                                      999.02


  Startpoint: Serializer_Block/pDataReg_reg_4_
              (rising edge-triggered flip-flop clocked by CLK)
  Endpoint: Serializer_Block/pDataReg_reg_5_
            (rising edge-triggered flip-flop clocked by CLK)
  Path Group: CLK
  Path Type: max

  Point                                                   Incr       Path
  --------------------------------------------------------------------------
  clock CLK (rise edge)                                   0.00       0.00
  clock network delay (ideal)                             0.00       0.00
  Serializer_Block/pDataReg_reg_4_/CK (SDFFRQX2M)         0.00       0.00 r
  Serializer_Block/pDataReg_reg_4_/Q (SDFFRQX2M)          0.44       0.44 f
  Serializer_Block/pDataReg_reg_5_/SI (SDFFRQX2M)         0.00       0.44 f
  data arrival time                                                  0.44

  clock CLK (rise edge)                                1000.00    1000.00
  clock network delay (ideal)                             0.00    1000.00
  clock uncertainty                                      -0.03     999.97
  Serializer_Block/pDataReg_reg_5_/CK (SDFFRQX2M)         0.00     999.97 r
  library setup time                                     -0.51     999.46
  data required time                                               999.46
  --------------------------------------------------------------------------
  data required time                                               999.46
  data arrival time                                                 -0.44
  --------------------------------------------------------------------------
  slack (MET)                                                      999.02


  Startpoint: Serializer_Block/pDataReg_reg_2_
              (rising edge-triggered flip-flop clocked by CLK)
  Endpoint: Serializer_Block/pDataReg_reg_3_
            (rising edge-triggered flip-flop clocked by CLK)
  Path Group: CLK
  Path Type: max

  Point                                                   Incr       Path
  --------------------------------------------------------------------------
  clock CLK (rise edge)                                   0.00       0.00
  clock network delay (ideal)                             0.00       0.00
  Serializer_Block/pDataReg_reg_2_/CK (SDFFRQX2M)         0.00       0.00 r
  Serializer_Block/pDataReg_reg_2_/Q (SDFFRQX2M)          0.44       0.44 f
  Serializer_Block/pDataReg_reg_3_/SI (SDFFRQX2M)         0.00       0.44 f
  data arrival time                                                  0.44

  clock CLK (rise edge)                                1000.00    1000.00
  clock network delay (ideal)                             0.00    1000.00
  clock uncertainty                                      -0.03     999.97
  Serializer_Block/pDataReg_reg_3_/CK (SDFFRQX2M)         0.00     999.97 r
  library setup time                                     -0.51     999.46
  data required time                                               999.46
  --------------------------------------------------------------------------
  data required time                                               999.46
  data arrival time                                                 -0.44
  --------------------------------------------------------------------------
  slack (MET)                                                      999.02


  Startpoint: Serializer_Block/pDataReg_reg_0_
              (rising edge-triggered flip-flop clocked by CLK)
  Endpoint: Serializer_Block/pDataReg_reg_1_
            (rising edge-triggered flip-flop clocked by CLK)
  Path Group: CLK
  Path Type: max

  Point                                                   Incr       Path
  --------------------------------------------------------------------------
  clock CLK (rise edge)                                   0.00       0.00
  clock network delay (ideal)                             0.00       0.00
  Serializer_Block/pDataReg_reg_0_/CK (SDFFRQX2M)         0.00       0.00 r
  Serializer_Block/pDataReg_reg_0_/Q (SDFFRQX2M)          0.44       0.44 f
  Serializer_Block/pDataReg_reg_1_/SI (SDFFRQX2M)         0.00       0.44 f
  data arrival time                                                  0.44

  clock CLK (rise edge)                                1000.00    1000.00
  clock network delay (ideal)                             0.00    1000.00
  clock uncertainty                                      -0.03     999.97
  Serializer_Block/pDataReg_reg_1_/CK (SDFFRQX2M)         0.00     999.97 r
  library setup time                                     -0.51     999.46
  data required time                                               999.46
  --------------------------------------------------------------------------
  data required time                                               999.46
  data arrival time                                                 -0.44
  --------------------------------------------------------------------------
  slack (MET)                                                      999.02


  Startpoint: Serializer_Block/pDataReg_reg_5_
              (rising edge-triggered flip-flop clocked by CLK)
  Endpoint: Serializer_Block/pDataReg_reg_6_
            (rising edge-triggered flip-flop clocked by CLK)
  Path Group: CLK
  Path Type: max

  Point                                                   Incr       Path
  --------------------------------------------------------------------------
  clock CLK (rise edge)                                   0.00       0.00
  clock network delay (ideal)                             0.00       0.00
  Serializer_Block/pDataReg_reg_5_/CK (SDFFRQX2M)         0.00       0.00 r
  Serializer_Block/pDataReg_reg_5_/Q (SDFFRQX2M)          0.44       0.44 f
  Serializer_Block/pDataReg_reg_6_/SI (SDFFRQX2M)         0.00       0.44 f
  data arrival time                                                  0.44

  clock CLK (rise edge)                                1000.00    1000.00
  clock network delay (ideal)                             0.00    1000.00
  clock uncertainty                                      -0.03     999.97
  Serializer_Block/pDataReg_reg_6_/CK (SDFFRQX2M)         0.00     999.97 r
  library setup time                                     -0.51     999.46
  data required time                                               999.46
  --------------------------------------------------------------------------
  data required time                                               999.46
  data arrival time                                                 -0.44
  --------------------------------------------------------------------------
  slack (MET)                                                      999.02


  Startpoint: Serializer_Block/pDataReg_reg_3_
              (rising edge-triggered flip-flop clocked by CLK)
  Endpoint: Serializer_Block/pDataReg_reg_4_
            (rising edge-triggered flip-flop clocked by CLK)
  Path Group: CLK
  Path Type: max

  Point                                                   Incr       Path
  --------------------------------------------------------------------------
  clock CLK (rise edge)                                   0.00       0.00
  clock network delay (ideal)                             0.00       0.00
  Serializer_Block/pDataReg_reg_3_/CK (SDFFRQX2M)         0.00       0.00 r
  Serializer_Block/pDataReg_reg_3_/Q (SDFFRQX2M)          0.44       0.44 f
  Serializer_Block/pDataReg_reg_4_/SI (SDFFRQX2M)         0.00       0.44 f
  data arrival time                                                  0.44

  clock CLK (rise edge)                                1000.00    1000.00
  clock network delay (ideal)                             0.00    1000.00
  clock uncertainty                                      -0.03     999.97
  Serializer_Block/pDataReg_reg_4_/CK (SDFFRQX2M)         0.00     999.97 r
  library setup time                                     -0.51     999.46
  data required time                                               999.46
  --------------------------------------------------------------------------
  data required time                                               999.46
  data arrival time                                                 -0.44
  --------------------------------------------------------------------------
  slack (MET)                                                      999.02


  Startpoint: Serializer_Block/pDataReg_reg_1_
              (rising edge-triggered flip-flop clocked by CLK)
  Endpoint: Serializer_Block/pDataReg_reg_2_
            (rising edge-triggered flip-flop clocked by CLK)
  Path Group: CLK
  Path Type: max

  Point                                                   Incr       Path
  --------------------------------------------------------------------------
  clock CLK (rise edge)                                   0.00       0.00
  clock network delay (ideal)                             0.00       0.00
  Serializer_Block/pDataReg_reg_1_/CK (SDFFRQX2M)         0.00       0.00 r
  Serializer_Block/pDataReg_reg_1_/Q (SDFFRQX2M)          0.44       0.44 f
  Serializer_Block/pDataReg_reg_2_/SI (SDFFRQX2M)         0.00       0.44 f
  data arrival time                                                  0.44

  clock CLK (rise edge)                                1000.00    1000.00
  clock network delay (ideal)                             0.00    1000.00
  clock uncertainty                                      -0.03     999.97
  Serializer_Block/pDataReg_reg_2_/CK (SDFFRQX2M)         0.00     999.97 r
  library setup time                                     -0.51     999.46
  data required time                                               999.46
  --------------------------------------------------------------------------
  data required time                                               999.46
  data arrival time                                                 -0.44
  --------------------------------------------------------------------------
  slack (MET)                                                      999.02


  Startpoint: Parity_Calc_Block/parBit_reg
              (rising edge-triggered flip-flop clocked by CLK)
  Endpoint: Serializer_Block/counter_reg_0_
            (rising edge-triggered flip-flop clocked by CLK)
  Path Group: CLK
  Path Type: max

  Point                                                   Incr       Path
  --------------------------------------------------------------------------
  clock CLK (rise edge)                                   0.00       0.00
  clock network delay (ideal)                             0.00       0.00
  Parity_Calc_Block/parBit_reg/CK (SDFFRQX2M)             0.00       0.00 r
  Parity_Calc_Block/parBit_reg/Q (SDFFRQX2M)              0.44       0.44 f
  Parity_Calc_Block/parBit (Parity_Calc_test_1)           0.00       0.44 f
  Serializer_Block/test_si (Serializer_test_1)            0.00       0.44 f
  Serializer_Block/counter_reg_0_/SI (SDFFRQX2M)          0.00       0.44 f
  data arrival time                                                  0.44

  clock CLK (rise edge)                                1000.00    1000.00
  clock network delay (ideal)                             0.00    1000.00
  clock uncertainty                                      -0.03     999.97
  Serializer_Block/counter_reg_0_/CK (SDFFRQX2M)          0.00     999.97 r
  library setup time                                     -0.51     999.46
  data required time                                               999.46
  --------------------------------------------------------------------------
  data required time                                               999.46
  data arrival time                                                 -0.44
  --------------------------------------------------------------------------
  slack (MET)                                                      999.02


  Startpoint: FSM_Block/currentState_reg_1_
              (rising edge-triggered flip-flop clocked by DFTCLK)
  Endpoint: Serializer_Block/counter_reg_3_
            (rising edge-triggered flip-flop clocked by DFTCLK)
  Path Group: DFTCLK
  Path Type: max

  Point                                                   Incr       Path
  --------------------------------------------------------------------------
  clock DFTCLK (rise edge)                                0.00       0.00
  clock network delay (ideal)                             0.00       0.00
  FSM_Block/currentState_reg_1_/CK (SDFFRQX2M)            0.00       0.00 r
  FSM_Block/currentState_reg_1_/Q (SDFFRQX2M)             0.47       0.47 f
  FSM_Block/U9/Y (NAND2X2M)                               0.13       0.60 r
  FSM_Block/U5/Y (INVX2M)                                 0.09       0.70 f
  FSM_Block/U8/Y (AOI21X2M)                               0.15       0.85 r
  FSM_Block/U7/Y (AND3X2M)                                0.30       1.15 r
  FSM_Block/regData (UART_TX_FSM_test_1)                  0.00       1.15 r
  Serializer_Block/regData (Serializer_test_1)            0.00       1.15 r
  Serializer_Block/U9/Y (INVX2M)                          0.12       1.27 f
  Serializer_Block/U8/Y (NAND2X2M)                        0.14       1.40 r
  Serializer_Block/U3/Y (INVX2M)                          0.09       1.49 f
  Serializer_Block/U7/Y (AOI22X1M)                        0.25       1.74 r
  Serializer_Block/U12/Y (OAI21X2M)                       0.12       1.85 f
  Serializer_Block/U14/Y (AO21XLM)                        0.27       2.12 f
  Serializer_Block/U13/Y (AO22X1M)                        0.40       2.52 f
  Serializer_Block/counter_reg_3_/D (SDFFRQX2M)           0.00       2.52 f
  data arrival time                                                  2.52

  clock DFTCLK (rise edge)                             1000.00    1000.00
  clock network delay (ideal)                             0.00    1000.00
  clock uncertainty                                      -0.03     999.97
  Serializer_Block/counter_reg_3_/CK (SDFFRQX2M)          0.00     999.97 r
  library setup time                                     -0.41     999.57
  data required time                                               999.57
  --------------------------------------------------------------------------
  data required time                                               999.57
  data arrival time                                                 -2.52
  --------------------------------------------------------------------------
  slack (MET)                                                      997.05


  Startpoint: FSM_Block/currentState_reg_1_
              (rising edge-triggered flip-flop clocked by DFTCLK)
  Endpoint: Serializer_Block/counter_reg_2_
            (rising edge-triggered flip-flop clocked by DFTCLK)
  Path Group: DFTCLK
  Path Type: max

  Point                                                   Incr       Path
  --------------------------------------------------------------------------
  clock DFTCLK (rise edge)                                0.00       0.00
  clock network delay (ideal)                             0.00       0.00
  FSM_Block/currentState_reg_1_/CK (SDFFRQX2M)            0.00       0.00 r
  FSM_Block/currentState_reg_1_/Q (SDFFRQX2M)             0.47       0.47 f
  FSM_Block/U9/Y (NAND2X2M)                               0.13       0.60 r
  FSM_Block/U5/Y (INVX2M)                                 0.09       0.70 f
  FSM_Block/U8/Y (AOI21X2M)                               0.15       0.85 r
  FSM_Block/U7/Y (AND3X2M)                                0.30       1.15 r
  FSM_Block/regData (UART_TX_FSM_test_1)                  0.00       1.15 r
  Serializer_Block/regData (Serializer_test_1)            0.00       1.15 r
  Serializer_Block/U9/Y (INVX2M)                          0.12       1.27 f
  Serializer_Block/U8/Y (NAND2X2M)                        0.14       1.40 r
  Serializer_Block/U3/Y (INVX2M)                          0.09       1.49 f
  Serializer_Block/U7/Y (AOI22X1M)                        0.25       1.74 r
  Serializer_Block/U12/Y (OAI21X2M)                       0.12       1.85 f
  Serializer_Block/U6/Y (INVX2M)                          0.06       1.92 r
  Serializer_Block/U4/Y (OAI32X1M)                        0.08       1.99 f
  Serializer_Block/counter_reg_2_/D (SDFFRQX2M)           0.00       1.99 f
  data arrival time                                                  1.99

  clock DFTCLK (rise edge)                             1000.00    1000.00
  clock network delay (ideal)                             0.00    1000.00
  clock uncertainty                                      -0.03     999.97
  Serializer_Block/counter_reg_2_/CK (SDFFRQX2M)          0.00     999.97 r
  library setup time                                     -0.41     999.57
  data required time                                               999.57
  --------------------------------------------------------------------------
  data required time                                               999.57
  data arrival time                                                 -1.99
  --------------------------------------------------------------------------
  slack (MET)                                                      997.58


  Startpoint: FSM_Block/currentState_reg_1_
              (rising edge-triggered flip-flop clocked by DFTCLK)
  Endpoint: Serializer_Block/counter_reg_1_
            (rising edge-triggered flip-flop clocked by DFTCLK)
  Path Group: DFTCLK
  Path Type: max

  Point                                                   Incr       Path
  --------------------------------------------------------------------------
  clock DFTCLK (rise edge)                                0.00       0.00
  clock network delay (ideal)                             0.00       0.00
  FSM_Block/currentState_reg_1_/CK (SDFFRQX2M)            0.00       0.00 r
  FSM_Block/currentState_reg_1_/Q (SDFFRQX2M)             0.47       0.47 f
  FSM_Block/U9/Y (NAND2X2M)                               0.13       0.60 r
  FSM_Block/U5/Y (INVX2M)                                 0.09       0.70 f
  FSM_Block/U8/Y (AOI21X2M)                               0.15       0.85 r
  FSM_Block/U7/Y (AND3X2M)                                0.30       1.15 r
  FSM_Block/regData (UART_TX_FSM_test_1)                  0.00       1.15 r
  Serializer_Block/regData (Serializer_test_1)            0.00       1.15 r
  Serializer_Block/U9/Y (INVX2M)                          0.12       1.27 f
  Serializer_Block/U8/Y (NAND2X2M)                        0.14       1.40 r
  Serializer_Block/U3/Y (INVX2M)                          0.09       1.49 f
  Serializer_Block/U7/Y (AOI22X1M)                        0.25       1.74 r
  Serializer_Block/U10/Y (OAI32X1M)                       0.13       1.86 f
  Serializer_Block/counter_reg_1_/D (SDFFRQX2M)           0.00       1.86 f
  data arrival time                                                  1.86

  clock DFTCLK (rise edge)                             1000.00    1000.00
  clock network delay (ideal)                             0.00    1000.00
  clock uncertainty                                      -0.03     999.97
  Serializer_Block/counter_reg_1_/CK (SDFFRQX2M)          0.00     999.97 r
  library setup time                                     -0.41     999.57
  data required time                                               999.57
  --------------------------------------------------------------------------
  data required time                                               999.57
  data arrival time                                                 -1.86
  --------------------------------------------------------------------------
  slack (MET)                                                      997.70


  Startpoint: FSM_Block/currentState_reg_1_
              (rising edge-triggered flip-flop clocked by DFTCLK)
  Endpoint: Serializer_Block/counter_reg_0_
            (rising edge-triggered flip-flop clocked by DFTCLK)
  Path Group: DFTCLK
  Path Type: max

  Point                                                   Incr       Path
  --------------------------------------------------------------------------
  clock DFTCLK (rise edge)                                0.00       0.00
  clock network delay (ideal)                             0.00       0.00
  FSM_Block/currentState_reg_1_/CK (SDFFRQX2M)            0.00       0.00 r
  FSM_Block/currentState_reg_1_/Q (SDFFRQX2M)             0.47       0.47 f
  FSM_Block/U9/Y (NAND2X2M)                               0.13       0.60 r
  FSM_Block/U5/Y (INVX2M)                                 0.09       0.70 f
  FSM_Block/U8/Y (AOI21X2M)                               0.15       0.85 r
  FSM_Block/U7/Y (AND3X2M)                                0.30       1.15 r
  FSM_Block/regData (UART_TX_FSM_test_1)                  0.00       1.15 r
  Serializer_Block/regData (Serializer_test_1)            0.00       1.15 r
  Serializer_Block/U9/Y (INVX2M)                          0.12       1.27 f
  Serializer_Block/U8/Y (NAND2X2M)                        0.14       1.40 r
  Serializer_Block/U3/Y (INVX2M)                          0.09       1.49 f
  Serializer_Block/U11/Y (OAI32X1M)                       0.28       1.77 r
  Serializer_Block/counter_reg_0_/D (SDFFRQX2M)           0.00       1.77 r
  data arrival time                                                  1.77

  clock DFTCLK (rise edge)                             1000.00    1000.00
  clock network delay (ideal)                             0.00    1000.00
  clock uncertainty                                      -0.03     999.97
  Serializer_Block/counter_reg_0_/CK (SDFFRQX2M)          0.00     999.97 r
  library setup time                                     -0.32     999.65
  data required time                                               999.65
  --------------------------------------------------------------------------
  data required time                                               999.65
  data arrival time                                                 -1.77
  --------------------------------------------------------------------------
  slack (MET)                                                      997.88


  Startpoint: FSM_Block/currentState_reg_1_
              (rising edge-triggered flip-flop clocked by DFTCLK)
  Endpoint: Serializer_Block/pDataReg_reg_7_
            (rising edge-triggered flip-flop clocked by DFTCLK)
  Path Group: DFTCLK
  Path Type: max

  Point                                                   Incr       Path
  --------------------------------------------------------------------------
  clock DFTCLK (rise edge)                                0.00       0.00
  clock network delay (ideal)                             0.00       0.00
  FSM_Block/currentState_reg_1_/CK (SDFFRQX2M)            0.00       0.00 r
  FSM_Block/currentState_reg_1_/Q (SDFFRQX2M)             0.47       0.47 f
  FSM_Block/U9/Y (NAND2X2M)                               0.13       0.60 r
  FSM_Block/U5/Y (INVX2M)                                 0.09       0.70 f
  FSM_Block/U8/Y (AOI21X2M)                               0.15       0.85 r
  FSM_Block/U7/Y (AND3X2M)                                0.30       1.15 r
  FSM_Block/regData (UART_TX_FSM_test_1)                  0.00       1.15 r
  Serializer_Block/regData (Serializer_test_1)            0.00       1.15 r
  Serializer_Block/U9/Y (INVX2M)                          0.12       1.27 f
  Serializer_Block/U23/Y (AO22X1M)                        0.40       1.67 f
  Serializer_Block/pDataReg_reg_7_/D (SDFFRQX2M)          0.00       1.67 f
  data arrival time                                                  1.67

  clock DFTCLK (rise edge)                             1000.00    1000.00
  clock network delay (ideal)                             0.00    1000.00
  clock uncertainty                                      -0.03     999.97
  Serializer_Block/pDataReg_reg_7_/CK (SDFFRQX2M)         0.00     999.97 r
  library setup time                                     -0.41     999.57
  data required time                                               999.57
  --------------------------------------------------------------------------
  data required time                                               999.57
  data arrival time                                                 -1.67
  --------------------------------------------------------------------------
  slack (MET)                                                      997.90


  Startpoint: FSM_Block/currentState_reg_1_
              (rising edge-triggered flip-flop clocked by DFTCLK)
  Endpoint: Serializer_Block/pDataReg_reg_5_
            (rising edge-triggered flip-flop clocked by DFTCLK)
  Path Group: DFTCLK
  Path Type: max

  Point                                                   Incr       Path
  --------------------------------------------------------------------------
  clock DFTCLK (rise edge)                                0.00       0.00
  clock network delay (ideal)                             0.00       0.00
  FSM_Block/currentState_reg_1_/CK (SDFFRQX2M)            0.00       0.00 r
  FSM_Block/currentState_reg_1_/Q (SDFFRQX2M)             0.47       0.47 f
  FSM_Block/U9/Y (NAND2X2M)                               0.13       0.60 r
  FSM_Block/U5/Y (INVX2M)                                 0.09       0.70 f
  FSM_Block/U8/Y (AOI21X2M)                               0.15       0.85 r
  FSM_Block/U7/Y (AND3X2M)                                0.30       1.15 r
  FSM_Block/regData (UART_TX_FSM_test_1)                  0.00       1.15 r
  Serializer_Block/regData (Serializer_test_1)            0.00       1.15 r
  Serializer_Block/U9/Y (INVX2M)                          0.12       1.27 f
  Serializer_Block/U21/Y (AO22X1M)                        0.40       1.67 f
  Serializer_Block/pDataReg_reg_5_/D (SDFFRQX2M)          0.00       1.67 f
  data arrival time                                                  1.67

  clock DFTCLK (rise edge)                             1000.00    1000.00
  clock network delay (ideal)                             0.00    1000.00
  clock uncertainty                                      -0.03     999.97
  Serializer_Block/pDataReg_reg_5_/CK (SDFFRQX2M)         0.00     999.97 r
  library setup time                                     -0.41     999.57
  data required time                                               999.57
  --------------------------------------------------------------------------
  data required time                                               999.57
  data arrival time                                                 -1.67
  --------------------------------------------------------------------------
  slack (MET)                                                      997.90


  Startpoint: FSM_Block/currentState_reg_1_
              (rising edge-triggered flip-flop clocked by DFTCLK)
  Endpoint: Serializer_Block/pDataReg_reg_3_
            (rising edge-triggered flip-flop clocked by DFTCLK)
  Path Group: DFTCLK
  Path Type: max

  Point                                                   Incr       Path
  --------------------------------------------------------------------------
  clock DFTCLK (rise edge)                                0.00       0.00
  clock network delay (ideal)                             0.00       0.00
  FSM_Block/currentState_reg_1_/CK (SDFFRQX2M)            0.00       0.00 r
  FSM_Block/currentState_reg_1_/Q (SDFFRQX2M)             0.47       0.47 f
  FSM_Block/U9/Y (NAND2X2M)                               0.13       0.60 r
  FSM_Block/U5/Y (INVX2M)                                 0.09       0.70 f
  FSM_Block/U8/Y (AOI21X2M)                               0.15       0.85 r
  FSM_Block/U7/Y (AND3X2M)                                0.30       1.15 r
  FSM_Block/regData (UART_TX_FSM_test_1)                  0.00       1.15 r
  Serializer_Block/regData (Serializer_test_1)            0.00       1.15 r
  Serializer_Block/U9/Y (INVX2M)                          0.12       1.27 f
  Serializer_Block/U19/Y (AO22X1M)                        0.40       1.67 f
  Serializer_Block/pDataReg_reg_3_/D (SDFFRQX2M)          0.00       1.67 f
  data arrival time                                                  1.67

  clock DFTCLK (rise edge)                             1000.00    1000.00
  clock network delay (ideal)                             0.00    1000.00
  clock uncertainty                                      -0.03     999.97
  Serializer_Block/pDataReg_reg_3_/CK (SDFFRQX2M)         0.00     999.97 r
  library setup time                                     -0.41     999.57
  data required time                                               999.57
  --------------------------------------------------------------------------
  data required time                                               999.57
  data arrival time                                                 -1.67
  --------------------------------------------------------------------------
  slack (MET)                                                      997.90


  Startpoint: FSM_Block/currentState_reg_1_
              (rising edge-triggered flip-flop clocked by DFTCLK)
  Endpoint: Serializer_Block/pDataReg_reg_1_
            (rising edge-triggered flip-flop clocked by DFTCLK)
  Path Group: DFTCLK
  Path Type: max

  Point                                                   Incr       Path
  --------------------------------------------------------------------------
  clock DFTCLK (rise edge)                                0.00       0.00
  clock network delay (ideal)                             0.00       0.00
  FSM_Block/currentState_reg_1_/CK (SDFFRQX2M)            0.00       0.00 r
  FSM_Block/currentState_reg_1_/Q (SDFFRQX2M)             0.47       0.47 f
  FSM_Block/U9/Y (NAND2X2M)                               0.13       0.60 r
  FSM_Block/U5/Y (INVX2M)                                 0.09       0.70 f
  FSM_Block/U8/Y (AOI21X2M)                               0.15       0.85 r
  FSM_Block/U7/Y (AND3X2M)                                0.30       1.15 r
  FSM_Block/regData (UART_TX_FSM_test_1)                  0.00       1.15 r
  Serializer_Block/regData (Serializer_test_1)            0.00       1.15 r
  Serializer_Block/U9/Y (INVX2M)                          0.12       1.27 f
  Serializer_Block/U17/Y (AO22X1M)                        0.40       1.67 f
  Serializer_Block/pDataReg_reg_1_/D (SDFFRQX2M)          0.00       1.67 f
  data arrival time                                                  1.67

  clock DFTCLK (rise edge)                             1000.00    1000.00
  clock network delay (ideal)                             0.00    1000.00
  clock uncertainty                                      -0.03     999.97
  Serializer_Block/pDataReg_reg_1_/CK (SDFFRQX2M)         0.00     999.97 r
  library setup time                                     -0.41     999.57
  data required time                                               999.57
  --------------------------------------------------------------------------
  data required time                                               999.57
  data arrival time                                                 -1.67
  --------------------------------------------------------------------------
  slack (MET)                                                      997.90


  Startpoint: FSM_Block/currentState_reg_1_
              (rising edge-triggered flip-flop clocked by DFTCLK)
  Endpoint: Serializer_Block/pDataReg_reg_6_
            (rising edge-triggered flip-flop clocked by DFTCLK)
  Path Group: DFTCLK
  Path Type: max

  Point                                                   Incr       Path
  --------------------------------------------------------------------------
  clock DFTCLK (rise edge)                                0.00       0.00
  clock network delay (ideal)                             0.00       0.00
  FSM_Block/currentState_reg_1_/CK (SDFFRQX2M)            0.00       0.00 r
  FSM_Block/currentState_reg_1_/Q (SDFFRQX2M)             0.47       0.47 f
  FSM_Block/U9/Y (NAND2X2M)                               0.13       0.60 r
  FSM_Block/U5/Y (INVX2M)                                 0.09       0.70 f
  FSM_Block/U8/Y (AOI21X2M)                               0.15       0.85 r
  FSM_Block/U7/Y (AND3X2M)                                0.30       1.15 r
  FSM_Block/regData (UART_TX_FSM_test_1)                  0.00       1.15 r
  Serializer_Block/regData (Serializer_test_1)            0.00       1.15 r
  Serializer_Block/U9/Y (INVX2M)                          0.12       1.27 f
  Serializer_Block/U22/Y (AO22X1M)                        0.40       1.67 f
  Serializer_Block/pDataReg_reg_6_/D (SDFFRQX2M)          0.00       1.67 f
  data arrival time                                                  1.67

  clock DFTCLK (rise edge)                             1000.00    1000.00
  clock network delay (ideal)                             0.00    1000.00
  clock uncertainty                                      -0.03     999.97
  Serializer_Block/pDataReg_reg_6_/CK (SDFFRQX2M)         0.00     999.97 r
  library setup time                                     -0.41     999.57
  data required time                                               999.57
  --------------------------------------------------------------------------
  data required time                                               999.57
  data arrival time                                                 -1.67
  --------------------------------------------------------------------------
  slack (MET)                                                      997.90


  Startpoint: FSM_Block/currentState_reg_1_
              (rising edge-triggered flip-flop clocked by DFTCLK)
  Endpoint: Serializer_Block/pDataReg_reg_4_
            (rising edge-triggered flip-flop clocked by DFTCLK)
  Path Group: DFTCLK
  Path Type: max

  Point                                                   Incr       Path
  --------------------------------------------------------------------------
  clock DFTCLK (rise edge)                                0.00       0.00
  clock network delay (ideal)                             0.00       0.00
  FSM_Block/currentState_reg_1_/CK (SDFFRQX2M)            0.00       0.00 r
  FSM_Block/currentState_reg_1_/Q (SDFFRQX2M)             0.47       0.47 f
  FSM_Block/U9/Y (NAND2X2M)                               0.13       0.60 r
  FSM_Block/U5/Y (INVX2M)                                 0.09       0.70 f
  FSM_Block/U8/Y (AOI21X2M)                               0.15       0.85 r
  FSM_Block/U7/Y (AND3X2M)                                0.30       1.15 r
  FSM_Block/regData (UART_TX_FSM_test_1)                  0.00       1.15 r
  Serializer_Block/regData (Serializer_test_1)            0.00       1.15 r
  Serializer_Block/U9/Y (INVX2M)                          0.12       1.27 f
  Serializer_Block/U20/Y (AO22X1M)                        0.40       1.67 f
  Serializer_Block/pDataReg_reg_4_/D (SDFFRQX2M)          0.00       1.67 f
  data arrival time                                                  1.67

  clock DFTCLK (rise edge)                             1000.00    1000.00
  clock network delay (ideal)                             0.00    1000.00
  clock uncertainty                                      -0.03     999.97
  Serializer_Block/pDataReg_reg_4_/CK (SDFFRQX2M)         0.00     999.97 r
  library setup time                                     -0.41     999.57
  data required time                                               999.57
  --------------------------------------------------------------------------
  data required time                                               999.57
  data arrival time                                                 -1.67
  --------------------------------------------------------------------------
  slack (MET)                                                      997.90


  Startpoint: FSM_Block/currentState_reg_1_
              (rising edge-triggered flip-flop clocked by DFTCLK)
  Endpoint: Serializer_Block/pDataReg_reg_2_
            (rising edge-triggered flip-flop clocked by DFTCLK)
  Path Group: DFTCLK
  Path Type: max

  Point                                                   Incr       Path
  --------------------------------------------------------------------------
  clock DFTCLK (rise edge)                                0.00       0.00
  clock network delay (ideal)                             0.00       0.00
  FSM_Block/currentState_reg_1_/CK (SDFFRQX2M)            0.00       0.00 r
  FSM_Block/currentState_reg_1_/Q (SDFFRQX2M)             0.47       0.47 f
  FSM_Block/U9/Y (NAND2X2M)                               0.13       0.60 r
  FSM_Block/U5/Y (INVX2M)                                 0.09       0.70 f
  FSM_Block/U8/Y (AOI21X2M)                               0.15       0.85 r
  FSM_Block/U7/Y (AND3X2M)                                0.30       1.15 r
  FSM_Block/regData (UART_TX_FSM_test_1)                  0.00       1.15 r
  Serializer_Block/regData (Serializer_test_1)            0.00       1.15 r
  Serializer_Block/U9/Y (INVX2M)                          0.12       1.27 f
  Serializer_Block/U18/Y (AO22X1M)                        0.40       1.67 f
  Serializer_Block/pDataReg_reg_2_/D (SDFFRQX2M)          0.00       1.67 f
  data arrival time                                                  1.67

  clock DFTCLK (rise edge)                             1000.00    1000.00
  clock network delay (ideal)                             0.00    1000.00
  clock uncertainty                                      -0.03     999.97
  Serializer_Block/pDataReg_reg_2_/CK (SDFFRQX2M)         0.00     999.97 r
  library setup time                                     -0.41     999.57
  data required time                                               999.57
  --------------------------------------------------------------------------
  data required time                                               999.57
  data arrival time                                                 -1.67
  --------------------------------------------------------------------------
  slack (MET)                                                      997.90


  Startpoint: FSM_Block/currentState_reg_1_
              (rising edge-triggered flip-flop clocked by DFTCLK)
  Endpoint: Serializer_Block/pDataReg_reg_0_
            (rising edge-triggered flip-flop clocked by DFTCLK)
  Path Group: DFTCLK
  Path Type: max

  Point                                                   Incr       Path
  --------------------------------------------------------------------------
  clock DFTCLK (rise edge)                                0.00       0.00
  clock network delay (ideal)                             0.00       0.00
  FSM_Block/currentState_reg_1_/CK (SDFFRQX2M)            0.00       0.00 r
  FSM_Block/currentState_reg_1_/Q (SDFFRQX2M)             0.47       0.47 f
  FSM_Block/U9/Y (NAND2X2M)                               0.13       0.60 r
  FSM_Block/U5/Y (INVX2M)                                 0.09       0.70 f
  FSM_Block/U8/Y (AOI21X2M)                               0.15       0.85 r
  FSM_Block/U7/Y (AND3X2M)                                0.30       1.15 r
  FSM_Block/regData (UART_TX_FSM_test_1)                  0.00       1.15 r
  Serializer_Block/regData (Serializer_test_1)            0.00       1.15 r
  Serializer_Block/U9/Y (INVX2M)                          0.12       1.27 f
  Serializer_Block/U16/Y (AO22X1M)                        0.40       1.67 f
  Serializer_Block/pDataReg_reg_0_/D (SDFFRQX2M)          0.00       1.67 f
  data arrival time                                                  1.67

  clock DFTCLK (rise edge)                             1000.00    1000.00
  clock network delay (ideal)                             0.00    1000.00
  clock uncertainty                                      -0.03     999.97
  Serializer_Block/pDataReg_reg_0_/CK (SDFFRQX2M)         0.00     999.97 r
  library setup time                                     -0.41     999.57
  data required time                                               999.57
  --------------------------------------------------------------------------
  data required time                                               999.57
  data arrival time                                                 -1.67
  --------------------------------------------------------------------------
  slack (MET)                                                      997.90


  Startpoint: FSM_Block/currentState_reg_1_
              (rising edge-triggered flip-flop clocked by DFTCLK)
  Endpoint: Parity_Calc_Block/parBit_reg
            (rising edge-triggered flip-flop clocked by DFTCLK)
  Path Group: DFTCLK
  Path Type: max

  Point                                                   Incr       Path
  --------------------------------------------------------------------------
  clock DFTCLK (rise edge)                                0.00       0.00
  clock network delay (ideal)                             0.00       0.00
  FSM_Block/currentState_reg_1_/CK (SDFFRQX2M)            0.00       0.00 r
  FSM_Block/currentState_reg_1_/Q (SDFFRQX2M)             0.47       0.47 f
  FSM_Block/U9/Y (NAND2X2M)                               0.13       0.60 r
  FSM_Block/U5/Y (INVX2M)                                 0.09       0.70 f
  FSM_Block/U8/Y (AOI21X2M)                               0.15       0.85 r
  FSM_Block/U7/Y (AND3X2M)                                0.30       1.15 r
  FSM_Block/regData (UART_TX_FSM_test_1)                  0.00       1.15 r
  Parity_Calc_Block/regData (Parity_Calc_test_1)          0.00       1.15 r
  Parity_Calc_Block/U6/Y (INVX2M)                         0.07       1.21 f
  Parity_Calc_Block/U5/Y (OAI2BB2X1M)                     0.22       1.43 f
  Parity_Calc_Block/parBit_reg/D (SDFFRQX2M)              0.00       1.43 f
  data arrival time                                                  1.43

  clock DFTCLK (rise edge)                             1000.00    1000.00
  clock network delay (ideal)                             0.00    1000.00
  clock uncertainty                                      -0.03     999.97
  Parity_Calc_Block/parBit_reg/CK (SDFFRQX2M)             0.00     999.97 r
  library setup time                                     -0.40     999.57
  data required time                                               999.57
  --------------------------------------------------------------------------
  data required time                                               999.57
  data arrival time                                                 -1.43
  --------------------------------------------------------------------------
  slack (MET)                                                      998.14


  Startpoint: Serializer_Block/counter_reg_0_
              (rising edge-triggered flip-flop clocked by DFTCLK)
  Endpoint: FSM_Block/currentState_reg_0_
            (rising edge-triggered flip-flop clocked by DFTCLK)
  Path Group: DFTCLK
  Path Type: max

  Point                                                   Incr       Path
  --------------------------------------------------------------------------
  clock DFTCLK (rise edge)                                0.00       0.00
  clock network delay (ideal)                             0.00       0.00
  Serializer_Block/counter_reg_0_/CK (SDFFRQX2M)          0.00       0.00 r
  Serializer_Block/counter_reg_0_/Q (SDFFRQX2M)           0.43       0.43 r
  Serializer_Block/U26/Y (INVX2M)                         0.12       0.56 f
  Serializer_Block/U24/Y (NOR4X1M)                        0.33       0.89 r
  Serializer_Block/serDone (Serializer_test_1)            0.00       0.89 r
  FSM_Block/serDone (UART_TX_FSM_test_1)                  0.00       0.89 r
  FSM_Block/U14/Y (AND2X2M)                               0.18       1.07 r
  FSM_Block/U12/Y (OAI2B2X1M)                             0.12       1.18 f
  FSM_Block/currentState_reg_0_/D (SDFFRQX2M)             0.00       1.18 f
  data arrival time                                                  1.18

  clock DFTCLK (rise edge)                             1000.00    1000.00
  clock network delay (ideal)                             0.00    1000.00
  clock uncertainty                                      -0.03     999.97
  FSM_Block/currentState_reg_0_/CK (SDFFRQX2M)            0.00     999.97 r
  library setup time                                     -0.41     999.57
  data required time                                               999.57
  --------------------------------------------------------------------------
  data required time                                               999.57
  data arrival time                                                 -1.18
  --------------------------------------------------------------------------
  slack (MET)                                                      998.38


  Startpoint: Serializer_Block/counter_reg_0_
              (rising edge-triggered flip-flop clocked by DFTCLK)
  Endpoint: FSM_Block/currentState_reg_2_
            (rising edge-triggered flip-flop clocked by DFTCLK)
  Path Group: DFTCLK
  Path Type: max

  Point                                                   Incr       Path
  --------------------------------------------------------------------------
  clock DFTCLK (rise edge)                                0.00       0.00
  clock network delay (ideal)                             0.00       0.00
  Serializer_Block/counter_reg_0_/CK (SDFFRQX2M)          0.00       0.00 r
  Serializer_Block/counter_reg_0_/Q (SDFFRQX2M)           0.43       0.43 r
  Serializer_Block/U26/Y (INVX2M)                         0.12       0.56 f
  Serializer_Block/U24/Y (NOR4X1M)                        0.33       0.89 r
  Serializer_Block/serDone (Serializer_test_1)            0.00       0.89 r
  FSM_Block/serDone (UART_TX_FSM_test_1)                  0.00       0.89 r
  FSM_Block/U16/Y (AOI2B1X1M)                             0.16       1.05 f
  FSM_Block/U15/Y (NOR2X2M)                               0.10       1.14 r
  FSM_Block/currentState_reg_2_/D (SDFFRQX2M)             0.00       1.14 r
  data arrival time                                                  1.14

  clock DFTCLK (rise edge)                             1000.00    1000.00
  clock network delay (ideal)                             0.00    1000.00
  clock uncertainty                                      -0.03     999.97
  FSM_Block/currentState_reg_2_/CK (SDFFRQX2M)            0.00     999.97 r
  library setup time                                     -0.27     999.70
  data required time                                               999.70
  --------------------------------------------------------------------------
  data required time                                               999.70
  data arrival time                                                 -1.14
  --------------------------------------------------------------------------
  slack (MET)                                                      998.56


  Startpoint: FSM_Block/currentState_reg_1_
              (rising edge-triggered flip-flop clocked by DFTCLK)
  Endpoint: FSM_Block/currentState_reg_1_
            (rising edge-triggered flip-flop clocked by DFTCLK)
  Path Group: DFTCLK
  Path Type: max

  Point                                                   Incr       Path
  --------------------------------------------------------------------------
  clock DFTCLK (rise edge)                                0.00       0.00
  clock network delay (ideal)                             0.00       0.00
  FSM_Block/currentState_reg_1_/CK (SDFFRQX2M)            0.00       0.00 r
  FSM_Block/currentState_reg_1_/Q (SDFFRQX2M)             0.47       0.47 f
  FSM_Block/U9/Y (NAND2X2M)                               0.13       0.60 r
  FSM_Block/U6/Y (NAND2X2M)                               0.06       0.67 f
  FSM_Block/currentState_reg_1_/D (SDFFRQX2M)             0.00       0.67 f
  data arrival time                                                  0.67

  clock DFTCLK (rise edge)                             1000.00    1000.00
  clock network delay (ideal)                             0.00    1000.00
  clock uncertainty                                      -0.03     999.97
  FSM_Block/currentState_reg_1_/CK (SDFFRQX2M)            0.00     999.97 r
  library setup time                                     -0.40     999.58
  data required time                                               999.58
  --------------------------------------------------------------------------
  data required time                                               999.58
  data arrival time                                                 -0.67
  --------------------------------------------------------------------------
  slack (MET)                                                      998.91


  Startpoint: Serializer_Block/counter_reg_0_
              (rising edge-triggered flip-flop clocked by DFTCLK)
  Endpoint: Serializer_Block/counter_reg_1_
            (rising edge-triggered flip-flop clocked by DFTCLK)
  Path Group: DFTCLK
  Path Type: max

  Point                                                   Incr       Path
  --------------------------------------------------------------------------
  clock DFTCLK (rise edge)                                0.00       0.00
  clock network delay (ideal)                             0.00       0.00
  Serializer_Block/counter_reg_0_/CK (SDFFRQX2M)          0.00       0.00 r
  Serializer_Block/counter_reg_0_/Q (SDFFRQX2M)           0.49       0.49 f
  Serializer_Block/counter_reg_1_/SI (SDFFRQX2M)          0.00       0.49 f
  data arrival time                                                  0.49

  clock DFTCLK (rise edge)                             1000.00    1000.00
  clock network delay (ideal)                             0.00    1000.00
  clock uncertainty                                      -0.03     999.97
  Serializer_Block/counter_reg_1_/CK (SDFFRQX2M)          0.00     999.97 r
  library setup time                                     -0.52     999.45
  data required time                                               999.45
  --------------------------------------------------------------------------
  data required time                                               999.45
  data arrival time                                                 -0.49
  --------------------------------------------------------------------------
  slack (MET)                                                      998.97


  Startpoint: Serializer_Block/counter_reg_1_
              (rising edge-triggered flip-flop clocked by DFTCLK)
  Endpoint: Serializer_Block/counter_reg_2_
            (rising edge-triggered flip-flop clocked by DFTCLK)
  Path Group: DFTCLK
  Path Type: max

  Point                                                   Incr       Path
  --------------------------------------------------------------------------
  clock DFTCLK (rise edge)                                0.00       0.00
  clock network delay (ideal)                             0.00       0.00
  Serializer_Block/counter_reg_1_/CK (SDFFRQX2M)          0.00       0.00 r
  Serializer_Block/counter_reg_1_/Q (SDFFRQX2M)           0.48       0.48 f
  Serializer_Block/counter_reg_2_/SI (SDFFRQX2M)          0.00       0.48 f
  data arrival time                                                  0.48

  clock DFTCLK (rise edge)                             1000.00    1000.00
  clock network delay (ideal)                             0.00    1000.00
  clock uncertainty                                      -0.03     999.97
  Serializer_Block/counter_reg_2_/CK (SDFFRQX2M)          0.00     999.97 r
  library setup time                                     -0.52     999.46
  data required time                                               999.46
  --------------------------------------------------------------------------
  data required time                                               999.46
  data arrival time                                                 -0.48
  --------------------------------------------------------------------------
  slack (MET)                                                      998.97


  Startpoint: FSM_Block/currentState_reg_1_
              (rising edge-triggered flip-flop clocked by DFTCLK)
  Endpoint: FSM_Block/currentState_reg_2_
            (rising edge-triggered flip-flop clocked by DFTCLK)
  Path Group: DFTCLK
  Path Type: max

  Point                                                   Incr       Path
  --------------------------------------------------------------------------
  clock DFTCLK (rise edge)                                0.00       0.00
  clock network delay (ideal)                             0.00       0.00
  FSM_Block/currentState_reg_1_/CK (SDFFRQX2M)            0.00       0.00 r
  FSM_Block/currentState_reg_1_/Q (SDFFRQX2M)             0.47       0.47 f
  FSM_Block/currentState_reg_2_/SI (SDFFRQX2M)            0.00       0.47 f
  data arrival time                                                  0.47

  clock DFTCLK (rise edge)                             1000.00    1000.00
  clock network delay (ideal)                             0.00    1000.00
  clock uncertainty                                      -0.03     999.97
  FSM_Block/currentState_reg_2_/CK (SDFFRQX2M)            0.00     999.97 r
  library setup time                                     -0.52     999.46
  data required time                                               999.46
  --------------------------------------------------------------------------
  data required time                                               999.46
  data arrival time                                                 -0.47
  --------------------------------------------------------------------------
  slack (MET)                                                      998.98


  Startpoint: FSM_Block/currentState_reg_2_
              (rising edge-triggered flip-flop clocked by DFTCLK)
  Endpoint: Parity_Calc_Block/parBit_reg
            (rising edge-triggered flip-flop clocked by DFTCLK)
  Path Group: DFTCLK
  Path Type: max

  Point                                                   Incr       Path
  --------------------------------------------------------------------------
  clock DFTCLK (rise edge)                                0.00       0.00
  clock network delay (ideal)                             0.00       0.00
  FSM_Block/currentState_reg_2_/CK (SDFFRQX2M)            0.00       0.00 r
  FSM_Block/currentState_reg_2_/Q (SDFFRQX2M)             0.47       0.47 f
  FSM_Block/test_so (UART_TX_FSM_test_1)                  0.00       0.47 f
  Parity_Calc_Block/test_si (Parity_Calc_test_1)          0.00       0.47 f
  Parity_Calc_Block/parBit_reg/SI (SDFFRQX2M)             0.00       0.47 f
  data arrival time                                                  0.47

  clock DFTCLK (rise edge)                             1000.00    1000.00
  clock network delay (ideal)                             0.00    1000.00
  clock uncertainty                                      -0.03     999.97
  Parity_Calc_Block/parBit_reg/CK (SDFFRQX2M)             0.00     999.97 r
  library setup time                                     -0.52     999.46
  data required time                                               999.46
  --------------------------------------------------------------------------
  data required time                                               999.46
  data arrival time                                                 -0.47
  --------------------------------------------------------------------------
  slack (MET)                                                      998.99


  Startpoint: Serializer_Block/counter_reg_2_
              (rising edge-triggered flip-flop clocked by DFTCLK)
  Endpoint: Serializer_Block/counter_reg_3_
            (rising edge-triggered flip-flop clocked by DFTCLK)
  Path Group: DFTCLK
  Path Type: max

  Point                                                   Incr       Path
  --------------------------------------------------------------------------
  clock DFTCLK (rise edge)                                0.00       0.00
  clock network delay (ideal)                             0.00       0.00
  Serializer_Block/counter_reg_2_/CK (SDFFRQX2M)          0.00       0.00 r
  Serializer_Block/counter_reg_2_/Q (SDFFRQX2M)           0.46       0.46 f
  Serializer_Block/counter_reg_3_/SI (SDFFRQX2M)          0.00       0.46 f
  data arrival time                                                  0.46

  clock DFTCLK (rise edge)                             1000.00    1000.00
  clock network delay (ideal)                             0.00    1000.00
  clock uncertainty                                      -0.03     999.97
  Serializer_Block/counter_reg_3_/CK (SDFFRQX2M)          0.00     999.97 r
  library setup time                                     -0.51     999.46
  data required time                                               999.46
  --------------------------------------------------------------------------
  data required time                                               999.46
  data arrival time                                                 -0.46
  --------------------------------------------------------------------------
  slack (MET)                                                      999.00


  Startpoint: FSM_Block/currentState_reg_0_
              (rising edge-triggered flip-flop clocked by DFTCLK)
  Endpoint: FSM_Block/currentState_reg_1_
            (rising edge-triggered flip-flop clocked by DFTCLK)
  Path Group: DFTCLK
  Path Type: max

  Point                                                   Incr       Path
  --------------------------------------------------------------------------
  clock DFTCLK (rise edge)                                0.00       0.00
  clock network delay (ideal)                             0.00       0.00
  FSM_Block/currentState_reg_0_/CK (SDFFRQX2M)            0.00       0.00 r
  FSM_Block/currentState_reg_0_/Q (SDFFRQX2M)             0.46       0.46 f
  FSM_Block/currentState_reg_1_/SI (SDFFRQX2M)            0.00       0.46 f
  data arrival time                                                  0.46

  clock DFTCLK (rise edge)                             1000.00    1000.00
  clock network delay (ideal)                             0.00    1000.00
  clock uncertainty                                      -0.03     999.97
  FSM_Block/currentState_reg_1_/CK (SDFFRQX2M)            0.00     999.97 r
  library setup time                                     -0.51     999.46
  data required time                                               999.46
  --------------------------------------------------------------------------
  data required time                                               999.46
  data arrival time                                                 -0.46
  --------------------------------------------------------------------------
  slack (MET)                                                      999.01


  Startpoint: Serializer_Block/counter_reg_3_
              (rising edge-triggered flip-flop clocked by DFTCLK)
  Endpoint: Serializer_Block/pDataReg_reg_0_
            (rising edge-triggered flip-flop clocked by DFTCLK)
  Path Group: DFTCLK
  Path Type: max

  Point                                                   Incr       Path
  --------------------------------------------------------------------------
  clock DFTCLK (rise edge)                                0.00       0.00
  clock network delay (ideal)                             0.00       0.00
  Serializer_Block/counter_reg_3_/CK (SDFFRQX2M)          0.00       0.00 r
  Serializer_Block/counter_reg_3_/Q (SDFFRQX2M)           0.44       0.44 f
  Serializer_Block/pDataReg_reg_0_/SI (SDFFRQX2M)         0.00       0.44 f
  data arrival time                                                  0.44

  clock DFTCLK (rise edge)                             1000.00    1000.00
  clock network delay (ideal)                             0.00    1000.00
  clock uncertainty                                      -0.03     999.97
  Serializer_Block/pDataReg_reg_0_/CK (SDFFRQX2M)         0.00     999.97 r
  library setup time                                     -0.51     999.46
  data required time                                               999.46
  --------------------------------------------------------------------------
  data required time                                               999.46
  data arrival time                                                 -0.44
  --------------------------------------------------------------------------
  slack (MET)                                                      999.02


  Startpoint: Serializer_Block/pDataReg_reg_6_
              (rising edge-triggered flip-flop clocked by DFTCLK)
  Endpoint: Serializer_Block/pDataReg_reg_7_
            (rising edge-triggered flip-flop clocked by DFTCLK)
  Path Group: DFTCLK
  Path Type: max

  Point                                                   Incr       Path
  --------------------------------------------------------------------------
  clock DFTCLK (rise edge)                                0.00       0.00
  clock network delay (ideal)                             0.00       0.00
  Serializer_Block/pDataReg_reg_6_/CK (SDFFRQX2M)         0.00       0.00 r
  Serializer_Block/pDataReg_reg_6_/Q (SDFFRQX2M)          0.44       0.44 f
  Serializer_Block/pDataReg_reg_7_/SI (SDFFRQX2M)         0.00       0.44 f
  data arrival time                                                  0.44

  clock DFTCLK (rise edge)                             1000.00    1000.00
  clock network delay (ideal)                             0.00    1000.00
  clock uncertainty                                      -0.03     999.97
  Serializer_Block/pDataReg_reg_7_/CK (SDFFRQX2M)         0.00     999.97 r
  library setup time                                     -0.51     999.46
  data required time                                               999.46
  --------------------------------------------------------------------------
  data required time                                               999.46
  data arrival time                                                 -0.44
  --------------------------------------------------------------------------
  slack (MET)                                                      999.02


  Startpoint: Serializer_Block/pDataReg_reg_4_
              (rising edge-triggered flip-flop clocked by DFTCLK)
  Endpoint: Serializer_Block/pDataReg_reg_5_
            (rising edge-triggered flip-flop clocked by DFTCLK)
  Path Group: DFTCLK
  Path Type: max

  Point                                                   Incr       Path
  --------------------------------------------------------------------------
  clock DFTCLK (rise edge)                                0.00       0.00
  clock network delay (ideal)                             0.00       0.00
  Serializer_Block/pDataReg_reg_4_/CK (SDFFRQX2M)         0.00       0.00 r
  Serializer_Block/pDataReg_reg_4_/Q (SDFFRQX2M)          0.44       0.44 f
  Serializer_Block/pDataReg_reg_5_/SI (SDFFRQX2M)         0.00       0.44 f
  data arrival time                                                  0.44

  clock DFTCLK (rise edge)                             1000.00    1000.00
  clock network delay (ideal)                             0.00    1000.00
  clock uncertainty                                      -0.03     999.97
  Serializer_Block/pDataReg_reg_5_/CK (SDFFRQX2M)         0.00     999.97 r
  library setup time                                     -0.51     999.46
  data required time                                               999.46
  --------------------------------------------------------------------------
  data required time                                               999.46
  data arrival time                                                 -0.44
  --------------------------------------------------------------------------
  slack (MET)                                                      999.02


  Startpoint: Serializer_Block/pDataReg_reg_2_
              (rising edge-triggered flip-flop clocked by DFTCLK)
  Endpoint: Serializer_Block/pDataReg_reg_3_
            (rising edge-triggered flip-flop clocked by DFTCLK)
  Path Group: DFTCLK
  Path Type: max

  Point                                                   Incr       Path
  --------------------------------------------------------------------------
  clock DFTCLK (rise edge)                                0.00       0.00
  clock network delay (ideal)                             0.00       0.00
  Serializer_Block/pDataReg_reg_2_/CK (SDFFRQX2M)         0.00       0.00 r
  Serializer_Block/pDataReg_reg_2_/Q (SDFFRQX2M)          0.44       0.44 f
  Serializer_Block/pDataReg_reg_3_/SI (SDFFRQX2M)         0.00       0.44 f
  data arrival time                                                  0.44

  clock DFTCLK (rise edge)                             1000.00    1000.00
  clock network delay (ideal)                             0.00    1000.00
  clock uncertainty                                      -0.03     999.97
  Serializer_Block/pDataReg_reg_3_/CK (SDFFRQX2M)         0.00     999.97 r
  library setup time                                     -0.51     999.46
  data required time                                               999.46
  --------------------------------------------------------------------------
  data required time                                               999.46
  data arrival time                                                 -0.44
  --------------------------------------------------------------------------
  slack (MET)                                                      999.02


  Startpoint: Serializer_Block/pDataReg_reg_0_
              (rising edge-triggered flip-flop clocked by DFTCLK)
  Endpoint: Serializer_Block/pDataReg_reg_1_
            (rising edge-triggered flip-flop clocked by DFTCLK)
  Path Group: DFTCLK
  Path Type: max

  Point                                                   Incr       Path
  --------------------------------------------------------------------------
  clock DFTCLK (rise edge)                                0.00       0.00
  clock network delay (ideal)                             0.00       0.00
  Serializer_Block/pDataReg_reg_0_/CK (SDFFRQX2M)         0.00       0.00 r
  Serializer_Block/pDataReg_reg_0_/Q (SDFFRQX2M)          0.44       0.44 f
  Serializer_Block/pDataReg_reg_1_/SI (SDFFRQX2M)         0.00       0.44 f
  data arrival time                                                  0.44

  clock DFTCLK (rise edge)                             1000.00    1000.00
  clock network delay (ideal)                             0.00    1000.00
  clock uncertainty                                      -0.03     999.97
  Serializer_Block/pDataReg_reg_1_/CK (SDFFRQX2M)         0.00     999.97 r
  library setup time                                     -0.51     999.46
  data required time                                               999.46
  --------------------------------------------------------------------------
  data required time                                               999.46
  data arrival time                                                 -0.44
  --------------------------------------------------------------------------
  slack (MET)                                                      999.02


  Startpoint: Serializer_Block/pDataReg_reg_5_
              (rising edge-triggered flip-flop clocked by DFTCLK)
  Endpoint: Serializer_Block/pDataReg_reg_6_
            (rising edge-triggered flip-flop clocked by DFTCLK)
  Path Group: DFTCLK
  Path Type: max

  Point                                                   Incr       Path
  --------------------------------------------------------------------------
  clock DFTCLK (rise edge)                                0.00       0.00
  clock network delay (ideal)                             0.00       0.00
  Serializer_Block/pDataReg_reg_5_/CK (SDFFRQX2M)         0.00       0.00 r
  Serializer_Block/pDataReg_reg_5_/Q (SDFFRQX2M)          0.44       0.44 f
  Serializer_Block/pDataReg_reg_6_/SI (SDFFRQX2M)         0.00       0.44 f
  data arrival time                                                  0.44

  clock DFTCLK (rise edge)                             1000.00    1000.00
  clock network delay (ideal)                             0.00    1000.00
  clock uncertainty                                      -0.03     999.97
  Serializer_Block/pDataReg_reg_6_/CK (SDFFRQX2M)         0.00     999.97 r
  library setup time                                     -0.51     999.46
  data required time                                               999.46
  --------------------------------------------------------------------------
  data required time                                               999.46
  data arrival time                                                 -0.44
  --------------------------------------------------------------------------
  slack (MET)                                                      999.02


  Startpoint: Serializer_Block/pDataReg_reg_3_
              (rising edge-triggered flip-flop clocked by DFTCLK)
  Endpoint: Serializer_Block/pDataReg_reg_4_
            (rising edge-triggered flip-flop clocked by DFTCLK)
  Path Group: DFTCLK
  Path Type: max

  Point                                                   Incr       Path
  --------------------------------------------------------------------------
  clock DFTCLK (rise edge)                                0.00       0.00
  clock network delay (ideal)                             0.00       0.00
  Serializer_Block/pDataReg_reg_3_/CK (SDFFRQX2M)         0.00       0.00 r
  Serializer_Block/pDataReg_reg_3_/Q (SDFFRQX2M)          0.44       0.44 f
  Serializer_Block/pDataReg_reg_4_/SI (SDFFRQX2M)         0.00       0.44 f
  data arrival time                                                  0.44

  clock DFTCLK (rise edge)                             1000.00    1000.00
  clock network delay (ideal)                             0.00    1000.00
  clock uncertainty                                      -0.03     999.97
  Serializer_Block/pDataReg_reg_4_/CK (SDFFRQX2M)         0.00     999.97 r
  library setup time                                     -0.51     999.46
  data required time                                               999.46
  --------------------------------------------------------------------------
  data required time                                               999.46
  data arrival time                                                 -0.44
  --------------------------------------------------------------------------
  slack (MET)                                                      999.02


  Startpoint: Serializer_Block/pDataReg_reg_1_
              (rising edge-triggered flip-flop clocked by DFTCLK)
  Endpoint: Serializer_Block/pDataReg_reg_2_
            (rising edge-triggered flip-flop clocked by DFTCLK)
  Path Group: DFTCLK
  Path Type: max

  Point                                                   Incr       Path
  --------------------------------------------------------------------------
  clock DFTCLK (rise edge)                                0.00       0.00
  clock network delay (ideal)                             0.00       0.00
  Serializer_Block/pDataReg_reg_1_/CK (SDFFRQX2M)         0.00       0.00 r
  Serializer_Block/pDataReg_reg_1_/Q (SDFFRQX2M)          0.44       0.44 f
  Serializer_Block/pDataReg_reg_2_/SI (SDFFRQX2M)         0.00       0.44 f
  data arrival time                                                  0.44

  clock DFTCLK (rise edge)                             1000.00    1000.00
  clock network delay (ideal)                             0.00    1000.00
  clock uncertainty                                      -0.03     999.97
  Serializer_Block/pDataReg_reg_2_/CK (SDFFRQX2M)         0.00     999.97 r
  library setup time                                     -0.51     999.46
  data required time                                               999.46
  --------------------------------------------------------------------------
  data required time                                               999.46
  data arrival time                                                 -0.44
  --------------------------------------------------------------------------
  slack (MET)                                                      999.02


  Startpoint: Parity_Calc_Block/parBit_reg
              (rising edge-triggered flip-flop clocked by DFTCLK)
  Endpoint: Serializer_Block/counter_reg_0_
            (rising edge-triggered flip-flop clocked by DFTCLK)
  Path Group: DFTCLK
  Path Type: max

  Point                                                   Incr       Path
  --------------------------------------------------------------------------
  clock DFTCLK (rise edge)                                0.00       0.00
  clock network delay (ideal)                             0.00       0.00
  Parity_Calc_Block/parBit_reg/CK (SDFFRQX2M)             0.00       0.00 r
  Parity_Calc_Block/parBit_reg/Q (SDFFRQX2M)              0.44       0.44 f
  Parity_Calc_Block/parBit (Parity_Calc_test_1)           0.00       0.44 f
  Serializer_Block/test_si (Serializer_test_1)            0.00       0.44 f
  Serializer_Block/counter_reg_0_/SI (SDFFRQX2M)          0.00       0.44 f
  data arrival time                                                  0.44

  clock DFTCLK (rise edge)                             1000.00    1000.00
  clock network delay (ideal)                             0.00    1000.00
  clock uncertainty                                      -0.03     999.97
  Serializer_Block/counter_reg_0_/CK (SDFFRQX2M)          0.00     999.97 r
  library setup time                                     -0.51     999.46
  data required time                                               999.46
  --------------------------------------------------------------------------
  data required time                                               999.46
  data arrival time                                                 -0.44
  --------------------------------------------------------------------------
  slack (MET)                                                      999.02


  Startpoint: dataValid (input port clocked by CLK)
  Endpoint: Serializer_Block/counter_reg_3_
            (rising edge-triggered flip-flop clocked by CLK)
  Path Group: INREG
  Path Type: max

  Point                                                   Incr       Path
  --------------------------------------------------------------------------
  clock CLK (rise edge)                                   0.00       0.00
  clock network delay (ideal)                             0.00       0.00
  input external delay                                  300.00     300.00 r
  dataValid (in)                                          0.02     300.02 r
  FSM_Block/dataValid (UART_TX_FSM_test_1)                0.00     300.02 r
  FSM_Block/U7/Y (AND3X2M)                                0.26     300.28 r
  FSM_Block/regData (UART_TX_FSM_test_1)                  0.00     300.28 r
  Serializer_Block/regData (Serializer_test_1)            0.00     300.28 r
  Serializer_Block/U9/Y (INVX2M)                          0.12     300.40 f
  Serializer_Block/U8/Y (NAND2X2M)                        0.14     300.53 r
  Serializer_Block/U3/Y (INVX2M)                          0.09     300.62 f
  Serializer_Block/U7/Y (AOI22X1M)                        0.25     300.87 r
  Serializer_Block/U12/Y (OAI21X2M)                       0.12     300.99 f
  Serializer_Block/U14/Y (AO21XLM)                        0.27     301.25 f
  Serializer_Block/U13/Y (AO22X1M)                        0.40     301.65 f
  Serializer_Block/counter_reg_3_/D (SDFFRQX2M)           0.00     301.65 f
  data arrival time                                                301.65

  clock CLK (rise edge)                                1000.00    1000.00
  clock network delay (ideal)                             0.00    1000.00
  clock uncertainty                                      -0.03     999.97
  Serializer_Block/counter_reg_3_/CK (SDFFRQX2M)          0.00     999.97 r
  library setup time                                     -0.41     999.57
  data required time                                               999.57
  --------------------------------------------------------------------------
  data required time                                               999.57
  data arrival time                                               -301.65
  --------------------------------------------------------------------------
  slack (MET)                                                      697.92


  Startpoint: dataValid (input port clocked by CLK)
  Endpoint: Serializer_Block/counter_reg_2_
            (rising edge-triggered flip-flop clocked by CLK)
  Path Group: INREG
  Path Type: max

  Point                                                   Incr       Path
  --------------------------------------------------------------------------
  clock CLK (rise edge)                                   0.00       0.00
  clock network delay (ideal)                             0.00       0.00
  input external delay                                  300.00     300.00 r
  dataValid (in)                                          0.02     300.02 r
  FSM_Block/dataValid (UART_TX_FSM_test_1)                0.00     300.02 r
  FSM_Block/U7/Y (AND3X2M)                                0.26     300.28 r
  FSM_Block/regData (UART_TX_FSM_test_1)                  0.00     300.28 r
  Serializer_Block/regData (Serializer_test_1)            0.00     300.28 r
  Serializer_Block/U9/Y (INVX2M)                          0.12     300.40 f
  Serializer_Block/U8/Y (NAND2X2M)                        0.14     300.53 r
  Serializer_Block/U3/Y (INVX2M)                          0.09     300.62 f
  Serializer_Block/U7/Y (AOI22X1M)                        0.25     300.87 r
  Serializer_Block/U12/Y (OAI21X2M)                       0.12     300.99 f
  Serializer_Block/U6/Y (INVX2M)                          0.06     301.05 r
  Serializer_Block/U4/Y (OAI32X1M)                        0.08     301.12 f
  Serializer_Block/counter_reg_2_/D (SDFFRQX2M)           0.00     301.12 f
  data arrival time                                                301.12

  clock CLK (rise edge)                                1000.00    1000.00
  clock network delay (ideal)                             0.00    1000.00
  clock uncertainty                                      -0.03     999.97
  Serializer_Block/counter_reg_2_/CK (SDFFRQX2M)          0.00     999.97 r
  library setup time                                     -0.41     999.57
  data required time                                               999.57
  --------------------------------------------------------------------------
  data required time                                               999.57
  data arrival time                                               -301.12
  --------------------------------------------------------------------------
  slack (MET)                                                      698.44


  Startpoint: pData[6] (input port clocked by CLK)
  Endpoint: Parity_Calc_Block/parBit_reg
            (rising edge-triggered flip-flop clocked by CLK)
  Path Group: INREG
  Path Type: max

  Point                                                   Incr       Path
  --------------------------------------------------------------------------
  clock CLK (rise edge)                                   0.00       0.00
  clock network delay (ideal)                             0.00       0.00
  input external delay                                  300.00     300.00 r
  pData[6] (in)                                           0.02     300.02 r
  Parity_Calc_Block/pData[6] (Parity_Calc_test_1)         0.00     300.02 r
  Parity_Calc_Block/U4/Y (CLKXOR2X2M)                     0.30     300.32 f
  Parity_Calc_Block/U3/Y (XOR3XLM)                        0.24     300.56 r
  Parity_Calc_Block/U7/Y (XOR3XLM)                        0.45     301.02 r
  Parity_Calc_Block/U5/Y (OAI2BB2X1M)                     0.08     301.10 f
  Parity_Calc_Block/parBit_reg/D (SDFFRQX2M)              0.00     301.10 f
  data arrival time                                                301.10

  clock CLK (rise edge)                                1000.00    1000.00
  clock network delay (ideal)                             0.00    1000.00
  clock uncertainty                                      -0.03     999.97
  Parity_Calc_Block/parBit_reg/CK (SDFFRQX2M)             0.00     999.97 r
  library setup time                                     -0.40     999.57
  data required time                                               999.57
  --------------------------------------------------------------------------
  data required time                                               999.57
  data arrival time                                               -301.10
  --------------------------------------------------------------------------
  slack (MET)                                                      698.47


  Startpoint: dataValid (input port clocked by CLK)
  Endpoint: Serializer_Block/counter_reg_1_
            (rising edge-triggered flip-flop clocked by CLK)
  Path Group: INREG
  Path Type: max

  Point                                                   Incr       Path
  --------------------------------------------------------------------------
  clock CLK (rise edge)                                   0.00       0.00
  clock network delay (ideal)                             0.00       0.00
  input external delay                                  300.00     300.00 r
  dataValid (in)                                          0.02     300.02 r
  FSM_Block/dataValid (UART_TX_FSM_test_1)                0.00     300.02 r
  FSM_Block/U7/Y (AND3X2M)                                0.26     300.28 r
  FSM_Block/regData (UART_TX_FSM_test_1)                  0.00     300.28 r
  Serializer_Block/regData (Serializer_test_1)            0.00     300.28 r
  Serializer_Block/U9/Y (INVX2M)                          0.12     300.40 f
  Serializer_Block/U8/Y (NAND2X2M)                        0.14     300.53 r
  Serializer_Block/U3/Y (INVX2M)                          0.09     300.62 f
  Serializer_Block/U7/Y (AOI22X1M)                        0.25     300.87 r
  Serializer_Block/U10/Y (OAI32X1M)                       0.13     301.00 f
  Serializer_Block/counter_reg_1_/D (SDFFRQX2M)           0.00     301.00 f
  data arrival time                                                301.00

  clock CLK (rise edge)                                1000.00    1000.00
  clock network delay (ideal)                             0.00    1000.00
  clock uncertainty                                      -0.03     999.97
  Serializer_Block/counter_reg_1_/CK (SDFFRQX2M)          0.00     999.97 r
  library setup time                                     -0.41     999.57
  data required time                                               999.57
  --------------------------------------------------------------------------
  data required time                                               999.57
  data arrival time                                               -301.00
  --------------------------------------------------------------------------
  slack (MET)                                                      698.57


  Startpoint: dataValid (input port clocked by CLK)
  Endpoint: Serializer_Block/counter_reg_0_
            (rising edge-triggered flip-flop clocked by CLK)
  Path Group: INREG
  Path Type: max

  Point                                                   Incr       Path
  --------------------------------------------------------------------------
  clock CLK (rise edge)                                   0.00       0.00
  clock network delay (ideal)                             0.00       0.00
  input external delay                                  300.00     300.00 r
  dataValid (in)                                          0.02     300.02 r
  FSM_Block/dataValid (UART_TX_FSM_test_1)                0.00     300.02 r
  FSM_Block/U7/Y (AND3X2M)                                0.26     300.28 r
  FSM_Block/regData (UART_TX_FSM_test_1)                  0.00     300.28 r
  Serializer_Block/regData (Serializer_test_1)            0.00     300.28 r
  Serializer_Block/U9/Y (INVX2M)                          0.12     300.40 f
  Serializer_Block/U8/Y (NAND2X2M)                        0.14     300.53 r
  Serializer_Block/U3/Y (INVX2M)                          0.09     300.62 f
  Serializer_Block/U11/Y (OAI32X1M)                       0.28     300.90 r
  Serializer_Block/counter_reg_0_/D (SDFFRQX2M)           0.00     300.90 r
  data arrival time                                                300.90

  clock CLK (rise edge)                                1000.00    1000.00
  clock network delay (ideal)                             0.00    1000.00
  clock uncertainty                                      -0.03     999.97
  Serializer_Block/counter_reg_0_/CK (SDFFRQX2M)          0.00     999.97 r
  library setup time                                     -0.32     999.65
  data required time                                               999.65
  --------------------------------------------------------------------------
  data required time                                               999.65
  data arrival time                                               -300.90
  --------------------------------------------------------------------------
  slack (MET)                                                      698.75


  Startpoint: dataValid (input port clocked by CLK)
  Endpoint: Serializer_Block/pDataReg_reg_7_
            (rising edge-triggered flip-flop clocked by CLK)
  Path Group: INREG
  Path Type: max

  Point                                                   Incr       Path
  --------------------------------------------------------------------------
  clock CLK (rise edge)                                   0.00       0.00
  clock network delay (ideal)                             0.00       0.00
  input external delay                                  300.00     300.00 r
  dataValid (in)                                          0.02     300.02 r
  FSM_Block/dataValid (UART_TX_FSM_test_1)                0.00     300.02 r
  FSM_Block/U7/Y (AND3X2M)                                0.26     300.28 r
  FSM_Block/regData (UART_TX_FSM_test_1)                  0.00     300.28 r
  Serializer_Block/regData (Serializer_test_1)            0.00     300.28 r
  Serializer_Block/U9/Y (INVX2M)                          0.12     300.40 f
  Serializer_Block/U23/Y (AO22X1M)                        0.40     300.80 f
  Serializer_Block/pDataReg_reg_7_/D (SDFFRQX2M)          0.00     300.80 f
  data arrival time                                                300.80

  clock CLK (rise edge)                                1000.00    1000.00
  clock network delay (ideal)                             0.00    1000.00
  clock uncertainty                                      -0.03     999.97
  Serializer_Block/pDataReg_reg_7_/CK (SDFFRQX2M)         0.00     999.97 r
  library setup time                                     -0.41     999.57
  data required time                                               999.57
  --------------------------------------------------------------------------
  data required time                                               999.57
  data arrival time                                               -300.80
  --------------------------------------------------------------------------
  slack (MET)                                                      698.77


  Startpoint: dataValid (input port clocked by CLK)
  Endpoint: Serializer_Block/pDataReg_reg_5_
            (rising edge-triggered flip-flop clocked by CLK)
  Path Group: INREG
  Path Type: max

  Point                                                   Incr       Path
  --------------------------------------------------------------------------
  clock CLK (rise edge)                                   0.00       0.00
  clock network delay (ideal)                             0.00       0.00
  input external delay                                  300.00     300.00 r
  dataValid (in)                                          0.02     300.02 r
  FSM_Block/dataValid (UART_TX_FSM_test_1)                0.00     300.02 r
  FSM_Block/U7/Y (AND3X2M)                                0.26     300.28 r
  FSM_Block/regData (UART_TX_FSM_test_1)                  0.00     300.28 r
  Serializer_Block/regData (Serializer_test_1)            0.00     300.28 r
  Serializer_Block/U9/Y (INVX2M)                          0.12     300.40 f
  Serializer_Block/U21/Y (AO22X1M)                        0.40     300.80 f
  Serializer_Block/pDataReg_reg_5_/D (SDFFRQX2M)          0.00     300.80 f
  data arrival time                                                300.80

  clock CLK (rise edge)                                1000.00    1000.00
  clock network delay (ideal)                             0.00    1000.00
  clock uncertainty                                      -0.03     999.97
  Serializer_Block/pDataReg_reg_5_/CK (SDFFRQX2M)         0.00     999.97 r
  library setup time                                     -0.41     999.57
  data required time                                               999.57
  --------------------------------------------------------------------------
  data required time                                               999.57
  data arrival time                                               -300.80
  --------------------------------------------------------------------------
  slack (MET)                                                      698.77


  Startpoint: dataValid (input port clocked by CLK)
  Endpoint: Serializer_Block/pDataReg_reg_3_
            (rising edge-triggered flip-flop clocked by CLK)
  Path Group: INREG
  Path Type: max

  Point                                                   Incr       Path
  --------------------------------------------------------------------------
  clock CLK (rise edge)                                   0.00       0.00
  clock network delay (ideal)                             0.00       0.00
  input external delay                                  300.00     300.00 r
  dataValid (in)                                          0.02     300.02 r
  FSM_Block/dataValid (UART_TX_FSM_test_1)                0.00     300.02 r
  FSM_Block/U7/Y (AND3X2M)                                0.26     300.28 r
  FSM_Block/regData (UART_TX_FSM_test_1)                  0.00     300.28 r
  Serializer_Block/regData (Serializer_test_1)            0.00     300.28 r
  Serializer_Block/U9/Y (INVX2M)                          0.12     300.40 f
  Serializer_Block/U19/Y (AO22X1M)                        0.40     300.80 f
  Serializer_Block/pDataReg_reg_3_/D (SDFFRQX2M)          0.00     300.80 f
  data arrival time                                                300.80

  clock CLK (rise edge)                                1000.00    1000.00
  clock network delay (ideal)                             0.00    1000.00
  clock uncertainty                                      -0.03     999.97
  Serializer_Block/pDataReg_reg_3_/CK (SDFFRQX2M)         0.00     999.97 r
  library setup time                                     -0.41     999.57
  data required time                                               999.57
  --------------------------------------------------------------------------
  data required time                                               999.57
  data arrival time                                               -300.80
  --------------------------------------------------------------------------
  slack (MET)                                                      698.77


  Startpoint: dataValid (input port clocked by CLK)
  Endpoint: Serializer_Block/pDataReg_reg_1_
            (rising edge-triggered flip-flop clocked by CLK)
  Path Group: INREG
  Path Type: max

  Point                                                   Incr       Path
  --------------------------------------------------------------------------
  clock CLK (rise edge)                                   0.00       0.00
  clock network delay (ideal)                             0.00       0.00
  input external delay                                  300.00     300.00 r
  dataValid (in)                                          0.02     300.02 r
  FSM_Block/dataValid (UART_TX_FSM_test_1)                0.00     300.02 r
  FSM_Block/U7/Y (AND3X2M)                                0.26     300.28 r
  FSM_Block/regData (UART_TX_FSM_test_1)                  0.00     300.28 r
  Serializer_Block/regData (Serializer_test_1)            0.00     300.28 r
  Serializer_Block/U9/Y (INVX2M)                          0.12     300.40 f
  Serializer_Block/U17/Y (AO22X1M)                        0.40     300.80 f
  Serializer_Block/pDataReg_reg_1_/D (SDFFRQX2M)          0.00     300.80 f
  data arrival time                                                300.80

  clock CLK (rise edge)                                1000.00    1000.00
  clock network delay (ideal)                             0.00    1000.00
  clock uncertainty                                      -0.03     999.97
  Serializer_Block/pDataReg_reg_1_/CK (SDFFRQX2M)         0.00     999.97 r
  library setup time                                     -0.41     999.57
  data required time                                               999.57
  --------------------------------------------------------------------------
  data required time                                               999.57
  data arrival time                                               -300.80
  --------------------------------------------------------------------------
  slack (MET)                                                      698.77


  Startpoint: dataValid (input port clocked by CLK)
  Endpoint: Serializer_Block/pDataReg_reg_6_
            (rising edge-triggered flip-flop clocked by CLK)
  Path Group: INREG
  Path Type: max

  Point                                                   Incr       Path
  --------------------------------------------------------------------------
  clock CLK (rise edge)                                   0.00       0.00
  clock network delay (ideal)                             0.00       0.00
  input external delay                                  300.00     300.00 r
  dataValid (in)                                          0.02     300.02 r
  FSM_Block/dataValid (UART_TX_FSM_test_1)                0.00     300.02 r
  FSM_Block/U7/Y (AND3X2M)                                0.26     300.28 r
  FSM_Block/regData (UART_TX_FSM_test_1)                  0.00     300.28 r
  Serializer_Block/regData (Serializer_test_1)            0.00     300.28 r
  Serializer_Block/U9/Y (INVX2M)                          0.12     300.40 f
  Serializer_Block/U22/Y (AO22X1M)                        0.40     300.80 f
  Serializer_Block/pDataReg_reg_6_/D (SDFFRQX2M)          0.00     300.80 f
  data arrival time                                                300.80

  clock CLK (rise edge)                                1000.00    1000.00
  clock network delay (ideal)                             0.00    1000.00
  clock uncertainty                                      -0.03     999.97
  Serializer_Block/pDataReg_reg_6_/CK (SDFFRQX2M)         0.00     999.97 r
  library setup time                                     -0.41     999.57
  data required time                                               999.57
  --------------------------------------------------------------------------
  data required time                                               999.57
  data arrival time                                               -300.80
  --------------------------------------------------------------------------
  slack (MET)                                                      698.77


  Startpoint: dataValid (input port clocked by CLK)
  Endpoint: Serializer_Block/pDataReg_reg_4_
            (rising edge-triggered flip-flop clocked by CLK)
  Path Group: INREG
  Path Type: max

  Point                                                   Incr       Path
  --------------------------------------------------------------------------
  clock CLK (rise edge)                                   0.00       0.00
  clock network delay (ideal)                             0.00       0.00
  input external delay                                  300.00     300.00 r
  dataValid (in)                                          0.02     300.02 r
  FSM_Block/dataValid (UART_TX_FSM_test_1)                0.00     300.02 r
  FSM_Block/U7/Y (AND3X2M)                                0.26     300.28 r
  FSM_Block/regData (UART_TX_FSM_test_1)                  0.00     300.28 r
  Serializer_Block/regData (Serializer_test_1)            0.00     300.28 r
  Serializer_Block/U9/Y (INVX2M)                          0.12     300.40 f
  Serializer_Block/U20/Y (AO22X1M)                        0.40     300.80 f
  Serializer_Block/pDataReg_reg_4_/D (SDFFRQX2M)          0.00     300.80 f
  data arrival time                                                300.80

  clock CLK (rise edge)                                1000.00    1000.00
  clock network delay (ideal)                             0.00    1000.00
  clock uncertainty                                      -0.03     999.97
  Serializer_Block/pDataReg_reg_4_/CK (SDFFRQX2M)         0.00     999.97 r
  library setup time                                     -0.41     999.57
  data required time                                               999.57
  --------------------------------------------------------------------------
  data required time                                               999.57
  data arrival time                                               -300.80
  --------------------------------------------------------------------------
  slack (MET)                                                      698.77


  Startpoint: dataValid (input port clocked by CLK)
  Endpoint: Serializer_Block/pDataReg_reg_2_
            (rising edge-triggered flip-flop clocked by CLK)
  Path Group: INREG
  Path Type: max

  Point                                                   Incr       Path
  --------------------------------------------------------------------------
  clock CLK (rise edge)                                   0.00       0.00
  clock network delay (ideal)                             0.00       0.00
  input external delay                                  300.00     300.00 r
  dataValid (in)                                          0.02     300.02 r
  FSM_Block/dataValid (UART_TX_FSM_test_1)                0.00     300.02 r
  FSM_Block/U7/Y (AND3X2M)                                0.26     300.28 r
  FSM_Block/regData (UART_TX_FSM_test_1)                  0.00     300.28 r
  Serializer_Block/regData (Serializer_test_1)            0.00     300.28 r
  Serializer_Block/U9/Y (INVX2M)                          0.12     300.40 f
  Serializer_Block/U18/Y (AO22X1M)                        0.40     300.80 f
  Serializer_Block/pDataReg_reg_2_/D (SDFFRQX2M)          0.00     300.80 f
  data arrival time                                                300.80

  clock CLK (rise edge)                                1000.00    1000.00
  clock network delay (ideal)                             0.00    1000.00
  clock uncertainty                                      -0.03     999.97
  Serializer_Block/pDataReg_reg_2_/CK (SDFFRQX2M)         0.00     999.97 r
  library setup time                                     -0.41     999.57
  data required time                                               999.57
  --------------------------------------------------------------------------
  data required time                                               999.57
  data arrival time                                               -300.80
  --------------------------------------------------------------------------
  slack (MET)                                                      698.77


  Startpoint: dataValid (input port clocked by CLK)
  Endpoint: Serializer_Block/pDataReg_reg_0_
            (rising edge-triggered flip-flop clocked by CLK)
  Path Group: INREG
  Path Type: max

  Point                                                   Incr       Path
  --------------------------------------------------------------------------
  clock CLK (rise edge)                                   0.00       0.00
  clock network delay (ideal)                             0.00       0.00
  input external delay                                  300.00     300.00 r
  dataValid (in)                                          0.02     300.02 r
  FSM_Block/dataValid (UART_TX_FSM_test_1)                0.00     300.02 r
  FSM_Block/U7/Y (AND3X2M)                                0.26     300.28 r
  FSM_Block/regData (UART_TX_FSM_test_1)                  0.00     300.28 r
  Serializer_Block/regData (Serializer_test_1)            0.00     300.28 r
  Serializer_Block/U9/Y (INVX2M)                          0.12     300.40 f
  Serializer_Block/U16/Y (AO22X1M)                        0.40     300.80 f
  Serializer_Block/pDataReg_reg_0_/D (SDFFRQX2M)          0.00     300.80 f
  data arrival time                                                300.80

  clock CLK (rise edge)                                1000.00    1000.00
  clock network delay (ideal)                             0.00    1000.00
  clock uncertainty                                      -0.03     999.97
  Serializer_Block/pDataReg_reg_0_/CK (SDFFRQX2M)         0.00     999.97 r
  library setup time                                     -0.41     999.57
  data required time                                               999.57
  --------------------------------------------------------------------------
  data required time                                               999.57
  data arrival time                                               -300.80
  --------------------------------------------------------------------------
  slack (MET)                                                      698.77


  Startpoint: SE (input port clocked by CLK)
  Endpoint: FSM_Block/currentState_reg_2_
            (rising edge-triggered flip-flop clocked by CLK)
  Path Group: INREG
  Path Type: max

  Point                                                   Incr       Path
  --------------------------------------------------------------------------
  clock CLK (rise edge)                                   0.00       0.00
  clock network delay (ideal)                             0.00       0.00
  input external delay                                  300.00     300.00 r
  SE (in)                                                 0.21     300.21 r
  FSM_Block/test_se (UART_TX_FSM_test_1)                  0.00     300.21 r
  FSM_Block/currentState_reg_2_/SE (SDFFRQX2M)            0.00     300.21 r
  data arrival time                                                300.21

  clock CLK (rise edge)                                1000.00    1000.00
  clock network delay (ideal)                             0.00    1000.00
  clock uncertainty                                      -0.03     999.97
  FSM_Block/currentState_reg_2_/CK (SDFFRQX2M)            0.00     999.97 r
  library setup time                                     -0.59     999.39
  data required time                                               999.39
  --------------------------------------------------------------------------
  data required time                                               999.39
  data arrival time                                               -300.21
  --------------------------------------------------------------------------
  slack (MET)                                                      699.17


  Startpoint: SE (input port clocked by CLK)
  Endpoint: FSM_Block/currentState_reg_0_
            (rising edge-triggered flip-flop clocked by CLK)
  Path Group: INREG
  Path Type: max

  Point                                                   Incr       Path
  --------------------------------------------------------------------------
  clock CLK (rise edge)                                   0.00       0.00
  clock network delay (ideal)                             0.00       0.00
  input external delay                                  300.00     300.00 r
  SE (in)                                                 0.21     300.21 r
  FSM_Block/test_se (UART_TX_FSM_test_1)                  0.00     300.21 r
  FSM_Block/currentState_reg_0_/SE (SDFFRQX2M)            0.00     300.21 r
  data arrival time                                                300.21

  clock CLK (rise edge)                                1000.00    1000.00
  clock network delay (ideal)                             0.00    1000.00
  clock uncertainty                                      -0.03     999.97
  FSM_Block/currentState_reg_0_/CK (SDFFRQX2M)            0.00     999.97 r
  library setup time                                     -0.59     999.39
  data required time                                               999.39
  --------------------------------------------------------------------------
  data required time                                               999.39
  data arrival time                                               -300.21
  --------------------------------------------------------------------------
  slack (MET)                                                      699.17


  Startpoint: SE (input port clocked by CLK)
  Endpoint: FSM_Block/currentState_reg_1_
            (rising edge-triggered flip-flop clocked by CLK)
  Path Group: INREG
  Path Type: max

  Point                                                   Incr       Path
  --------------------------------------------------------------------------
  clock CLK (rise edge)                                   0.00       0.00
  clock network delay (ideal)                             0.00       0.00
  input external delay                                  300.00     300.00 r
  SE (in)                                                 0.21     300.21 r
  FSM_Block/test_se (UART_TX_FSM_test_1)                  0.00     300.21 r
  FSM_Block/currentState_reg_1_/SE (SDFFRQX2M)            0.00     300.21 r
  data arrival time                                                300.21

  clock CLK (rise edge)                                1000.00    1000.00
  clock network delay (ideal)                             0.00    1000.00
  clock uncertainty                                      -0.03     999.97
  FSM_Block/currentState_reg_1_/CK (SDFFRQX2M)            0.00     999.97 r
  library setup time                                     -0.59     999.39
  data required time                                               999.39
  --------------------------------------------------------------------------
  data required time                                               999.39
  data arrival time                                               -300.21
  --------------------------------------------------------------------------
  slack (MET)                                                      699.17


  Startpoint: SE (input port clocked by CLK)
  Endpoint: Parity_Calc_Block/parBit_reg
            (rising edge-triggered flip-flop clocked by CLK)
  Path Group: INREG
  Path Type: max

  Point                                                   Incr       Path
  --------------------------------------------------------------------------
  clock CLK (rise edge)                                   0.00       0.00
  clock network delay (ideal)                             0.00       0.00
  input external delay                                  300.00     300.00 r
  SE (in)                                                 0.21     300.21 r
  Parity_Calc_Block/test_se (Parity_Calc_test_1)          0.00     300.21 r
  Parity_Calc_Block/parBit_reg/SE (SDFFRQX2M)             0.00     300.21 r
  data arrival time                                                300.21

  clock CLK (rise edge)                                1000.00    1000.00
  clock network delay (ideal)                             0.00    1000.00
  clock uncertainty                                      -0.03     999.97
  Parity_Calc_Block/parBit_reg/CK (SDFFRQX2M)             0.00     999.97 r
  library setup time                                     -0.59     999.39
  data required time                                               999.39
  --------------------------------------------------------------------------
  data required time                                               999.39
  data arrival time                                               -300.21
  --------------------------------------------------------------------------
  slack (MET)                                                      699.17


  Startpoint: SE (input port clocked by CLK)
  Endpoint: Serializer_Block/counter_reg_3_
            (rising edge-triggered flip-flop clocked by CLK)
  Path Group: INREG
  Path Type: max

  Point                                                   Incr       Path
  --------------------------------------------------------------------------
  clock CLK (rise edge)                                   0.00       0.00
  clock network delay (ideal)                             0.00       0.00
  input external delay                                  300.00     300.00 r
  SE (in)                                                 0.21     300.21 r
  Serializer_Block/test_se (Serializer_test_1)            0.00     300.21 r
  Serializer_Block/counter_reg_3_/SE (SDFFRQX2M)          0.00     300.21 r
  data arrival time                                                300.21

  clock CLK (rise edge)                                1000.00    1000.00
  clock network delay (ideal)                             0.00    1000.00
  clock uncertainty                                      -0.03     999.97
  Serializer_Block/counter_reg_3_/CK (SDFFRQX2M)          0.00     999.97 r
  library setup time                                     -0.59     999.39
  data required time                                               999.39
  --------------------------------------------------------------------------
  data required time                                               999.39
  data arrival time                                               -300.21
  --------------------------------------------------------------------------
  slack (MET)                                                      699.17


  Startpoint: SE (input port clocked by CLK)
  Endpoint: Serializer_Block/pDataReg_reg_7_
            (rising edge-triggered flip-flop clocked by CLK)
  Path Group: INREG
  Path Type: max

  Point                                                   Incr       Path
  --------------------------------------------------------------------------
  clock CLK (rise edge)                                   0.00       0.00
  clock network delay (ideal)                             0.00       0.00
  input external delay                                  300.00     300.00 r
  SE (in)                                                 0.21     300.21 r
  Serializer_Block/test_se (Serializer_test_1)            0.00     300.21 r
  Serializer_Block/pDataReg_reg_7_/SE (SDFFRQX2M)         0.00     300.21 r
  data arrival time                                                300.21

  clock CLK (rise edge)                                1000.00    1000.00
  clock network delay (ideal)                             0.00    1000.00
  clock uncertainty                                      -0.03     999.97
  Serializer_Block/pDataReg_reg_7_/CK (SDFFRQX2M)         0.00     999.97 r
  library setup time                                     -0.59     999.39
  data required time                                               999.39
  --------------------------------------------------------------------------
  data required time                                               999.39
  data arrival time                                               -300.21
  --------------------------------------------------------------------------
  slack (MET)                                                      699.17


  Startpoint: SE (input port clocked by CLK)
  Endpoint: Serializer_Block/pDataReg_reg_5_
            (rising edge-triggered flip-flop clocked by CLK)
  Path Group: INREG
  Path Type: max

  Point                                                   Incr       Path
  --------------------------------------------------------------------------
  clock CLK (rise edge)                                   0.00       0.00
  clock network delay (ideal)                             0.00       0.00
  input external delay                                  300.00     300.00 r
  SE (in)                                                 0.21     300.21 r
  Serializer_Block/test_se (Serializer_test_1)            0.00     300.21 r
  Serializer_Block/pDataReg_reg_5_/SE (SDFFRQX2M)         0.00     300.21 r
  data arrival time                                                300.21

  clock CLK (rise edge)                                1000.00    1000.00
  clock network delay (ideal)                             0.00    1000.00
  clock uncertainty                                      -0.03     999.97
  Serializer_Block/pDataReg_reg_5_/CK (SDFFRQX2M)         0.00     999.97 r
  library setup time                                     -0.59     999.39
  data required time                                               999.39
  --------------------------------------------------------------------------
  data required time                                               999.39
  data arrival time                                               -300.21
  --------------------------------------------------------------------------
  slack (MET)                                                      699.17


  Startpoint: SE (input port clocked by CLK)
  Endpoint: Serializer_Block/pDataReg_reg_3_
            (rising edge-triggered flip-flop clocked by CLK)
  Path Group: INREG
  Path Type: max

  Point                                                   Incr       Path
  --------------------------------------------------------------------------
  clock CLK (rise edge)                                   0.00       0.00
  clock network delay (ideal)                             0.00       0.00
  input external delay                                  300.00     300.00 r
  SE (in)                                                 0.21     300.21 r
  Serializer_Block/test_se (Serializer_test_1)            0.00     300.21 r
  Serializer_Block/pDataReg_reg_3_/SE (SDFFRQX2M)         0.00     300.21 r
  data arrival time                                                300.21

  clock CLK (rise edge)                                1000.00    1000.00
  clock network delay (ideal)                             0.00    1000.00
  clock uncertainty                                      -0.03     999.97
  Serializer_Block/pDataReg_reg_3_/CK (SDFFRQX2M)         0.00     999.97 r
  library setup time                                     -0.59     999.39
  data required time                                               999.39
  --------------------------------------------------------------------------
  data required time                                               999.39
  data arrival time                                               -300.21
  --------------------------------------------------------------------------
  slack (MET)                                                      699.17


  Startpoint: SE (input port clocked by CLK)
  Endpoint: Serializer_Block/pDataReg_reg_1_
            (rising edge-triggered flip-flop clocked by CLK)
  Path Group: INREG
  Path Type: max

  Point                                                   Incr       Path
  --------------------------------------------------------------------------
  clock CLK (rise edge)                                   0.00       0.00
  clock network delay (ideal)                             0.00       0.00
  input external delay                                  300.00     300.00 r
  SE (in)                                                 0.21     300.21 r
  Serializer_Block/test_se (Serializer_test_1)            0.00     300.21 r
  Serializer_Block/pDataReg_reg_1_/SE (SDFFRQX2M)         0.00     300.21 r
  data arrival time                                                300.21

  clock CLK (rise edge)                                1000.00    1000.00
  clock network delay (ideal)                             0.00    1000.00
  clock uncertainty                                      -0.03     999.97
  Serializer_Block/pDataReg_reg_1_/CK (SDFFRQX2M)         0.00     999.97 r
  library setup time                                     -0.59     999.39
  data required time                                               999.39
  --------------------------------------------------------------------------
  data required time                                               999.39
  data arrival time                                               -300.21
  --------------------------------------------------------------------------
  slack (MET)                                                      699.17


  Startpoint: SE (input port clocked by CLK)
  Endpoint: Serializer_Block/pDataReg_reg_6_
            (rising edge-triggered flip-flop clocked by CLK)
  Path Group: INREG
  Path Type: max

  Point                                                   Incr       Path
  --------------------------------------------------------------------------
  clock CLK (rise edge)                                   0.00       0.00
  clock network delay (ideal)                             0.00       0.00
  input external delay                                  300.00     300.00 r
  SE (in)                                                 0.21     300.21 r
  Serializer_Block/test_se (Serializer_test_1)            0.00     300.21 r
  Serializer_Block/pDataReg_reg_6_/SE (SDFFRQX2M)         0.00     300.21 r
  data arrival time                                                300.21

  clock CLK (rise edge)                                1000.00    1000.00
  clock network delay (ideal)                             0.00    1000.00
  clock uncertainty                                      -0.03     999.97
  Serializer_Block/pDataReg_reg_6_/CK (SDFFRQX2M)         0.00     999.97 r
  library setup time                                     -0.59     999.39
  data required time                                               999.39
  --------------------------------------------------------------------------
  data required time                                               999.39
  data arrival time                                               -300.21
  --------------------------------------------------------------------------
  slack (MET)                                                      699.17


  Startpoint: SE (input port clocked by CLK)
  Endpoint: Serializer_Block/pDataReg_reg_4_
            (rising edge-triggered flip-flop clocked by CLK)
  Path Group: INREG
  Path Type: max

  Point                                                   Incr       Path
  --------------------------------------------------------------------------
  clock CLK (rise edge)                                   0.00       0.00
  clock network delay (ideal)                             0.00       0.00
  input external delay                                  300.00     300.00 r
  SE (in)                                                 0.21     300.21 r
  Serializer_Block/test_se (Serializer_test_1)            0.00     300.21 r
  Serializer_Block/pDataReg_reg_4_/SE (SDFFRQX2M)         0.00     300.21 r
  data arrival time                                                300.21

  clock CLK (rise edge)                                1000.00    1000.00
  clock network delay (ideal)                             0.00    1000.00
  clock uncertainty                                      -0.03     999.97
  Serializer_Block/pDataReg_reg_4_/CK (SDFFRQX2M)         0.00     999.97 r
  library setup time                                     -0.59     999.39
  data required time                                               999.39
  --------------------------------------------------------------------------
  data required time                                               999.39
  data arrival time                                               -300.21
  --------------------------------------------------------------------------
  slack (MET)                                                      699.17


  Startpoint: SE (input port clocked by CLK)
  Endpoint: Serializer_Block/pDataReg_reg_2_
            (rising edge-triggered flip-flop clocked by CLK)
  Path Group: INREG
  Path Type: max

  Point                                                   Incr       Path
  --------------------------------------------------------------------------
  clock CLK (rise edge)                                   0.00       0.00
  clock network delay (ideal)                             0.00       0.00
  input external delay                                  300.00     300.00 r
  SE (in)                                                 0.21     300.21 r
  Serializer_Block/test_se (Serializer_test_1)            0.00     300.21 r
  Serializer_Block/pDataReg_reg_2_/SE (SDFFRQX2M)         0.00     300.21 r
  data arrival time                                                300.21

  clock CLK (rise edge)                                1000.00    1000.00
  clock network delay (ideal)                             0.00    1000.00
  clock uncertainty                                      -0.03     999.97
  Serializer_Block/pDataReg_reg_2_/CK (SDFFRQX2M)         0.00     999.97 r
  library setup time                                     -0.59     999.39
  data required time                                               999.39
  --------------------------------------------------------------------------
  data required time                                               999.39
  data arrival time                                               -300.21
  --------------------------------------------------------------------------
  slack (MET)                                                      699.17


  Startpoint: SE (input port clocked by CLK)
  Endpoint: Serializer_Block/pDataReg_reg_0_
            (rising edge-triggered flip-flop clocked by CLK)
  Path Group: INREG
  Path Type: max

  Point                                                   Incr       Path
  --------------------------------------------------------------------------
  clock CLK (rise edge)                                   0.00       0.00
  clock network delay (ideal)                             0.00       0.00
  input external delay                                  300.00     300.00 r
  SE (in)                                                 0.21     300.21 r
  Serializer_Block/test_se (Serializer_test_1)            0.00     300.21 r
  Serializer_Block/pDataReg_reg_0_/SE (SDFFRQX2M)         0.00     300.21 r
  data arrival time                                                300.21

  clock CLK (rise edge)                                1000.00    1000.00
  clock network delay (ideal)                             0.00    1000.00
  clock uncertainty                                      -0.03     999.97
  Serializer_Block/pDataReg_reg_0_/CK (SDFFRQX2M)         0.00     999.97 r
  library setup time                                     -0.59     999.39
  data required time                                               999.39
  --------------------------------------------------------------------------
  data required time                                               999.39
  data arrival time                                               -300.21
  --------------------------------------------------------------------------
  slack (MET)                                                      699.17


  Startpoint: SE (input port clocked by CLK)
  Endpoint: Serializer_Block/counter_reg_2_
            (rising edge-triggered flip-flop clocked by CLK)
  Path Group: INREG
  Path Type: max

  Point                                                   Incr       Path
  --------------------------------------------------------------------------
  clock CLK (rise edge)                                   0.00       0.00
  clock network delay (ideal)                             0.00       0.00
  input external delay                                  300.00     300.00 r
  SE (in)                                                 0.21     300.21 r
  Serializer_Block/test_se (Serializer_test_1)            0.00     300.21 r
  Serializer_Block/counter_reg_2_/SE (SDFFRQX2M)          0.00     300.21 r
  data arrival time                                                300.21

  clock CLK (rise edge)                                1000.00    1000.00
  clock network delay (ideal)                             0.00    1000.00
  clock uncertainty                                      -0.03     999.97
  Serializer_Block/counter_reg_2_/CK (SDFFRQX2M)          0.00     999.97 r
  library setup time                                     -0.59     999.39
  data required time                                               999.39
  --------------------------------------------------------------------------
  data required time                                               999.39
  data arrival time                                               -300.21
  --------------------------------------------------------------------------
  slack (MET)                                                      699.17


  Startpoint: SE (input port clocked by CLK)
  Endpoint: Serializer_Block/counter_reg_0_
            (rising edge-triggered flip-flop clocked by CLK)
  Path Group: INREG
  Path Type: max

  Point                                                   Incr       Path
  --------------------------------------------------------------------------
  clock CLK (rise edge)                                   0.00       0.00
  clock network delay (ideal)                             0.00       0.00
  input external delay                                  300.00     300.00 r
  SE (in)                                                 0.21     300.21 r
  Serializer_Block/test_se (Serializer_test_1)            0.00     300.21 r
  Serializer_Block/counter_reg_0_/SE (SDFFRQX2M)          0.00     300.21 r
  data arrival time                                                300.21

  clock CLK (rise edge)                                1000.00    1000.00
  clock network delay (ideal)                             0.00    1000.00
  clock uncertainty                                      -0.03     999.97
  Serializer_Block/counter_reg_0_/CK (SDFFRQX2M)          0.00     999.97 r
  library setup time                                     -0.59     999.39
  data required time                                               999.39
  --------------------------------------------------------------------------
  data required time                                               999.39
  data arrival time                                               -300.21
  --------------------------------------------------------------------------
  slack (MET)                                                      699.17


  Startpoint: SE (input port clocked by CLK)
  Endpoint: Serializer_Block/counter_reg_1_
            (rising edge-triggered flip-flop clocked by CLK)
  Path Group: INREG
  Path Type: max

  Point                                                   Incr       Path
  --------------------------------------------------------------------------
  clock CLK (rise edge)                                   0.00       0.00
  clock network delay (ideal)                             0.00       0.00
  input external delay                                  300.00     300.00 r
  SE (in)                                                 0.21     300.21 r
  Serializer_Block/test_se (Serializer_test_1)            0.00     300.21 r
  Serializer_Block/counter_reg_1_/SE (SDFFRQX2M)          0.00     300.21 r
  data arrival time                                                300.21

  clock CLK (rise edge)                                1000.00    1000.00
  clock network delay (ideal)                             0.00    1000.00
  clock uncertainty                                      -0.03     999.97
  Serializer_Block/counter_reg_1_/CK (SDFFRQX2M)          0.00     999.97 r
  library setup time                                     -0.59     999.39
  data required time                                               999.39
  --------------------------------------------------------------------------
  data required time                                               999.39
  data arrival time                                               -300.21
  --------------------------------------------------------------------------
  slack (MET)                                                      699.17


  Startpoint: parEn (input port clocked by CLK)
  Endpoint: FSM_Block/currentState_reg_2_
            (rising edge-triggered flip-flop clocked by CLK)
  Path Group: INREG
  Path Type: max

  Point                                                   Incr       Path
  --------------------------------------------------------------------------
  clock CLK (rise edge)                                   0.00       0.00
  clock network delay (ideal)                             0.00       0.00
  input external delay                                  300.00     300.00 r
  parEn (in)                                              0.01     300.01 r
  FSM_Block/parEn (UART_TX_FSM_test_1)                    0.00     300.01 r
  FSM_Block/U16/Y (AOI2B1X1M)                             0.21     300.22 r
  FSM_Block/U15/Y (NOR2X2M)                               0.05     300.27 f
  FSM_Block/currentState_reg_2_/D (SDFFRQX2M)             0.00     300.27 f
  data arrival time                                                300.27

  clock CLK (rise edge)                                1000.00    1000.00
  clock network delay (ideal)                             0.00    1000.00
  clock uncertainty                                      -0.03     999.97
  FSM_Block/currentState_reg_2_/CK (SDFFRQX2M)            0.00     999.97 r
  library setup time                                     -0.40     999.58
  data required time                                               999.58
  --------------------------------------------------------------------------
  data required time                                               999.58
  data arrival time                                               -300.27
  --------------------------------------------------------------------------
  slack (MET)                                                      699.31


  Startpoint: dataValid (input port clocked by CLK)
  Endpoint: FSM_Block/currentState_reg_0_
            (rising edge-triggered flip-flop clocked by CLK)
  Path Group: INREG
  Path Type: max

  Point                                                   Incr       Path
  --------------------------------------------------------------------------
  clock CLK (rise edge)                                   0.00       0.00
  clock network delay (ideal)                             0.00       0.00
  input external delay                                  300.00     300.00 f
  dataValid (in)                                          0.02     300.02 f
  FSM_Block/dataValid (UART_TX_FSM_test_1)                0.00     300.02 f
  FSM_Block/U12/Y (OAI2B2X1M)                             0.20     300.22 f
  FSM_Block/currentState_reg_0_/D (SDFFRQX2M)             0.00     300.22 f
  data arrival time                                                300.22

  clock CLK (rise edge)                                1000.00    1000.00
  clock network delay (ideal)                             0.00    1000.00
  clock uncertainty                                      -0.03     999.97
  FSM_Block/currentState_reg_0_/CK (SDFFRQX2M)            0.00     999.97 r
  library setup time                                     -0.41     999.57
  data required time                                               999.57
  --------------------------------------------------------------------------
  data required time                                               999.57
  data arrival time                                               -300.22
  --------------------------------------------------------------------------
  slack (MET)                                                      699.35


  Startpoint: SI (input port clocked by CLK)
  Endpoint: FSM_Block/currentState_reg_0_
            (rising edge-triggered flip-flop clocked by CLK)
  Path Group: INREG
  Path Type: max

  Point                                                   Incr       Path
  --------------------------------------------------------------------------
  clock CLK (rise edge)                                   0.00       0.00
  clock network delay (ideal)                             0.00       0.00
  input external delay                                  300.00     300.00 f
  SI (in)                                                 0.00     300.00 f
  FSM_Block/test_si (UART_TX_FSM_test_1)                  0.00     300.00 f
  FSM_Block/currentState_reg_0_/SI (SDFFRQX2M)            0.00     300.00 f
  data arrival time                                                300.00

  clock CLK (rise edge)                                1000.00    1000.00
  clock network delay (ideal)                             0.00    1000.00
  clock uncertainty                                      -0.03     999.97
  FSM_Block/currentState_reg_0_/CK (SDFFRQX2M)            0.00     999.97 r
  library setup time                                     -0.50     999.47
  data required time                                               999.47
  --------------------------------------------------------------------------
  data required time                                               999.47
  data arrival time                                               -300.00
  --------------------------------------------------------------------------
  slack (MET)                                                      699.47


  Startpoint: Serializer_Block/pDataReg_reg_7_
              (rising edge-triggered flip-flop clocked by CLK)
  Endpoint: txOut (output port clocked by CLK)
  Path Group: REGOUT
  Path Type: max

  Point                                                   Incr       Path
  --------------------------------------------------------------------------
  clock CLK (rise edge)                                   0.00       0.00
  clock network delay (ideal)                             0.00       0.00
  Serializer_Block/pDataReg_reg_7_/CK (SDFFRQX2M)         0.00       0.00 r
  Serializer_Block/pDataReg_reg_7_/Q (SDFFRQX2M)          0.89       0.89 r
  Serializer_Block/U30/Y (AOI22X1M)                       0.25       1.14 f
  Serializer_Block/U32/Y (OAI22X1M)                       0.16       1.30 r
  Serializer_Block/U33/Y (OAI2BB2X1M)                     0.19       1.49 r
  Serializer_Block/serData (Serializer_test_1)            0.00       1.49 r
  Mux_4X1_BLock/A[2] (Mux_4X1)                            0.00       1.49 r
  Mux_4X1_BLock/U3/Y (AOI22X1M)                           0.14       1.62 f
  Mux_4X1_BLock/U1/Y (OAI2B2X4M)                          0.70       2.33 r
  Mux_4X1_BLock/Y (Mux_4X1)                               0.00       2.33 r
  txOut (out)                                             0.00       2.33 r
  data arrival time                                                  2.33

  clock CLK (rise edge)                                1000.00    1000.00
  clock network delay (ideal)                             0.00    1000.00
  clock uncertainty                                      -0.03     999.97
  output external delay                                -300.00     699.97
  data required time                                               699.97
  --------------------------------------------------------------------------
  data required time                                               699.97
  data arrival time                                                 -2.33
  --------------------------------------------------------------------------
  slack (MET)                                                      697.65


  Startpoint: FSM_Block/currentState_reg_1_
              (rising edge-triggered flip-flop clocked by CLK)
  Endpoint: busy (output port clocked by CLK)
  Path Group: REGOUT
  Path Type: max

  Point                                                   Incr       Path
  --------------------------------------------------------------------------
  clock CLK (rise edge)                                   0.00       0.00
  clock network delay (ideal)                             0.00       0.00
  FSM_Block/currentState_reg_1_/CK (SDFFRQX2M)            0.00       0.00 r
  FSM_Block/currentState_reg_1_/Q (SDFFRQX2M)             0.47       0.47 f
  FSM_Block/U9/Y (NAND2X2M)                               0.13       0.60 r
  FSM_Block/U5/Y (INVX2M)                                 0.09       0.70 f
  FSM_Block/U8/Y (AOI21X2M)                               0.15       0.85 r
  FSM_Block/U3/Y (NAND3X2M)                               0.73       1.58 f
  FSM_Block/busy (UART_TX_FSM_test_1)                     0.00       1.58 f
  busy (out)                                              0.00       1.58 f
  data arrival time                                                  1.58

  clock CLK (rise edge)                                1000.00    1000.00
  clock network delay (ideal)                             0.00    1000.00
  clock uncertainty                                      -0.03     999.97
  output external delay                                -300.00     699.97
  data required time                                               699.97
  --------------------------------------------------------------------------
  data required time                                               699.97
  data arrival time                                                 -1.58
  --------------------------------------------------------------------------
  slack (MET)                                                      698.39


  Startpoint: Serializer_Block/pDataReg_reg_7_
              (rising edge-triggered flip-flop clocked by CLK)
  Endpoint: SO (output port clocked by CLK)
  Path Group: REGOUT
  Path Type: max

  Point                                                   Incr       Path
  --------------------------------------------------------------------------
  clock CLK (rise edge)                                   0.00       0.00
  clock network delay (ideal)                             0.00       0.00
  Serializer_Block/pDataReg_reg_7_/CK (SDFFRQX2M)         0.00       0.00 r
  Serializer_Block/pDataReg_reg_7_/Q (SDFFRQX2M)          0.89       0.89 r
  Serializer_Block/test_so (Serializer_test_1)            0.00       0.89 r
  SO (out)                                                0.00       0.89 r
  data arrival time                                                  0.89

  clock CLK (rise edge)                                1000.00    1000.00
  clock network delay (ideal)                             0.00    1000.00
  clock uncertainty                                      -0.03     999.97
  output external delay                                -300.00     699.97
  data required time                                               699.97
  --------------------------------------------------------------------------
  data required time                                               699.97
  data arrival time                                                 -0.89
  --------------------------------------------------------------------------
  slack (MET)                                                      699.08


1
