 
****************************************
Report : timing
        -path full
        -delay min
        -max_paths 100
Design : alu8_top
Version: O-2018.06-SP1
Date   : Thu Sep 10 13:06:09 2026
****************************************

Operating Conditions: scmetro_tsmc_cl013g_rvt_ff_1p32v_m40c   Library: scmetro_tsmc_cl013g_rvt_ff_1p32v_m40c
Wire Load Model Mode: top

  Startpoint: mode (input port clocked by MASTER_CLK)
  Endpoint: result[15] (output port clocked by MASTER_CLK)
  Path Group: INOUT
  Path Type: min

  Des/Clust/Port     Wire Load Model       Library
  ------------------------------------------------
  alu8_top           tsmc13_wl30           scmetro_tsmc_cl013g_rvt_ss_1p08v_125c

  Point                                    Incr       Path
  -----------------------------------------------------------
  clock MASTER_CLK (rise edge)             0.00       0.00
  clock network delay (ideal)              0.00       0.00
  input external delay                     0.90       0.90 f
  mode (in)                                0.20       1.10 f
  U24/Y (CLKBUFX12M)                       0.76       1.86 f
  U32/Y (AND2X8M)                          0.74       2.60 f
  result[15] (out)                         0.00       2.60 f
  data arrival time                                   2.60

  clock MASTER_CLK (rise edge)             0.00       0.00
  clock network delay (ideal)              0.00       0.00
  clock uncertainty                        0.10       0.10
  output external delay                   -0.90      -0.80
  data required time                                 -0.80
  -----------------------------------------------------------
  data required time                                 -0.80
  data arrival time                                  -2.60
  -----------------------------------------------------------
  slack (MET)                                         3.40


  Startpoint: mode (input port clocked by MASTER_CLK)
  Endpoint: result[14] (output port clocked by MASTER_CLK)
  Path Group: INOUT
  Path Type: min

  Des/Clust/Port     Wire Load Model       Library
  ------------------------------------------------
  alu8_top           tsmc13_wl30           scmetro_tsmc_cl013g_rvt_ss_1p08v_125c

  Point                                    Incr       Path
  -----------------------------------------------------------
  clock MASTER_CLK (rise edge)             0.00       0.00
  clock network delay (ideal)              0.00       0.00
  input external delay                     0.90       0.90 f
  mode (in)                                0.20       1.10 f
  U24/Y (CLKBUFX12M)                       0.76       1.86 f
  U21/Y (AND2X8M)                          0.74       2.60 f
  result[14] (out)                         0.00       2.60 f
  data arrival time                                   2.60

  clock MASTER_CLK (rise edge)             0.00       0.00
  clock network delay (ideal)              0.00       0.00
  clock uncertainty                        0.10       0.10
  output external delay                   -0.90      -0.80
  data required time                                 -0.80
  -----------------------------------------------------------
  data required time                                 -0.80
  data arrival time                                  -2.60
  -----------------------------------------------------------
  slack (MET)                                         3.40


  Startpoint: mode (input port clocked by MASTER_CLK)
  Endpoint: result[13] (output port clocked by MASTER_CLK)
  Path Group: INOUT
  Path Type: min

  Des/Clust/Port     Wire Load Model       Library
  ------------------------------------------------
  alu8_top           tsmc13_wl30           scmetro_tsmc_cl013g_rvt_ss_1p08v_125c

  Point                                    Incr       Path
  -----------------------------------------------------------
  clock MASTER_CLK (rise edge)             0.00       0.00
  clock network delay (ideal)              0.00       0.00
  input external delay                     0.90       0.90 f
  mode (in)                                0.20       1.10 f
  U24/Y (CLKBUFX12M)                       0.76       1.86 f
  U33/Y (AND2X8M)                          0.74       2.60 f
  result[13] (out)                         0.00       2.60 f
  data arrival time                                   2.60

  clock MASTER_CLK (rise edge)             0.00       0.00
  clock network delay (ideal)              0.00       0.00
  clock uncertainty                        0.10       0.10
  output external delay                   -0.90      -0.80
  data required time                                 -0.80
  -----------------------------------------------------------
  data required time                                 -0.80
  data arrival time                                  -2.60
  -----------------------------------------------------------
  slack (MET)                                         3.40


  Startpoint: mode (input port clocked by MASTER_CLK)
  Endpoint: result[12] (output port clocked by MASTER_CLK)
  Path Group: INOUT
  Path Type: min

  Des/Clust/Port     Wire Load Model       Library
  ------------------------------------------------
  alu8_top           tsmc13_wl30           scmetro_tsmc_cl013g_rvt_ss_1p08v_125c

  Point                                    Incr       Path
  -----------------------------------------------------------
  clock MASTER_CLK (rise edge)             0.00       0.00
  clock network delay (ideal)              0.00       0.00
  input external delay                     0.90       0.90 f
  mode (in)                                0.20       1.10 f
  U24/Y (CLKBUFX12M)                       0.76       1.86 f
  U37/Y (AND2X8M)                          0.74       2.60 f
  result[12] (out)                         0.00       2.60 f
  data arrival time                                   2.60

  clock MASTER_CLK (rise edge)             0.00       0.00
  clock network delay (ideal)              0.00       0.00
  clock uncertainty                        0.10       0.10
  output external delay                   -0.90      -0.80
  data required time                                 -0.80
  -----------------------------------------------------------
  data required time                                 -0.80
  data arrival time                                  -2.60
  -----------------------------------------------------------
  slack (MET)                                         3.40


  Startpoint: mode (input port clocked by MASTER_CLK)
  Endpoint: result[11] (output port clocked by MASTER_CLK)
  Path Group: INOUT
  Path Type: min

  Des/Clust/Port     Wire Load Model       Library
  ------------------------------------------------
  alu8_top           tsmc13_wl30           scmetro_tsmc_cl013g_rvt_ss_1p08v_125c

  Point                                    Incr       Path
  -----------------------------------------------------------
  clock MASTER_CLK (rise edge)             0.00       0.00
  clock network delay (ideal)              0.00       0.00
  input external delay                     0.90       0.90 f
  mode (in)                                0.20       1.10 f
  U24/Y (CLKBUFX12M)                       0.76       1.86 f
  U36/Y (AND2X8M)                          0.74       2.60 f
  result[11] (out)                         0.00       2.60 f
  data arrival time                                   2.60

  clock MASTER_CLK (rise edge)             0.00       0.00
  clock network delay (ideal)              0.00       0.00
  clock uncertainty                        0.10       0.10
  output external delay                   -0.90      -0.80
  data required time                                 -0.80
  -----------------------------------------------------------
  data required time                                 -0.80
  data arrival time                                  -2.60
  -----------------------------------------------------------
  slack (MET)                                         3.40


  Startpoint: mode (input port clocked by MASTER_CLK)
  Endpoint: result[10] (output port clocked by MASTER_CLK)
  Path Group: INOUT
  Path Type: min

  Des/Clust/Port     Wire Load Model       Library
  ------------------------------------------------
  alu8_top           tsmc13_wl30           scmetro_tsmc_cl013g_rvt_ss_1p08v_125c

  Point                                    Incr       Path
  -----------------------------------------------------------
  clock MASTER_CLK (rise edge)             0.00       0.00
  clock network delay (ideal)              0.00       0.00
  input external delay                     0.90       0.90 f
  mode (in)                                0.20       1.10 f
  U24/Y (CLKBUFX12M)                       0.76       1.86 f
  U35/Y (AND2X8M)                          0.74       2.60 f
  result[10] (out)                         0.00       2.60 f
  data arrival time                                   2.60

  clock MASTER_CLK (rise edge)             0.00       0.00
  clock network delay (ideal)              0.00       0.00
  clock uncertainty                        0.10       0.10
  output external delay                   -0.90      -0.80
  data required time                                 -0.80
  -----------------------------------------------------------
  data required time                                 -0.80
  data arrival time                                  -2.60
  -----------------------------------------------------------
  slack (MET)                                         3.40


  Startpoint: mode (input port clocked by MASTER_CLK)
  Endpoint: result[9] (output port clocked by MASTER_CLK)
  Path Group: INOUT
  Path Type: min

  Des/Clust/Port     Wire Load Model       Library
  ------------------------------------------------
  alu8_top           tsmc13_wl30           scmetro_tsmc_cl013g_rvt_ss_1p08v_125c

  Point                                    Incr       Path
  -----------------------------------------------------------
  clock MASTER_CLK (rise edge)             0.00       0.00
  clock network delay (ideal)              0.00       0.00
  input external delay                     0.90       0.90 f
  mode (in)                                0.20       1.10 f
  U24/Y (CLKBUFX12M)                       0.76       1.86 f
  U34/Y (AND2X8M)                          0.74       2.60 f
  result[9] (out)                          0.00       2.60 f
  data arrival time                                   2.60

  clock MASTER_CLK (rise edge)             0.00       0.00
  clock network delay (ideal)              0.00       0.00
  clock uncertainty                        0.10       0.10
  output external delay                   -0.90      -0.80
  data required time                                 -0.80
  -----------------------------------------------------------
  data required time                                 -0.80
  data arrival time                                  -2.60
  -----------------------------------------------------------
  slack (MET)                                         3.40


  Startpoint: mode (input port clocked by MASTER_CLK)
  Endpoint: result[6] (output port clocked by MASTER_CLK)
  Path Group: INOUT
  Path Type: min

  Des/Clust/Port     Wire Load Model       Library
  ------------------------------------------------
  alu8_top           tsmc13_wl30           scmetro_tsmc_cl013g_rvt_ss_1p08v_125c

  Point                                    Incr       Path
  -----------------------------------------------------------
  clock MASTER_CLK (rise edge)             0.00       0.00
  clock network delay (ideal)              0.00       0.00
  input external delay                     0.90       0.90 f
  mode (in)                                0.20       1.10 f
  U24/Y (CLKBUFX12M)                       0.76       1.86 f
  U6/Y (AO22X8M)                           0.76       2.61 f
  result[6] (out)                          0.00       2.61 f
  data arrival time                                   2.61

  clock MASTER_CLK (rise edge)             0.00       0.00
  clock network delay (ideal)              0.00       0.00
  clock uncertainty                        0.10       0.10
  output external delay                   -0.90      -0.80
  data required time                                 -0.80
  -----------------------------------------------------------
  data required time                                 -0.80
  data arrival time                                  -2.61
  -----------------------------------------------------------
  slack (MET)                                         3.41


  Startpoint: mode (input port clocked by MASTER_CLK)
  Endpoint: result[5] (output port clocked by MASTER_CLK)
  Path Group: INOUT
  Path Type: min

  Des/Clust/Port     Wire Load Model       Library
  ------------------------------------------------
  alu8_top           tsmc13_wl30           scmetro_tsmc_cl013g_rvt_ss_1p08v_125c

  Point                                    Incr       Path
  -----------------------------------------------------------
  clock MASTER_CLK (rise edge)             0.00       0.00
  clock network delay (ideal)              0.00       0.00
  input external delay                     0.90       0.90 f
  mode (in)                                0.20       1.10 f
  U24/Y (CLKBUFX12M)                       0.76       1.86 f
  U7/Y (AO22X8M)                           0.76       2.61 f
  result[5] (out)                          0.00       2.61 f
  data arrival time                                   2.61

  clock MASTER_CLK (rise edge)             0.00       0.00
  clock network delay (ideal)              0.00       0.00
  clock uncertainty                        0.10       0.10
  output external delay                   -0.90      -0.80
  data required time                                 -0.80
  -----------------------------------------------------------
  data required time                                 -0.80
  data arrival time                                  -2.61
  -----------------------------------------------------------
  slack (MET)                                         3.41


  Startpoint: mode (input port clocked by MASTER_CLK)
  Endpoint: result[4] (output port clocked by MASTER_CLK)
  Path Group: INOUT
  Path Type: min

  Des/Clust/Port     Wire Load Model       Library
  ------------------------------------------------
  alu8_top           tsmc13_wl30           scmetro_tsmc_cl013g_rvt_ss_1p08v_125c

  Point                                    Incr       Path
  -----------------------------------------------------------
  clock MASTER_CLK (rise edge)             0.00       0.00
  clock network delay (ideal)              0.00       0.00
  input external delay                     0.90       0.90 f
  mode (in)                                0.20       1.10 f
  U24/Y (CLKBUFX12M)                       0.76       1.86 f
  U8/Y (AO22X8M)                           0.76       2.61 f
  result[4] (out)                          0.00       2.61 f
  data arrival time                                   2.61

  clock MASTER_CLK (rise edge)             0.00       0.00
  clock network delay (ideal)              0.00       0.00
  clock uncertainty                        0.10       0.10
  output external delay                   -0.90      -0.80
  data required time                                 -0.80
  -----------------------------------------------------------
  data required time                                 -0.80
  data arrival time                                  -2.61
  -----------------------------------------------------------
  slack (MET)                                         3.41


  Startpoint: mode (input port clocked by MASTER_CLK)
  Endpoint: result[3] (output port clocked by MASTER_CLK)
  Path Group: INOUT
  Path Type: min

  Des/Clust/Port     Wire Load Model       Library
  ------------------------------------------------
  alu8_top           tsmc13_wl30           scmetro_tsmc_cl013g_rvt_ss_1p08v_125c

  Point                                    Incr       Path
  -----------------------------------------------------------
  clock MASTER_CLK (rise edge)             0.00       0.00
  clock network delay (ideal)              0.00       0.00
  input external delay                     0.90       0.90 f
  mode (in)                                0.20       1.10 f
  U24/Y (CLKBUFX12M)                       0.76       1.86 f
  U9/Y (AO22X8M)                           0.76       2.61 f
  result[3] (out)                          0.00       2.61 f
  data arrival time                                   2.61

  clock MASTER_CLK (rise edge)             0.00       0.00
  clock network delay (ideal)              0.00       0.00
  clock uncertainty                        0.10       0.10
  output external delay                   -0.90      -0.80
  data required time                                 -0.80
  -----------------------------------------------------------
  data required time                                 -0.80
  data arrival time                                  -2.61
  -----------------------------------------------------------
  slack (MET)                                         3.41


  Startpoint: mode (input port clocked by MASTER_CLK)
  Endpoint: result[2] (output port clocked by MASTER_CLK)
  Path Group: INOUT
  Path Type: min

  Des/Clust/Port     Wire Load Model       Library
  ------------------------------------------------
  alu8_top           tsmc13_wl30           scmetro_tsmc_cl013g_rvt_ss_1p08v_125c

  Point                                    Incr       Path
  -----------------------------------------------------------
  clock MASTER_CLK (rise edge)             0.00       0.00
  clock network delay (ideal)              0.00       0.00
  input external delay                     0.90       0.90 f
  mode (in)                                0.20       1.10 f
  U24/Y (CLKBUFX12M)                       0.76       1.86 f
  U10/Y (AO22X8M)                          0.76       2.61 f
  result[2] (out)                          0.00       2.61 f
  data arrival time                                   2.61

  clock MASTER_CLK (rise edge)             0.00       0.00
  clock network delay (ideal)              0.00       0.00
  clock uncertainty                        0.10       0.10
  output external delay                   -0.90      -0.80
  data required time                                 -0.80
  -----------------------------------------------------------
  data required time                                 -0.80
  data arrival time                                  -2.61
  -----------------------------------------------------------
  slack (MET)                                         3.41


  Startpoint: mode (input port clocked by MASTER_CLK)
  Endpoint: result[1] (output port clocked by MASTER_CLK)
  Path Group: INOUT
  Path Type: min

  Des/Clust/Port     Wire Load Model       Library
  ------------------------------------------------
  alu8_top           tsmc13_wl30           scmetro_tsmc_cl013g_rvt_ss_1p08v_125c

  Point                                    Incr       Path
  -----------------------------------------------------------
  clock MASTER_CLK (rise edge)             0.00       0.00
  clock network delay (ideal)              0.00       0.00
  input external delay                     0.90       0.90 f
  mode (in)                                0.20       1.10 f
  U24/Y (CLKBUFX12M)                       0.76       1.86 f
  U11/Y (AO22X8M)                          0.76       2.61 f
  result[1] (out)                          0.00       2.61 f
  data arrival time                                   2.61

  clock MASTER_CLK (rise edge)             0.00       0.00
  clock network delay (ideal)              0.00       0.00
  clock uncertainty                        0.10       0.10
  output external delay                   -0.90      -0.80
  data required time                                 -0.80
  -----------------------------------------------------------
  data required time                                 -0.80
  data arrival time                                  -2.61
  -----------------------------------------------------------
  slack (MET)                                         3.41


  Startpoint: mode (input port clocked by MASTER_CLK)
  Endpoint: result[0] (output port clocked by MASTER_CLK)
  Path Group: INOUT
  Path Type: min

  Des/Clust/Port     Wire Load Model       Library
  ------------------------------------------------
  alu8_top           tsmc13_wl30           scmetro_tsmc_cl013g_rvt_ss_1p08v_125c

  Point                                    Incr       Path
  -----------------------------------------------------------
  clock MASTER_CLK (rise edge)             0.00       0.00
  clock network delay (ideal)              0.00       0.00
  input external delay                     0.90       0.90 f
  mode (in)                                0.20       1.10 f
  U24/Y (CLKBUFX12M)                       0.76       1.86 f
  U18/Y (AO22X8M)                          0.76       2.61 f
  result[0] (out)                          0.00       2.61 f
  data arrival time                                   2.61

  clock MASTER_CLK (rise edge)             0.00       0.00
  clock network delay (ideal)              0.00       0.00
  clock uncertainty                        0.10       0.10
  output external delay                   -0.90      -0.80
  data required time                                 -0.80
  -----------------------------------------------------------
  data required time                                 -0.80
  data arrival time                                  -2.61
  -----------------------------------------------------------
  slack (MET)                                         3.41


  Startpoint: mode (input port clocked by MASTER_CLK)
  Endpoint: valid (output port clocked by MASTER_CLK)
  Path Group: INOUT
  Path Type: min

  Des/Clust/Port     Wire Load Model       Library
  ------------------------------------------------
  alu8_top           tsmc13_wl30           scmetro_tsmc_cl013g_rvt_ss_1p08v_125c

  Point                                    Incr       Path
  -----------------------------------------------------------
  clock MASTER_CLK (rise edge)             0.00       0.00
  clock network delay (ideal)              0.00       0.00
  input external delay                     0.90       0.90 f
  mode (in)                                0.20       1.10 f
  U24/Y (CLKBUFX12M)                       0.76       1.86 f
  U2/Y (AO22X8M)                           0.76       2.61 f
  valid (out)                              0.00       2.61 f
  data arrival time                                   2.61

  clock MASTER_CLK (rise edge)             0.00       0.00
  clock network delay (ideal)              0.00       0.00
  clock uncertainty                        0.10       0.10
  output external delay                   -0.90      -0.80
  data required time                                 -0.80
  -----------------------------------------------------------
  data required time                                 -0.80
  data arrival time                                  -2.61
  -----------------------------------------------------------
  slack (MET)                                         3.41


  Startpoint: mode (input port clocked by MASTER_CLK)
  Endpoint: result[8] (output port clocked by MASTER_CLK)
  Path Group: INOUT
  Path Type: min

  Des/Clust/Port     Wire Load Model       Library
  ------------------------------------------------
  alu8_top           tsmc13_wl30           scmetro_tsmc_cl013g_rvt_ss_1p08v_125c

  Point                                    Incr       Path
  -----------------------------------------------------------
  clock MASTER_CLK (rise edge)             0.00       0.00
  clock network delay (ideal)              0.00       0.00
  input external delay                     0.90       0.90 f
  mode (in)                                0.20       1.10 f
  U24/Y (CLKBUFX12M)                       0.76       1.86 f
  U26/Y (AND2X2M)                          0.51       2.37 f
  U31/Y (OR2X8M)                           0.57       2.94 f
  result[8] (out)                          0.00       2.94 f
  data arrival time                                   2.94

  clock MASTER_CLK (rise edge)             0.00       0.00
  clock network delay (ideal)              0.00       0.00
  clock uncertainty                        0.10       0.10
  output external delay                   -0.90      -0.80
  data required time                                 -0.80
  -----------------------------------------------------------
  data required time                                 -0.80
  data arrival time                                  -2.94
  -----------------------------------------------------------
  slack (MET)                                         3.74


  Startpoint: mode (input port clocked by MASTER_CLK)
  Endpoint: result[7] (output port clocked by MASTER_CLK)
  Path Group: INOUT
  Path Type: min

  Des/Clust/Port     Wire Load Model       Library
  ------------------------------------------------
  alu8_top           tsmc13_wl30           scmetro_tsmc_cl013g_rvt_ss_1p08v_125c

  Point                                    Incr       Path
  -----------------------------------------------------------
  clock MASTER_CLK (rise edge)             0.00       0.00
  clock network delay (ideal)              0.00       0.00
  input external delay                     0.90       0.90 f
  mode (in)                                0.20       1.10 f
  U24/Y (CLKBUFX12M)                       0.76       1.86 f
  U29/Y (NAND2X2M)                         0.55       2.40 r
  U30/Y (NAND2X8M)                         0.70       3.11 f
  result[7] (out)                          0.00       3.11 f
  data arrival time                                   3.11

  clock MASTER_CLK (rise edge)             0.00       0.00
  clock network delay (ideal)              0.00       0.00
  clock uncertainty                        0.10       0.10
  output external delay                   -0.90      -0.80
  data required time                                 -0.80
  -----------------------------------------------------------
  data required time                                 -0.80
  data arrival time                                  -3.11
  -----------------------------------------------------------
  slack (MET)                                         3.91


  Startpoint: add_en (input port clocked by MASTER_CLK)
  Endpoint: u_add/en_reg_reg
            (rising edge-triggered flip-flop clocked by MASTER_CLK)
  Path Group: INREG
  Path Type: min

  Des/Clust/Port     Wire Load Model       Library
  ------------------------------------------------
  alu8_top           tsmc13_wl30           scmetro_tsmc_cl013g_rvt_ss_1p08v_125c

  Point                                    Incr       Path
  -----------------------------------------------------------
  clock MASTER_CLK (rise edge)             0.00       0.00
  clock network delay (ideal)              0.00       0.00
  input external delay                     0.90       0.90 f
  add_en (in)                              0.10       1.00 f
  u_add/en (add_unit)                      0.00       1.00 f
  u_add/en_reg_reg/D (DFFRQX2M)            0.00       1.00 f
  data arrival time                                   1.00

  clock MASTER_CLK (rise edge)             0.00       0.00
  clock network delay (ideal)              0.00       0.00
  clock uncertainty                        0.10       0.10
  u_add/en_reg_reg/CK (DFFRQX2M)           0.00       0.10 r
  library hold time                       -0.04       0.06
  data required time                                  0.06
  -----------------------------------------------------------
  data required time                                  0.06
  data arrival time                                  -1.00
  -----------------------------------------------------------
  slack (MET)                                         0.94


  Startpoint: mul_en (input port clocked by MASTER_CLK)
  Endpoint: u_mul/en_reg_reg
            (rising edge-triggered flip-flop clocked by MASTER_CLK)
  Path Group: INREG
  Path Type: min

  Des/Clust/Port     Wire Load Model       Library
  ------------------------------------------------
  alu8_top           tsmc13_wl30           scmetro_tsmc_cl013g_rvt_ss_1p08v_125c

  Point                                    Incr       Path
  -----------------------------------------------------------
  clock MASTER_CLK (rise edge)             0.00       0.00
  clock network delay (ideal)              0.00       0.00
  input external delay                     0.90       0.90 f
  mul_en (in)                              0.11       1.01 f
  u_mul/en (mult_unit)                     0.00       1.01 f
  u_mul/en_reg_reg/D (DFFRHQX8M)           0.00       1.01 f
  data arrival time                                   1.01

  clock MASTER_CLK (rise edge)             0.00       0.00
  clock network delay (ideal)              0.00       0.00
  clock uncertainty                        0.10       0.10
  u_mul/en_reg_reg/CK (DFFRHQX8M)          0.00       0.10 r
  library hold time                       -0.09       0.01
  data required time                                  0.01
  -----------------------------------------------------------
  data required time                                  0.01
  data arrival time                                  -1.01
  -----------------------------------------------------------
  slack (MET)                                         0.99


  Startpoint: b[2] (input port clocked by MASTER_CLK)
  Endpoint: u_mul/b_reg_reg[2]
            (rising edge-triggered flip-flop clocked by MASTER_CLK)
  Path Group: INREG
  Path Type: min

  Des/Clust/Port     Wire Load Model       Library
  ------------------------------------------------
  alu8_top           tsmc13_wl30           scmetro_tsmc_cl013g_rvt_ss_1p08v_125c

  Point                                    Incr       Path
  -----------------------------------------------------------
  clock MASTER_CLK (rise edge)             0.00       0.00
  clock network delay (ideal)              0.00       0.00
  input external delay                     0.90       0.90 f
  b[2] (in)                                0.23       1.13 f
  u_mul/b[2] (mult_unit)                   0.00       1.13 f
  u_mul/b_reg_reg[2]/D (DFFRX2M)           0.00       1.13 f
  data arrival time                                   1.13

  clock MASTER_CLK (rise edge)             0.00       0.00
  clock network delay (ideal)              0.00       0.00
  clock uncertainty                        0.10       0.10
  u_mul/b_reg_reg[2]/CK (DFFRX2M)          0.00       0.10 r
  library hold time                       -0.07       0.03
  data required time                                  0.03
  -----------------------------------------------------------
  data required time                                  0.03
  data arrival time                                  -1.13
  -----------------------------------------------------------
  slack (MET)                                         1.10


  Startpoint: b[3] (input port clocked by MASTER_CLK)
  Endpoint: u_mul/b_reg_reg[3]
            (rising edge-triggered flip-flop clocked by MASTER_CLK)
  Path Group: INREG
  Path Type: min

  Des/Clust/Port     Wire Load Model       Library
  ------------------------------------------------
  alu8_top           tsmc13_wl30           scmetro_tsmc_cl013g_rvt_ss_1p08v_125c

  Point                                    Incr       Path
  -----------------------------------------------------------
  clock MASTER_CLK (rise edge)             0.00       0.00
  clock network delay (ideal)              0.00       0.00
  input external delay                     0.90       0.90 f
  b[3] (in)                                0.23       1.13 f
  u_mul/b[3] (mult_unit)                   0.00       1.13 f
  u_mul/b_reg_reg[3]/D (DFFRX4M)           0.00       1.13 f
  data arrival time                                   1.13

  clock MASTER_CLK (rise edge)             0.00       0.00
  clock network delay (ideal)              0.00       0.00
  clock uncertainty                        0.10       0.10
  u_mul/b_reg_reg[3]/CK (DFFRX4M)          0.00       0.10 r
  library hold time                       -0.07       0.03
  data required time                                  0.03
  -----------------------------------------------------------
  data required time                                  0.03
  data arrival time                                  -1.13
  -----------------------------------------------------------
  slack (MET)                                         1.10


  Startpoint: a[7] (input port clocked by MASTER_CLK)
  Endpoint: u_mul/a_reg_reg[7]
            (rising edge-triggered flip-flop clocked by MASTER_CLK)
  Path Group: INREG
  Path Type: min

  Des/Clust/Port     Wire Load Model       Library
  ------------------------------------------------
  alu8_top           tsmc13_wl30           scmetro_tsmc_cl013g_rvt_ss_1p08v_125c

  Point                                    Incr       Path
  -----------------------------------------------------------
  clock MASTER_CLK (rise edge)             0.00       0.00
  clock network delay (ideal)              0.00       0.00
  input external delay                     0.90       0.90 f
  a[7] (in)                                0.25       1.15 f
  u_mul/a[7] (mult_unit)                   0.00       1.15 f
  u_mul/a_reg_reg[7]/D (DFFRX4M)           0.00       1.15 f
  data arrival time                                   1.15

  clock MASTER_CLK (rise edge)             0.00       0.00
  clock network delay (ideal)              0.00       0.00
  clock uncertainty                        0.10       0.10
  u_mul/a_reg_reg[7]/CK (DFFRX4M)          0.00       0.10 r
  library hold time                       -0.08       0.02
  data required time                                  0.02
  -----------------------------------------------------------
  data required time                                  0.02
  data arrival time                                  -1.15
  -----------------------------------------------------------
  slack (MET)                                         1.13


  Startpoint: b[6] (input port clocked by MASTER_CLK)
  Endpoint: u_mul/b_reg_reg[6]
            (rising edge-triggered flip-flop clocked by MASTER_CLK)
  Path Group: INREG
  Path Type: min

  Des/Clust/Port     Wire Load Model       Library
  ------------------------------------------------
  alu8_top           tsmc13_wl30           scmetro_tsmc_cl013g_rvt_ss_1p08v_125c

  Point                                    Incr       Path
  -----------------------------------------------------------
  clock MASTER_CLK (rise edge)             0.00       0.00
  clock network delay (ideal)              0.00       0.00
  input external delay                     0.90       0.90 f
  b[6] (in)                                0.23       1.13 f
  u_mul/b[6] (mult_unit)                   0.00       1.13 f
  u_mul/b_reg_reg[6]/D (DFFRHQX8M)         0.00       1.13 f
  data arrival time                                   1.13

  clock MASTER_CLK (rise edge)             0.00       0.00
  clock network delay (ideal)              0.00       0.00
  clock uncertainty                        0.10       0.10
  u_mul/b_reg_reg[6]/CK (DFFRHQX8M)        0.00       0.10 r
  library hold time                       -0.14      -0.04
  data required time                                 -0.04
  -----------------------------------------------------------
  data required time                                 -0.04
  data arrival time                                  -1.13
  -----------------------------------------------------------
  slack (MET)                                         1.17


  Startpoint: b[4] (input port clocked by MASTER_CLK)
  Endpoint: u_mul/b_reg_reg[4]
            (rising edge-triggered flip-flop clocked by MASTER_CLK)
  Path Group: INREG
  Path Type: min

  Des/Clust/Port     Wire Load Model       Library
  ------------------------------------------------
  alu8_top           tsmc13_wl30           scmetro_tsmc_cl013g_rvt_ss_1p08v_125c

  Point                                    Incr       Path
  -----------------------------------------------------------
  clock MASTER_CLK (rise edge)             0.00       0.00
  clock network delay (ideal)              0.00       0.00
  input external delay                     0.90       0.90 f
  b[4] (in)                                0.23       1.13 f
  u_mul/b[4] (mult_unit)                   0.00       1.13 f
  u_mul/b_reg_reg[4]/D (DFFRHQX8M)         0.00       1.13 f
  data arrival time                                   1.13

  clock MASTER_CLK (rise edge)             0.00       0.00
  clock network delay (ideal)              0.00       0.00
  clock uncertainty                        0.10       0.10
  u_mul/b_reg_reg[4]/CK (DFFRHQX8M)        0.00       0.10 r
  library hold time                       -0.14      -0.04
  data required time                                 -0.04
  -----------------------------------------------------------
  data required time                                 -0.04
  data arrival time                                  -1.13
  -----------------------------------------------------------
  slack (MET)                                         1.17


  Startpoint: b[7] (input port clocked by MASTER_CLK)
  Endpoint: u_mul/b_reg_reg[7]
            (rising edge-triggered flip-flop clocked by MASTER_CLK)
  Path Group: INREG
  Path Type: min

  Des/Clust/Port     Wire Load Model       Library
  ------------------------------------------------
  alu8_top           tsmc13_wl30           scmetro_tsmc_cl013g_rvt_ss_1p08v_125c

  Point                                    Incr       Path
  -----------------------------------------------------------
  clock MASTER_CLK (rise edge)             0.00       0.00
  clock network delay (ideal)              0.00       0.00
  input external delay                     0.90       0.90 f
  b[7] (in)                                0.23       1.13 f
  u_mul/b[7] (mult_unit)                   0.00       1.13 f
  u_mul/b_reg_reg[7]/D (DFFRHQX8M)         0.00       1.13 f
  data arrival time                                   1.13

  clock MASTER_CLK (rise edge)             0.00       0.00
  clock network delay (ideal)              0.00       0.00
  clock uncertainty                        0.10       0.10
  u_mul/b_reg_reg[7]/CK (DFFRHQX8M)        0.00       0.10 r
  library hold time                       -0.14      -0.04
  data required time                                 -0.04
  -----------------------------------------------------------
  data required time                                 -0.04
  data arrival time                                  -1.13
  -----------------------------------------------------------
  slack (MET)                                         1.17


  Startpoint: b[5] (input port clocked by MASTER_CLK)
  Endpoint: u_mul/b_reg_reg[5]
            (rising edge-triggered flip-flop clocked by MASTER_CLK)
  Path Group: INREG
  Path Type: min

  Des/Clust/Port     Wire Load Model       Library
  ------------------------------------------------
  alu8_top           tsmc13_wl30           scmetro_tsmc_cl013g_rvt_ss_1p08v_125c

  Point                                    Incr       Path
  -----------------------------------------------------------
  clock MASTER_CLK (rise edge)             0.00       0.00
  clock network delay (ideal)              0.00       0.00
  input external delay                     0.90       0.90 f
  b[5] (in)                                0.23       1.13 f
  u_mul/b[5] (mult_unit)                   0.00       1.13 f
  u_mul/b_reg_reg[5]/D (DFFRHQX8M)         0.00       1.13 f
  data arrival time                                   1.13

  clock MASTER_CLK (rise edge)             0.00       0.00
  clock network delay (ideal)              0.00       0.00
  clock uncertainty                        0.10       0.10
  u_mul/b_reg_reg[5]/CK (DFFRHQX8M)        0.00       0.10 r
  library hold time                       -0.14      -0.04
  data required time                                 -0.04
  -----------------------------------------------------------
  data required time                                 -0.04
  data arrival time                                  -1.13
  -----------------------------------------------------------
  slack (MET)                                         1.17


  Startpoint: a[2] (input port clocked by MASTER_CLK)
  Endpoint: u_mul/a_reg_reg[2]
            (rising edge-triggered flip-flop clocked by MASTER_CLK)
  Path Group: INREG
  Path Type: min

  Des/Clust/Port     Wire Load Model       Library
  ------------------------------------------------
  alu8_top           tsmc13_wl30           scmetro_tsmc_cl013g_rvt_ss_1p08v_125c

  Point                                    Incr       Path
  -----------------------------------------------------------
  clock MASTER_CLK (rise edge)             0.00       0.00
  clock network delay (ideal)              0.00       0.00
  input external delay                     0.90       0.90 f
  a[2] (in)                                0.25       1.15 f
  u_mul/a[2] (mult_unit)                   0.00       1.15 f
  u_mul/a_reg_reg[2]/D (DFFRHQX8M)         0.00       1.15 f
  data arrival time                                   1.15

  clock MASTER_CLK (rise edge)             0.00       0.00
  clock network delay (ideal)              0.00       0.00
  clock uncertainty                        0.10       0.10
  u_mul/a_reg_reg[2]/CK (DFFRHQX8M)        0.00       0.10 r
  library hold time                       -0.14      -0.04
  data required time                                 -0.04
  -----------------------------------------------------------
  data required time                                 -0.04
  data arrival time                                  -1.15
  -----------------------------------------------------------
  slack (MET)                                         1.19


  Startpoint: a[4] (input port clocked by MASTER_CLK)
  Endpoint: u_mul/a_reg_reg[4]
            (rising edge-triggered flip-flop clocked by MASTER_CLK)
  Path Group: INREG
  Path Type: min

  Des/Clust/Port     Wire Load Model       Library
  ------------------------------------------------
  alu8_top           tsmc13_wl30           scmetro_tsmc_cl013g_rvt_ss_1p08v_125c

  Point                                    Incr       Path
  -----------------------------------------------------------
  clock MASTER_CLK (rise edge)             0.00       0.00
  clock network delay (ideal)              0.00       0.00
  input external delay                     0.90       0.90 f
  a[4] (in)                                0.25       1.15 f
  u_mul/a[4] (mult_unit)                   0.00       1.15 f
  u_mul/a_reg_reg[4]/D (DFFRHQX8M)         0.00       1.15 f
  data arrival time                                   1.15

  clock MASTER_CLK (rise edge)             0.00       0.00
  clock network delay (ideal)              0.00       0.00
  clock uncertainty                        0.10       0.10
  u_mul/a_reg_reg[4]/CK (DFFRHQX8M)        0.00       0.10 r
  library hold time                       -0.14      -0.04
  data required time                                 -0.04
  -----------------------------------------------------------
  data required time                                 -0.04
  data arrival time                                  -1.15
  -----------------------------------------------------------
  slack (MET)                                         1.19


  Startpoint: a[6] (input port clocked by MASTER_CLK)
  Endpoint: u_mul/a_reg_reg[6]
            (rising edge-triggered flip-flop clocked by MASTER_CLK)
  Path Group: INREG
  Path Type: min

  Des/Clust/Port     Wire Load Model       Library
  ------------------------------------------------
  alu8_top           tsmc13_wl30           scmetro_tsmc_cl013g_rvt_ss_1p08v_125c

  Point                                    Incr       Path
  -----------------------------------------------------------
  clock MASTER_CLK (rise edge)             0.00       0.00
  clock network delay (ideal)              0.00       0.00
  input external delay                     0.90       0.90 f
  a[6] (in)                                0.25       1.15 f
  u_mul/a[6] (mult_unit)                   0.00       1.15 f
  u_mul/a_reg_reg[6]/D (DFFRHQX8M)         0.00       1.15 f
  data arrival time                                   1.15

  clock MASTER_CLK (rise edge)             0.00       0.00
  clock network delay (ideal)              0.00       0.00
  clock uncertainty                        0.10       0.10
  u_mul/a_reg_reg[6]/CK (DFFRHQX8M)        0.00       0.10 r
  library hold time                       -0.14      -0.04
  data required time                                 -0.04
  -----------------------------------------------------------
  data required time                                 -0.04
  data arrival time                                  -1.15
  -----------------------------------------------------------
  slack (MET)                                         1.19


  Startpoint: a[5] (input port clocked by MASTER_CLK)
  Endpoint: u_mul/a_reg_reg[5]
            (rising edge-triggered flip-flop clocked by MASTER_CLK)
  Path Group: INREG
  Path Type: min

  Des/Clust/Port     Wire Load Model       Library
  ------------------------------------------------
  alu8_top           tsmc13_wl30           scmetro_tsmc_cl013g_rvt_ss_1p08v_125c

  Point                                    Incr       Path
  -----------------------------------------------------------
  clock MASTER_CLK (rise edge)             0.00       0.00
  clock network delay (ideal)              0.00       0.00
  input external delay                     0.90       0.90 f
  a[5] (in)                                0.25       1.15 f
  u_mul/a[5] (mult_unit)                   0.00       1.15 f
  u_mul/a_reg_reg[5]/D (DFFRHQX8M)         0.00       1.15 f
  data arrival time                                   1.15

  clock MASTER_CLK (rise edge)             0.00       0.00
  clock network delay (ideal)              0.00       0.00
  clock uncertainty                        0.10       0.10
  u_mul/a_reg_reg[5]/CK (DFFRHQX8M)        0.00       0.10 r
  library hold time                       -0.14      -0.04
  data required time                                 -0.04
  -----------------------------------------------------------
  data required time                                 -0.04
  data arrival time                                  -1.15
  -----------------------------------------------------------
  slack (MET)                                         1.19


  Startpoint: a[3] (input port clocked by MASTER_CLK)
  Endpoint: u_mul/a_reg_reg[3]
            (rising edge-triggered flip-flop clocked by MASTER_CLK)
  Path Group: INREG
  Path Type: min

  Des/Clust/Port     Wire Load Model       Library
  ------------------------------------------------
  alu8_top           tsmc13_wl30           scmetro_tsmc_cl013g_rvt_ss_1p08v_125c

  Point                                    Incr       Path
  -----------------------------------------------------------
  clock MASTER_CLK (rise edge)             0.00       0.00
  clock network delay (ideal)              0.00       0.00
  input external delay                     0.90       0.90 f
  a[3] (in)                                0.25       1.15 f
  u_mul/a[3] (mult_unit)                   0.00       1.15 f
  u_mul/a_reg_reg[3]/D (DFFRHQX8M)         0.00       1.15 f
  data arrival time                                   1.15

  clock MASTER_CLK (rise edge)             0.00       0.00
  clock network delay (ideal)              0.00       0.00
  clock uncertainty                        0.10       0.10
  u_mul/a_reg_reg[3]/CK (DFFRHQX8M)        0.00       0.10 r
  library hold time                       -0.14      -0.04
  data required time                                 -0.04
  -----------------------------------------------------------
  data required time                                 -0.04
  data arrival time                                  -1.15
  -----------------------------------------------------------
  slack (MET)                                         1.19


  Startpoint: a[0] (input port clocked by MASTER_CLK)
  Endpoint: u_mul/a_reg_reg[0]
            (rising edge-triggered flip-flop clocked by MASTER_CLK)
  Path Group: INREG
  Path Type: min

  Des/Clust/Port     Wire Load Model       Library
  ------------------------------------------------
  alu8_top           tsmc13_wl30           scmetro_tsmc_cl013g_rvt_ss_1p08v_125c

  Point                                    Incr       Path
  -----------------------------------------------------------
  clock MASTER_CLK (rise edge)             0.00       0.00
  clock network delay (ideal)              0.00       0.00
  input external delay                     0.90       0.90 f
  a[0] (in)                                0.12       1.02 f
  U22/Y (BUFX8M)                           0.22       1.24 f
  u_mul/a[0] (mult_unit)                   0.00       1.24 f
  u_mul/a_reg_reg[0]/D (DFFRHQX8M)         0.00       1.24 f
  data arrival time                                   1.24

  clock MASTER_CLK (rise edge)             0.00       0.00
  clock network delay (ideal)              0.00       0.00
  clock uncertainty                        0.10       0.10
  u_mul/a_reg_reg[0]/CK (DFFRHQX8M)        0.00       0.10 r
  library hold time                       -0.08       0.02
  data required time                                  0.02
  -----------------------------------------------------------
  data required time                                  0.02
  data arrival time                                  -1.24
  -----------------------------------------------------------
  slack (MET)                                         1.22


  Startpoint: b[0] (input port clocked by MASTER_CLK)
  Endpoint: u_mul/b_reg_reg[0]
            (rising edge-triggered flip-flop clocked by MASTER_CLK)
  Path Group: INREG
  Path Type: min

  Des/Clust/Port     Wire Load Model       Library
  ------------------------------------------------
  alu8_top           tsmc13_wl30           scmetro_tsmc_cl013g_rvt_ss_1p08v_125c

  Point                                    Incr       Path
  -----------------------------------------------------------
  clock MASTER_CLK (rise edge)             0.00       0.00
  clock network delay (ideal)              0.00       0.00
  input external delay                     0.90       0.90 f
  b[0] (in)                                0.12       1.02 f
  U20/Y (BUFX8M)                           0.22       1.24 f
  u_mul/b[0] (mult_unit)                   0.00       1.24 f
  u_mul/b_reg_reg[0]/D (DFFRHQX2M)         0.00       1.24 f
  data arrival time                                   1.24

  clock MASTER_CLK (rise edge)             0.00       0.00
  clock network delay (ideal)              0.00       0.00
  clock uncertainty                        0.10       0.10
  u_mul/b_reg_reg[0]/CK (DFFRHQX2M)        0.00       0.10 r
  library hold time                       -0.13      -0.03
  data required time                                 -0.03
  -----------------------------------------------------------
  data required time                                 -0.03
  data arrival time                                  -1.24
  -----------------------------------------------------------
  slack (MET)                                         1.27


  Startpoint: a[1] (input port clocked by MASTER_CLK)
  Endpoint: u_mul/a_reg_reg[1]
            (rising edge-triggered flip-flop clocked by MASTER_CLK)
  Path Group: INREG
  Path Type: min

  Des/Clust/Port     Wire Load Model       Library
  ------------------------------------------------
  alu8_top           tsmc13_wl30           scmetro_tsmc_cl013g_rvt_ss_1p08v_125c

  Point                                    Incr       Path
  -----------------------------------------------------------
  clock MASTER_CLK (rise edge)             0.00       0.00
  clock network delay (ideal)              0.00       0.00
  input external delay                     0.90       0.90 f
  a[1] (in)                                0.39       1.29 f
  u_mul/a[1] (mult_unit)                   0.00       1.29 f
  u_mul/a_reg_reg[1]/D (DFFRHQX8M)         0.00       1.29 f
  data arrival time                                   1.29

  clock MASTER_CLK (rise edge)             0.00       0.00
  clock network delay (ideal)              0.00       0.00
  clock uncertainty                        0.10       0.10
  u_mul/a_reg_reg[1]/CK (DFFRHQX8M)        0.00       0.10 r
  library hold time                       -0.17      -0.07
  data required time                                 -0.07
  -----------------------------------------------------------
  data required time                                 -0.07
  data arrival time                                  -1.29
  -----------------------------------------------------------
  slack (MET)                                         1.36


  Startpoint: b[1] (input port clocked by MASTER_CLK)
  Endpoint: u_mul/b_reg_reg[1]
            (rising edge-triggered flip-flop clocked by MASTER_CLK)
  Path Group: INREG
  Path Type: min

  Des/Clust/Port     Wire Load Model       Library
  ------------------------------------------------
  alu8_top           tsmc13_wl30           scmetro_tsmc_cl013g_rvt_ss_1p08v_125c

  Point                                    Incr       Path
  -----------------------------------------------------------
  clock MASTER_CLK (rise edge)             0.00       0.00
  clock network delay (ideal)              0.00       0.00
  input external delay                     0.90       0.90 f
  b[1] (in)                                0.39       1.29 f
  u_mul/b[1] (mult_unit)                   0.00       1.29 f
  u_mul/b_reg_reg[1]/D (DFFRHQX2M)         0.00       1.29 f
  data arrival time                                   1.29

  clock MASTER_CLK (rise edge)             0.00       0.00
  clock network delay (ideal)              0.00       0.00
  clock uncertainty                        0.10       0.10
  u_mul/b_reg_reg[1]/CK (DFFRHQX2M)        0.00       0.10 r
  library hold time                       -0.26      -0.16
  data required time                                 -0.16
  -----------------------------------------------------------
  data required time                                 -0.16
  data arrival time                                  -1.29
  -----------------------------------------------------------
  slack (MET)                                         1.45


  Startpoint: b[6] (input port clocked by MASTER_CLK)
  Endpoint: u_add/sum_reg[6]
            (rising edge-triggered flip-flop clocked by MASTER_CLK)
  Path Group: INREG
  Path Type: min

  Des/Clust/Port     Wire Load Model       Library
  ------------------------------------------------
  alu8_top           tsmc13_wl30           scmetro_tsmc_cl013g_rvt_ss_1p08v_125c

  Point                                                   Incr       Path
  --------------------------------------------------------------------------
  clock MASTER_CLK (rise edge)                            0.00       0.00
  clock network delay (ideal)                             0.00       0.00
  input external delay                                    0.90       0.90 f
  b[6] (in)                                               0.23       1.13 f
  u_add/b[6] (add_unit)                                   0.00       1.13 f
  u_add/add_34/B[6] (add_unit_DW01_add_0)                 0.00       1.13 f
  u_add/add_34/U1_6/S (ADDFHX8M)                          0.40       1.54 f
  u_add/add_34/SUM[6] (add_unit_DW01_add_0)               0.00       1.54 f
  u_add/U7/Y (NAND2X12M)                                  0.11       1.64 r
  u_add/U6/Y (NAND2X12M)                                  0.07       1.72 f
  u_add/sum_reg[6]/D (DFFRQX2M)                           0.00       1.72 f
  data arrival time                                                  1.72

  clock MASTER_CLK (rise edge)                            0.00       0.00
  clock network delay (ideal)                             0.00       0.00
  clock uncertainty                                       0.10       0.10
  u_add/sum_reg[6]/CK (DFFRQX2M)                          0.00       0.10 r
  library hold time                                      -0.02       0.08
  data required time                                                 0.08
  --------------------------------------------------------------------------
  data required time                                                 0.08
  data arrival time                                                 -1.72
  --------------------------------------------------------------------------
  slack (MET)                                                        1.64


  Startpoint: b[7] (input port clocked by MASTER_CLK)
  Endpoint: u_add/sum_reg[7]
            (rising edge-triggered flip-flop clocked by MASTER_CLK)
  Path Group: INREG
  Path Type: min

  Des/Clust/Port     Wire Load Model       Library
  ------------------------------------------------
  alu8_top           tsmc13_wl30           scmetro_tsmc_cl013g_rvt_ss_1p08v_125c

  Point                                                   Incr       Path
  --------------------------------------------------------------------------
  clock MASTER_CLK (rise edge)                            0.00       0.00
  clock network delay (ideal)                             0.00       0.00
  input external delay                                    0.90       0.90 f
  b[7] (in)                                               0.23       1.13 f
  u_add/b[7] (add_unit)                                   0.00       1.13 f
  u_add/add_34/B[7] (add_unit_DW01_add_0)                 0.00       1.13 f
  u_add/add_34/U1_7/S (ADDFHX8M)                          0.40       1.54 f
  u_add/add_34/SUM[7] (add_unit_DW01_add_0)               0.00       1.54 f
  u_add/U5/Y (NAND2X12M)                                  0.10       1.64 r
  u_add/U8/Y (CLKNAND2X12M)                               0.12       1.76 f
  u_add/sum_reg[7]/D (DFFRQX2M)                           0.00       1.76 f
  data arrival time                                                  1.76

  clock MASTER_CLK (rise edge)                            0.00       0.00
  clock network delay (ideal)                             0.00       0.00
  clock uncertainty                                       0.10       0.10
  u_add/sum_reg[7]/CK (DFFRQX2M)                          0.00       0.10 r
  library hold time                                      -0.03       0.07
  data required time                                                 0.07
  --------------------------------------------------------------------------
  data required time                                                 0.07
  data arrival time                                                 -1.76
  --------------------------------------------------------------------------
  slack (MET)                                                        1.69


  Startpoint: b[7] (input port clocked by MASTER_CLK)
  Endpoint: u_add/cout_reg
            (rising edge-triggered flip-flop clocked by MASTER_CLK)
  Path Group: INREG
  Path Type: min

  Des/Clust/Port     Wire Load Model       Library
  ------------------------------------------------
  alu8_top           tsmc13_wl30           scmetro_tsmc_cl013g_rvt_ss_1p08v_125c

  Point                                                   Incr       Path
  --------------------------------------------------------------------------
  clock MASTER_CLK (rise edge)                            0.00       0.00
  clock network delay (ideal)                             0.00       0.00
  input external delay                                    0.90       0.90 f
  b[7] (in)                                               0.23       1.13 f
  u_add/b[7] (add_unit)                                   0.00       1.13 f
  u_add/add_34/B[7] (add_unit_DW01_add_0)                 0.00       1.13 f
  u_add/add_34/U1_7/CO (ADDFHX8M)                         0.43       1.57 f
  u_add/add_34/SUM[8] (add_unit_DW01_add_0)               0.00       1.57 f
  u_add/U10/Y (NAND2X12M)                                 0.10       1.66 r
  u_add/U4/Y (NAND2X4M)                                   0.11       1.78 f
  u_add/cout_reg/D (DFFRQX1M)                             0.00       1.78 f
  data arrival time                                                  1.78

  clock MASTER_CLK (rise edge)                            0.00       0.00
  clock network delay (ideal)                             0.00       0.00
  clock uncertainty                                       0.10       0.10
  u_add/cout_reg/CK (DFFRQX1M)                            0.00       0.10 r
  library hold time                                      -0.02       0.08
  data required time                                                 0.08
  --------------------------------------------------------------------------
  data required time                                                 0.08
  data arrival time                                                 -1.78
  --------------------------------------------------------------------------
  slack (MET)                                                        1.70


  Startpoint: b[2] (input port clocked by MASTER_CLK)
  Endpoint: u_add/sum_reg[2]
            (rising edge-triggered flip-flop clocked by MASTER_CLK)
  Path Group: INREG
  Path Type: min

  Des/Clust/Port     Wire Load Model       Library
  ------------------------------------------------
  alu8_top           tsmc13_wl30           scmetro_tsmc_cl013g_rvt_ss_1p08v_125c

  Point                                                   Incr       Path
  --------------------------------------------------------------------------
  clock MASTER_CLK (rise edge)                            0.00       0.00
  clock network delay (ideal)                             0.00       0.00
  input external delay                                    0.90       0.90 f
  b[2] (in)                                               0.23       1.13 f
  u_add/b[2] (add_unit)                                   0.00       1.13 f
  u_add/add_34/B[2] (add_unit_DW01_add_0)                 0.00       1.13 f
  u_add/add_34/U1_2/S (ADDFHX8M)                          0.38       1.51 f
  u_add/add_34/SUM[2] (add_unit_DW01_add_0)               0.00       1.51 f
  u_add/U19/Y (AO22X1M)                                   0.50       2.01 f
  u_add/sum_reg[2]/D (DFFRQX1M)                           0.00       2.01 f
  data arrival time                                                  2.01

  clock MASTER_CLK (rise edge)                            0.00       0.00
  clock network delay (ideal)                             0.00       0.00
  clock uncertainty                                       0.10       0.10
  u_add/sum_reg[2]/CK (DFFRQX1M)                          0.00       0.10 r
  library hold time                                      -0.05       0.05
  data required time                                                 0.05
  --------------------------------------------------------------------------
  data required time                                                 0.05
  data arrival time                                                 -2.01
  --------------------------------------------------------------------------
  slack (MET)                                                        1.96


  Startpoint: b[3] (input port clocked by MASTER_CLK)
  Endpoint: u_add/sum_reg[3]
            (rising edge-triggered flip-flop clocked by MASTER_CLK)
  Path Group: INREG
  Path Type: min

  Des/Clust/Port     Wire Load Model       Library
  ------------------------------------------------
  alu8_top           tsmc13_wl30           scmetro_tsmc_cl013g_rvt_ss_1p08v_125c

  Point                                                   Incr       Path
  --------------------------------------------------------------------------
  clock MASTER_CLK (rise edge)                            0.00       0.00
  clock network delay (ideal)                             0.00       0.00
  input external delay                                    0.90       0.90 f
  b[3] (in)                                               0.23       1.13 f
  u_add/b[3] (add_unit)                                   0.00       1.13 f
  u_add/add_34/B[3] (add_unit_DW01_add_0)                 0.00       1.13 f
  u_add/add_34/U1_3/S (ADDFHX8M)                          0.38       1.51 f
  u_add/add_34/SUM[3] (add_unit_DW01_add_0)               0.00       1.51 f
  u_add/U20/Y (AO22X1M)                                   0.50       2.01 f
  u_add/sum_reg[3]/D (DFFRQX1M)                           0.00       2.01 f
  data arrival time                                                  2.01

  clock MASTER_CLK (rise edge)                            0.00       0.00
  clock network delay (ideal)                             0.00       0.00
  clock uncertainty                                       0.10       0.10
  u_add/sum_reg[3]/CK (DFFRQX1M)                          0.00       0.10 r
  library hold time                                      -0.05       0.05
  data required time                                                 0.05
  --------------------------------------------------------------------------
  data required time                                                 0.05
  data arrival time                                                 -2.01
  --------------------------------------------------------------------------
  slack (MET)                                                        1.96


  Startpoint: b[5] (input port clocked by MASTER_CLK)
  Endpoint: u_add/sum_reg[5]
            (rising edge-triggered flip-flop clocked by MASTER_CLK)
  Path Group: INREG
  Path Type: min

  Des/Clust/Port     Wire Load Model       Library
  ------------------------------------------------
  alu8_top           tsmc13_wl30           scmetro_tsmc_cl013g_rvt_ss_1p08v_125c

  Point                                                   Incr       Path
  --------------------------------------------------------------------------
  clock MASTER_CLK (rise edge)                            0.00       0.00
  clock network delay (ideal)                             0.00       0.00
  input external delay                                    0.90       0.90 f
  b[5] (in)                                               0.23       1.13 f
  u_add/b[5] (add_unit)                                   0.00       1.13 f
  u_add/add_34/B[5] (add_unit_DW01_add_0)                 0.00       1.13 f
  u_add/add_34/U1_5/S (ADDFHX8M)                          0.39       1.52 f
  u_add/add_34/SUM[5] (add_unit_DW01_add_0)               0.00       1.52 f
  u_add/U16/Y (AO22X1M)                                   0.50       2.02 f
  u_add/sum_reg[5]/D (DFFRQX1M)                           0.00       2.02 f
  data arrival time                                                  2.02

  clock MASTER_CLK (rise edge)                            0.00       0.00
  clock network delay (ideal)                             0.00       0.00
  clock uncertainty                                       0.10       0.10
  u_add/sum_reg[5]/CK (DFFRQX1M)                          0.00       0.10 r
  library hold time                                      -0.05       0.05
  data required time                                                 0.05
  --------------------------------------------------------------------------
  data required time                                                 0.05
  data arrival time                                                 -2.02
  --------------------------------------------------------------------------
  slack (MET)                                                        1.97


  Startpoint: b[4] (input port clocked by MASTER_CLK)
  Endpoint: u_add/sum_reg[4]
            (rising edge-triggered flip-flop clocked by MASTER_CLK)
  Path Group: INREG
  Path Type: min

  Des/Clust/Port     Wire Load Model       Library
  ------------------------------------------------
  alu8_top           tsmc13_wl30           scmetro_tsmc_cl013g_rvt_ss_1p08v_125c

  Point                                                   Incr       Path
  --------------------------------------------------------------------------
  clock MASTER_CLK (rise edge)                            0.00       0.00
  clock network delay (ideal)                             0.00       0.00
  input external delay                                    0.90       0.90 f
  b[4] (in)                                               0.23       1.13 f
  u_add/b[4] (add_unit)                                   0.00       1.13 f
  u_add/add_34/B[4] (add_unit_DW01_add_0)                 0.00       1.13 f
  u_add/add_34/U1_4/S (ADDFHX8M)                          0.39       1.52 f
  u_add/add_34/SUM[4] (add_unit_DW01_add_0)               0.00       1.52 f
  u_add/U15/Y (AO22X1M)                                   0.50       2.02 f
  u_add/sum_reg[4]/D (DFFRQX1M)                           0.00       2.02 f
  data arrival time                                                  2.02

  clock MASTER_CLK (rise edge)                            0.00       0.00
  clock network delay (ideal)                             0.00       0.00
  clock uncertainty                                       0.10       0.10
  u_add/sum_reg[4]/CK (DFFRQX1M)                          0.00       0.10 r
  library hold time                                      -0.05       0.05
  data required time                                                 0.05
  --------------------------------------------------------------------------
  data required time                                                 0.05
  data arrival time                                                 -2.02
  --------------------------------------------------------------------------
  slack (MET)                                                        1.97


  Startpoint: b[0] (input port clocked by MASTER_CLK)
  Endpoint: u_add/sum_reg[0]
            (rising edge-triggered flip-flop clocked by MASTER_CLK)
  Path Group: INREG
  Path Type: min

  Des/Clust/Port     Wire Load Model       Library
  ------------------------------------------------
  alu8_top           tsmc13_wl30           scmetro_tsmc_cl013g_rvt_ss_1p08v_125c

  Point                                                   Incr       Path
  --------------------------------------------------------------------------
  clock MASTER_CLK (rise edge)                            0.00       0.00
  clock network delay (ideal)                             0.00       0.00
  input external delay                                    0.90       0.90 f
  b[0] (in)                                               0.12       1.02 f
  U20/Y (BUFX8M)                                          0.22       1.24 f
  u_add/b[0] (add_unit)                                   0.00       1.24 f
  u_add/add_34/B[0] (add_unit_DW01_add_0)                 0.00       1.24 f
  u_add/add_34/U8/Y (CLKXOR2X2M)                          0.37       1.61 f
  u_add/add_34/SUM[0] (add_unit_DW01_add_0)               0.00       1.61 f
  u_add/U17/Y (AO22X1M)                                   0.59       2.19 f
  u_add/sum_reg[0]/D (DFFRQX2M)                           0.00       2.19 f
  data arrival time                                                  2.19

  clock MASTER_CLK (rise edge)                            0.00       0.00
  clock network delay (ideal)                             0.00       0.00
  clock uncertainty                                       0.10       0.10
  u_add/sum_reg[0]/CK (DFFRQX2M)                          0.00       0.10 r
  library hold time                                      -0.07       0.03
  data required time                                                 0.03
  --------------------------------------------------------------------------
  data required time                                                 0.03
  data arrival time                                                 -2.19
  --------------------------------------------------------------------------
  slack (MET)                                                        2.16


  Startpoint: a[1] (input port clocked by MASTER_CLK)
  Endpoint: u_add/sum_reg[1]
            (rising edge-triggered flip-flop clocked by MASTER_CLK)
  Path Group: INREG
  Path Type: min

  Des/Clust/Port     Wire Load Model       Library
  ------------------------------------------------
  alu8_top           tsmc13_wl30           scmetro_tsmc_cl013g_rvt_ss_1p08v_125c

  Point                                                   Incr       Path
  --------------------------------------------------------------------------
  clock MASTER_CLK (rise edge)                            0.00       0.00
  clock network delay (ideal)                             0.00       0.00
  input external delay                                    0.90       0.90 f
  a[1] (in)                                               0.39       1.29 f
  u_add/a[1] (add_unit)                                   0.00       1.29 f
  u_add/add_34/A[1] (add_unit_DW01_add_0)                 0.00       1.29 f
  u_add/add_34/U7/Y (XOR3XLM)                             0.70       2.00 f
  u_add/add_34/SUM[1] (add_unit_DW01_add_0)               0.00       2.00 f
  u_add/U18/Y (AO22X1M)                                   0.61       2.60 f
  u_add/sum_reg[1]/D (DFFRQX2M)                           0.00       2.60 f
  data arrival time                                                  2.60

  clock MASTER_CLK (rise edge)                            0.00       0.00
  clock network delay (ideal)                             0.00       0.00
  clock uncertainty                                       0.10       0.10
  u_add/sum_reg[1]/CK (DFFRQX2M)                          0.00       0.10 r
  library hold time                                      -0.07       0.03
  data required time                                                 0.03
  --------------------------------------------------------------------------
  data required time                                                 0.03
  data arrival time                                                 -2.60
  --------------------------------------------------------------------------
  slack (MET)                                                        2.57


  Startpoint: u_mul/product_reg[13]
              (rising edge-triggered flip-flop clocked by MASTER_CLK)
  Endpoint: u_mul/product_reg[13]
            (rising edge-triggered flip-flop clocked by MASTER_CLK)
  Path Group: MASTER_CLK
  Path Type: min

  Des/Clust/Port     Wire Load Model       Library
  ------------------------------------------------
  alu8_top           tsmc13_wl30           scmetro_tsmc_cl013g_rvt_ss_1p08v_125c

  Point                                                   Incr       Path
  --------------------------------------------------------------------------
  clock MASTER_CLK (rise edge)                            0.00       0.00
  clock network delay (ideal)                             0.00       0.00
  u_mul/product_reg[13]/CK (DFFRHQX8M)                    0.00       0.00 r
  u_mul/product_reg[13]/Q (DFFRHQX8M)                     0.39       0.39 f
  u_mul/U228/Y (MXI2X12M)                                 0.19       0.58 r
  u_mul/U12/Y (INVX16M)                                   0.06       0.64 f
  u_mul/product_reg[13]/D (DFFRHQX8M)                     0.00       0.64 f
  data arrival time                                                  0.64

  clock MASTER_CLK (rise edge)                            0.00       0.00
  clock network delay (ideal)                             0.00       0.00
  clock uncertainty                                       0.10       0.10
  u_mul/product_reg[13]/CK (DFFRHQX8M)                    0.00       0.10 r
  library hold time                                      -0.06       0.04
  data required time                                                 0.04
  --------------------------------------------------------------------------
  data required time                                                 0.04
  data arrival time                                                 -0.64
  --------------------------------------------------------------------------
  slack (MET)                                                        0.60


  Startpoint: u_mul/product_reg[15]
              (rising edge-triggered flip-flop clocked by MASTER_CLK)
  Endpoint: u_mul/product_reg[15]
            (rising edge-triggered flip-flop clocked by MASTER_CLK)
  Path Group: MASTER_CLK
  Path Type: min

  Des/Clust/Port     Wire Load Model       Library
  ------------------------------------------------
  alu8_top           tsmc13_wl30           scmetro_tsmc_cl013g_rvt_ss_1p08v_125c

  Point                                                   Incr       Path
  --------------------------------------------------------------------------
  clock MASTER_CLK (rise edge)                            0.00       0.00
  clock network delay (ideal)                             0.00       0.00
  u_mul/product_reg[15]/CK (DFFRHQX4M)                    0.00       0.00 r
  u_mul/product_reg[15]/Q (DFFRHQX4M)                     0.50       0.50 r
  u_mul/U133/Y (MXI2X12M)                                 0.17       0.67 f
  u_mul/U293/Y (CLKINVX24M)                               0.06       0.73 r
  u_mul/product_reg[15]/D (DFFRHQX4M)                     0.00       0.73 r
  data arrival time                                                  0.73

  clock MASTER_CLK (rise edge)                            0.00       0.00
  clock network delay (ideal)                             0.00       0.00
  clock uncertainty                                       0.10       0.10
  u_mul/product_reg[15]/CK (DFFRHQX4M)                    0.00       0.10 r
  library hold time                                      -0.02       0.08
  data required time                                                 0.08
  --------------------------------------------------------------------------
  data required time                                                 0.08
  data arrival time                                                 -0.73
  --------------------------------------------------------------------------
  slack (MET)                                                        0.66


  Startpoint: u_mul/product_reg[14]
              (rising edge-triggered flip-flop clocked by MASTER_CLK)
  Endpoint: u_mul/product_reg[14]
            (rising edge-triggered flip-flop clocked by MASTER_CLK)
  Path Group: MASTER_CLK
  Path Type: min

  Des/Clust/Port     Wire Load Model       Library
  ------------------------------------------------
  alu8_top           tsmc13_wl30           scmetro_tsmc_cl013g_rvt_ss_1p08v_125c

  Point                                                   Incr       Path
  --------------------------------------------------------------------------
  clock MASTER_CLK (rise edge)                            0.00       0.00
  clock network delay (ideal)                             0.00       0.00
  u_mul/product_reg[14]/CK (DFFRHQX4M)                    0.00       0.00 r
  u_mul/product_reg[14]/Q (DFFRHQX4M)                     0.38       0.38 f
  u_mul/U35/Y (NAND2X4M)                                  0.21       0.58 r
  u_mul/U37/Y (CLKNAND2X12M)                              0.15       0.73 f
  u_mul/product_reg[14]/D (DFFRHQX4M)                     0.00       0.73 f
  data arrival time                                                  0.73

  clock MASTER_CLK (rise edge)                            0.00       0.00
  clock network delay (ideal)                             0.00       0.00
  clock uncertainty                                       0.10       0.10
  u_mul/product_reg[14]/CK (DFFRHQX4M)                    0.00       0.10 r
  library hold time                                      -0.08       0.02
  data required time                                                 0.02
  --------------------------------------------------------------------------
  data required time                                                 0.02
  data arrival time                                                 -0.73
  --------------------------------------------------------------------------
  slack (MET)                                                        0.71


  Startpoint: u_mul/pipeline_level3_reg[3]
              (rising edge-triggered flip-flop clocked by MASTER_CLK)
  Endpoint: u_mul/product_reg[3]
            (rising edge-triggered flip-flop clocked by MASTER_CLK)
  Path Group: MASTER_CLK
  Path Type: min

  Des/Clust/Port     Wire Load Model       Library
  ------------------------------------------------
  alu8_top           tsmc13_wl30           scmetro_tsmc_cl013g_rvt_ss_1p08v_125c

  Point                                                   Incr       Path
  --------------------------------------------------------------------------
  clock MASTER_CLK (rise edge)                            0.00       0.00
  clock network delay (ideal)                             0.00       0.00
  u_mul/pipeline_level3_reg[3]/CK (DFFRQX2M)              0.00       0.00 r
  u_mul/pipeline_level3_reg[3]/Q (DFFRQX2M)               0.58       0.58 f
  u_mul/add_0_root_add_0_root_add_135/B[3] (mult_unit_DW01_add_19)
                                                          0.00       0.58 f
  u_mul/add_0_root_add_0_root_add_135/SUM[3] (mult_unit_DW01_add_19)
                                                          0.00       0.58 f
  u_mul/U400/Y (MX2X2M)                                   0.37       0.95 f
  u_mul/product_reg[3]/D (DFFRQX2M)                       0.00       0.95 f
  data arrival time                                                  0.95

  clock MASTER_CLK (rise edge)                            0.00       0.00
  clock network delay (ideal)                             0.00       0.00
  clock uncertainty                                       0.10       0.10
  u_mul/product_reg[3]/CK (DFFRQX2M)                      0.00       0.10 r
  library hold time                                      -0.04       0.06
  data required time                                                 0.06
  --------------------------------------------------------------------------
  data required time                                                 0.06
  data arrival time                                                 -0.95
  --------------------------------------------------------------------------
  slack (MET)                                                        0.89


  Startpoint: u_mul/pipeline_level3_reg[2]
              (rising edge-triggered flip-flop clocked by MASTER_CLK)
  Endpoint: u_mul/product_reg[2]
            (rising edge-triggered flip-flop clocked by MASTER_CLK)
  Path Group: MASTER_CLK
  Path Type: min

  Des/Clust/Port     Wire Load Model       Library
  ------------------------------------------------
  alu8_top           tsmc13_wl30           scmetro_tsmc_cl013g_rvt_ss_1p08v_125c

  Point                                                   Incr       Path
  --------------------------------------------------------------------------
  clock MASTER_CLK (rise edge)                            0.00       0.00
  clock network delay (ideal)                             0.00       0.00
  u_mul/pipeline_level3_reg[2]/CK (DFFRQX2M)              0.00       0.00 r
  u_mul/pipeline_level3_reg[2]/Q (DFFRQX2M)               0.58       0.58 f
  u_mul/add_0_root_add_0_root_add_135/B[2] (mult_unit_DW01_add_19)
                                                          0.00       0.58 f
  u_mul/add_0_root_add_0_root_add_135/SUM[2] (mult_unit_DW01_add_19)
                                                          0.00       0.58 f
  u_mul/U398/Y (MX2X2M)                                   0.37       0.95 f
  u_mul/product_reg[2]/D (DFFRQX2M)                       0.00       0.95 f
  data arrival time                                                  0.95

  clock MASTER_CLK (rise edge)                            0.00       0.00
  clock network delay (ideal)                             0.00       0.00
  clock uncertainty                                       0.10       0.10
  u_mul/product_reg[2]/CK (DFFRQX2M)                      0.00       0.10 r
  library hold time                                      -0.04       0.06
  data required time                                                 0.06
  --------------------------------------------------------------------------
  data required time                                                 0.06
  data arrival time                                                 -0.95
  --------------------------------------------------------------------------
  slack (MET)                                                        0.89


  Startpoint: u_mul/pipeline_level3_reg[1]
              (rising edge-triggered flip-flop clocked by MASTER_CLK)
  Endpoint: u_mul/product_reg[1]
            (rising edge-triggered flip-flop clocked by MASTER_CLK)
  Path Group: MASTER_CLK
  Path Type: min

  Des/Clust/Port     Wire Load Model       Library
  ------------------------------------------------
  alu8_top           tsmc13_wl30           scmetro_tsmc_cl013g_rvt_ss_1p08v_125c

  Point                                                   Incr       Path
  --------------------------------------------------------------------------
  clock MASTER_CLK (rise edge)                            0.00       0.00
  clock network delay (ideal)                             0.00       0.00
  u_mul/pipeline_level3_reg[1]/CK (DFFRQX2M)              0.00       0.00 r
  u_mul/pipeline_level3_reg[1]/Q (DFFRQX2M)               0.58       0.58 f
  u_mul/add_0_root_add_0_root_add_135/B[1] (mult_unit_DW01_add_19)
                                                          0.00       0.58 f
  u_mul/add_0_root_add_0_root_add_135/SUM[1] (mult_unit_DW01_add_19)
                                                          0.00       0.58 f
  u_mul/U399/Y (MX2X2M)                                   0.37       0.95 f
  u_mul/product_reg[1]/D (DFFRQX2M)                       0.00       0.95 f
  data arrival time                                                  0.95

  clock MASTER_CLK (rise edge)                            0.00       0.00
  clock network delay (ideal)                             0.00       0.00
  clock uncertainty                                       0.10       0.10
  u_mul/product_reg[1]/CK (DFFRQX2M)                      0.00       0.10 r
  library hold time                                      -0.04       0.06
  data required time                                                 0.06
  --------------------------------------------------------------------------
  data required time                                                 0.06
  data arrival time                                                 -0.95
  --------------------------------------------------------------------------
  slack (MET)                                                        0.89


  Startpoint: u_mul/pipeline_level3_reg[0]
              (rising edge-triggered flip-flop clocked by MASTER_CLK)
  Endpoint: u_mul/product_reg[0]
            (rising edge-triggered flip-flop clocked by MASTER_CLK)
  Path Group: MASTER_CLK
  Path Type: min

  Des/Clust/Port     Wire Load Model       Library
  ------------------------------------------------
  alu8_top           tsmc13_wl30           scmetro_tsmc_cl013g_rvt_ss_1p08v_125c

  Point                                                   Incr       Path
  --------------------------------------------------------------------------
  clock MASTER_CLK (rise edge)                            0.00       0.00
  clock network delay (ideal)                             0.00       0.00
  u_mul/pipeline_level3_reg[0]/CK (DFFRQX2M)              0.00       0.00 r
  u_mul/pipeline_level3_reg[0]/Q (DFFRQX2M)               0.58       0.58 f
  u_mul/add_0_root_add_0_root_add_135/B[0] (mult_unit_DW01_add_19)
                                                          0.00       0.58 f
  u_mul/add_0_root_add_0_root_add_135/SUM[0] (mult_unit_DW01_add_19)
                                                          0.00       0.58 f
  u_mul/U397/Y (MX2X2M)                                   0.37       0.95 f
  u_mul/product_reg[0]/D (DFFRQX2M)                       0.00       0.95 f
  data arrival time                                                  0.95

  clock MASTER_CLK (rise edge)                            0.00       0.00
  clock network delay (ideal)                             0.00       0.00
  clock uncertainty                                       0.10       0.10
  u_mul/product_reg[0]/CK (DFFRQX2M)                      0.00       0.10 r
  library hold time                                      -0.04       0.06
  data required time                                                 0.06
  --------------------------------------------------------------------------
  data required time                                                 0.06
  data arrival time                                                 -0.95
  --------------------------------------------------------------------------
  slack (MET)                                                        0.89


  Startpoint: u_mul/product_reg[10]
              (rising edge-triggered flip-flop clocked by MASTER_CLK)
  Endpoint: u_mul/product_reg[10]
            (rising edge-triggered flip-flop clocked by MASTER_CLK)
  Path Group: MASTER_CLK
  Path Type: min

  Des/Clust/Port     Wire Load Model       Library
  ------------------------------------------------
  alu8_top           tsmc13_wl30           scmetro_tsmc_cl013g_rvt_ss_1p08v_125c

  Point                                    Incr       Path
  -----------------------------------------------------------
  clock MASTER_CLK (rise edge)             0.00       0.00
  clock network delay (ideal)              0.00       0.00
  u_mul/product_reg[10]/CK (DFFRQX2M)      0.00       0.00 r
  u_mul/product_reg[10]/Q (DFFRQX2M)       0.68       0.68 f
  u_mul/U169/Y (MX2X4M)                    0.33       1.01 f
  u_mul/product_reg[10]/D (DFFRQX2M)       0.00       1.01 f
  data arrival time                                   1.01

  clock MASTER_CLK (rise edge)             0.00       0.00
  clock network delay (ideal)              0.00       0.00
  clock uncertainty                        0.10       0.10
  u_mul/product_reg[10]/CK (DFFRQX2M)      0.00       0.10 r
  library hold time                       -0.03       0.07
  data required time                                  0.07
  -----------------------------------------------------------
  data required time                                  0.07
  data arrival time                                  -1.01
  -----------------------------------------------------------
  slack (MET)                                         0.94


  Startpoint: u_mul/product_reg[9]
              (rising edge-triggered flip-flop clocked by MASTER_CLK)
  Endpoint: u_mul/product_reg[9]
            (rising edge-triggered flip-flop clocked by MASTER_CLK)
  Path Group: MASTER_CLK
  Path Type: min

  Des/Clust/Port     Wire Load Model       Library
  ------------------------------------------------
  alu8_top           tsmc13_wl30           scmetro_tsmc_cl013g_rvt_ss_1p08v_125c

  Point                                    Incr       Path
  -----------------------------------------------------------
  clock MASTER_CLK (rise edge)             0.00       0.00
  clock network delay (ideal)              0.00       0.00
  u_mul/product_reg[9]/CK (DFFRQX2M)       0.00       0.00 r
  u_mul/product_reg[9]/Q (DFFRQX2M)        0.68       0.68 f
  u_mul/U125/Y (MX2X4M)                    0.33       1.01 f
  u_mul/product_reg[9]/D (DFFRQX2M)        0.00       1.01 f
  data arrival time                                   1.01

  clock MASTER_CLK (rise edge)             0.00       0.00
  clock network delay (ideal)              0.00       0.00
  clock uncertainty                        0.10       0.10
  u_mul/product_reg[9]/CK (DFFRQX2M)       0.00       0.10 r
  library hold time                       -0.03       0.07
  data required time                                  0.07
  -----------------------------------------------------------
  data required time                                  0.07
  data arrival time                                  -1.01
  -----------------------------------------------------------
  slack (MET)                                         0.94


  Startpoint: u_mul/product_reg[11]
              (rising edge-triggered flip-flop clocked by MASTER_CLK)
  Endpoint: u_mul/product_reg[11]
            (rising edge-triggered flip-flop clocked by MASTER_CLK)
  Path Group: MASTER_CLK
  Path Type: min

  Des/Clust/Port     Wire Load Model       Library
  ------------------------------------------------
  alu8_top           tsmc13_wl30           scmetro_tsmc_cl013g_rvt_ss_1p08v_125c

  Point                                    Incr       Path
  -----------------------------------------------------------
  clock MASTER_CLK (rise edge)             0.00       0.00
  clock network delay (ideal)              0.00       0.00
  u_mul/product_reg[11]/CK (DFFRQX2M)      0.00       0.00 r
  u_mul/product_reg[11]/Q (DFFRQX2M)       0.68       0.68 f
  u_mul/U126/Y (MX2X3M)                    0.33       1.01 f
  u_mul/product_reg[11]/D (DFFRQX2M)       0.00       1.01 f
  data arrival time                                   1.01

  clock MASTER_CLK (rise edge)             0.00       0.00
  clock network delay (ideal)              0.00       0.00
  clock uncertainty                        0.10       0.10
  u_mul/product_reg[11]/CK (DFFRQX2M)      0.00       0.10 r
  library hold time                       -0.03       0.07
  data required time                                  0.07
  -----------------------------------------------------------
  data required time                                  0.07
  data arrival time                                  -1.01
  -----------------------------------------------------------
  slack (MET)                                         0.95


  Startpoint: u_mul/product_reg[8]
              (rising edge-triggered flip-flop clocked by MASTER_CLK)
  Endpoint: u_mul/product_reg[8]
            (rising edge-triggered flip-flop clocked by MASTER_CLK)
  Path Group: MASTER_CLK
  Path Type: min

  Des/Clust/Port     Wire Load Model       Library
  ------------------------------------------------
  alu8_top           tsmc13_wl30           scmetro_tsmc_cl013g_rvt_ss_1p08v_125c

  Point                                    Incr       Path
  -----------------------------------------------------------
  clock MASTER_CLK (rise edge)             0.00       0.00
  clock network delay (ideal)              0.00       0.00
  u_mul/product_reg[8]/CK (DFFRQX2M)       0.00       0.00 r
  u_mul/product_reg[8]/Q (DFFRQX2M)        0.67       0.67 f
  u_mul/U393/Y (MX2X2M)                    0.37       1.03 f
  u_mul/product_reg[8]/D (DFFRQX2M)        0.00       1.03 f
  data arrival time                                   1.03

  clock MASTER_CLK (rise edge)             0.00       0.00
  clock network delay (ideal)              0.00       0.00
  clock uncertainty                        0.10       0.10
  u_mul/product_reg[8]/CK (DFFRQX2M)       0.00       0.10 r
  library hold time                       -0.04       0.06
  data required time                                  0.06
  -----------------------------------------------------------
  data required time                                  0.06
  data arrival time                                  -1.03
  -----------------------------------------------------------
  slack (MET)                                         0.98


  Startpoint: u_mul/product_reg[7]
              (rising edge-triggered flip-flop clocked by MASTER_CLK)
  Endpoint: u_mul/product_reg[7]
            (rising edge-triggered flip-flop clocked by MASTER_CLK)
  Path Group: MASTER_CLK
  Path Type: min

  Des/Clust/Port     Wire Load Model       Library
  ------------------------------------------------
  alu8_top           tsmc13_wl30           scmetro_tsmc_cl013g_rvt_ss_1p08v_125c

  Point                                    Incr       Path
  -----------------------------------------------------------
  clock MASTER_CLK (rise edge)             0.00       0.00
  clock network delay (ideal)              0.00       0.00
  u_mul/product_reg[7]/CK (DFFRQX2M)       0.00       0.00 r
  u_mul/product_reg[7]/Q (DFFRQX2M)        0.67       0.67 f
  u_mul/U394/Y (MX2X2M)                    0.37       1.04 f
  u_mul/product_reg[7]/D (DFFRQX2M)        0.00       1.04 f
  data arrival time                                   1.04

  clock MASTER_CLK (rise edge)             0.00       0.00
  clock network delay (ideal)              0.00       0.00
  clock uncertainty                        0.10       0.10
  u_mul/product_reg[7]/CK (DFFRQX2M)       0.00       0.10 r
  library hold time                       -0.04       0.06
  data required time                                  0.06
  -----------------------------------------------------------
  data required time                                  0.06
  data arrival time                                  -1.04
  -----------------------------------------------------------
  slack (MET)                                         0.98


  Startpoint: u_mul/b_reg_reg[0]
              (rising edge-triggered flip-flop clocked by MASTER_CLK)
  Endpoint: u_mul/pipeline_level3_reg[0]
            (rising edge-triggered flip-flop clocked by MASTER_CLK)
  Path Group: MASTER_CLK
  Path Type: min

  Des/Clust/Port     Wire Load Model       Library
  ------------------------------------------------
  alu8_top           tsmc13_wl30           scmetro_tsmc_cl013g_rvt_ss_1p08v_125c

  Point                                                   Incr       Path
  --------------------------------------------------------------------------
  clock MASTER_CLK (rise edge)                            0.00       0.00
  clock network delay (ideal)                             0.00       0.00
  u_mul/b_reg_reg[0]/CK (DFFRHQX2M)                       0.00       0.00 r
  u_mul/b_reg_reg[0]/Q (DFFRHQX2M)                        0.36       0.36 f
  u_mul/U64/Y (CLKBUFX32M)                                0.28       0.65 f
  u_mul/U387/Y (AND2X1M)                                  0.37       1.02 f
  u_mul/add_0_root_add_0_root_add_131/A[0] (mult_unit_DW01_add_18)
                                                          0.00       1.02 f
  u_mul/add_0_root_add_0_root_add_131/SUM[0] (mult_unit_DW01_add_18)
                                                          0.00       1.02 f
  u_mul/pipeline_level3_reg[0]/D (DFFRQX2M)               0.00       1.02 f
  data arrival time                                                  1.02

  clock MASTER_CLK (rise edge)                            0.00       0.00
  clock network delay (ideal)                             0.00       0.00
  clock uncertainty                                       0.10       0.10
  u_mul/pipeline_level3_reg[0]/CK (DFFRQX2M)              0.00       0.10 r
  library hold time                                      -0.06       0.04
  data required time                                                 0.04
  --------------------------------------------------------------------------
  data required time                                                 0.04
  data arrival time                                                 -1.02
  --------------------------------------------------------------------------
  slack (MET)                                                        0.99


  Startpoint: u_mul/product_reg[6]
              (rising edge-triggered flip-flop clocked by MASTER_CLK)
  Endpoint: u_mul/product_reg[6]
            (rising edge-triggered flip-flop clocked by MASTER_CLK)
  Path Group: MASTER_CLK
  Path Type: min

  Des/Clust/Port     Wire Load Model       Library
  ------------------------------------------------
  alu8_top           tsmc13_wl30           scmetro_tsmc_cl013g_rvt_ss_1p08v_125c

  Point                                    Incr       Path
  -----------------------------------------------------------
  clock MASTER_CLK (rise edge)             0.00       0.00
  clock network delay (ideal)              0.00       0.00
  u_mul/product_reg[6]/CK (DFFRQX2M)       0.00       0.00 r
  u_mul/product_reg[6]/Q (DFFRQX2M)        0.68       0.68 f
  u_mul/U391/Y (MX2X2M)                    0.37       1.05 f
  u_mul/product_reg[6]/D (DFFRQX2M)        0.00       1.05 f
  data arrival time                                   1.05

  clock MASTER_CLK (rise edge)             0.00       0.00
  clock network delay (ideal)              0.00       0.00
  clock uncertainty                        0.10       0.10
  u_mul/product_reg[6]/CK (DFFRQX2M)       0.00       0.10 r
  library hold time                       -0.04       0.06
  data required time                                  0.06
  -----------------------------------------------------------
  data required time                                  0.06
  data arrival time                                  -1.05
  -----------------------------------------------------------
  slack (MET)                                         0.99


  Startpoint: u_mul/product_reg[4]
              (rising edge-triggered flip-flop clocked by MASTER_CLK)
  Endpoint: u_mul/product_reg[4]
            (rising edge-triggered flip-flop clocked by MASTER_CLK)
  Path Group: MASTER_CLK
  Path Type: min

  Des/Clust/Port     Wire Load Model       Library
  ------------------------------------------------
  alu8_top           tsmc13_wl30           scmetro_tsmc_cl013g_rvt_ss_1p08v_125c

  Point                                    Incr       Path
  -----------------------------------------------------------
  clock MASTER_CLK (rise edge)             0.00       0.00
  clock network delay (ideal)              0.00       0.00
  u_mul/product_reg[4]/CK (DFFRQX2M)       0.00       0.00 r
  u_mul/product_reg[4]/Q (DFFRQX2M)        0.68       0.68 f
  u_mul/U396/Y (MX2X2M)                    0.37       1.05 f
  u_mul/product_reg[4]/D (DFFRQX2M)        0.00       1.05 f
  data arrival time                                   1.05

  clock MASTER_CLK (rise edge)             0.00       0.00
  clock network delay (ideal)              0.00       0.00
  clock uncertainty                        0.10       0.10
  u_mul/product_reg[4]/CK (DFFRQX2M)       0.00       0.10 r
  library hold time                       -0.04       0.06
  data required time                                  0.06
  -----------------------------------------------------------
  data required time                                  0.06
  data arrival time                                  -1.05
  -----------------------------------------------------------
  slack (MET)                                         0.99


  Startpoint: u_mul/product_reg[5]
              (rising edge-triggered flip-flop clocked by MASTER_CLK)
  Endpoint: u_mul/product_reg[5]
            (rising edge-triggered flip-flop clocked by MASTER_CLK)
  Path Group: MASTER_CLK
  Path Type: min

  Des/Clust/Port     Wire Load Model       Library
  ------------------------------------------------
  alu8_top           tsmc13_wl30           scmetro_tsmc_cl013g_rvt_ss_1p08v_125c

  Point                                    Incr       Path
  -----------------------------------------------------------
  clock MASTER_CLK (rise edge)             0.00       0.00
  clock network delay (ideal)              0.00       0.00
  u_mul/product_reg[5]/CK (DFFRQX2M)       0.00       0.00 r
  u_mul/product_reg[5]/Q (DFFRQX2M)        0.68       0.68 f
  u_mul/U395/Y (MX2X2M)                    0.37       1.05 f
  u_mul/product_reg[5]/D (DFFRQX2M)        0.00       1.05 f
  data arrival time                                   1.05

  clock MASTER_CLK (rise edge)             0.00       0.00
  clock network delay (ideal)              0.00       0.00
  clock uncertainty                        0.10       0.10
  u_mul/product_reg[5]/CK (DFFRQX2M)       0.00       0.10 r
  library hold time                       -0.04       0.06
  data required time                                  0.06
  -----------------------------------------------------------
  data required time                                  0.06
  data arrival time                                  -1.05
  -----------------------------------------------------------
  slack (MET)                                         0.99


  Startpoint: u_mul/product_reg[12]
              (rising edge-triggered flip-flop clocked by MASTER_CLK)
  Endpoint: u_mul/product_reg[12]
            (rising edge-triggered flip-flop clocked by MASTER_CLK)
  Path Group: MASTER_CLK
  Path Type: min

  Des/Clust/Port     Wire Load Model       Library
  ------------------------------------------------
  alu8_top           tsmc13_wl30           scmetro_tsmc_cl013g_rvt_ss_1p08v_125c

  Point                                                   Incr       Path
  --------------------------------------------------------------------------
  clock MASTER_CLK (rise edge)                            0.00       0.00
  clock network delay (ideal)                             0.00       0.00
  u_mul/product_reg[12]/CK (DFFRHQX1M)                    0.00       0.00 r
  u_mul/product_reg[12]/Q (DFFRHQX1M)                     0.61       0.61 f
  u_mul/U124/Y (MX2X2M)                                   0.49       1.10 f
  u_mul/product_reg[12]/D (DFFRHQX1M)                     0.00       1.10 f
  data arrival time                                                  1.10

  clock MASTER_CLK (rise edge)                            0.00       0.00
  clock network delay (ideal)                             0.00       0.00
  clock uncertainty                                       0.10       0.10
  u_mul/product_reg[12]/CK (DFFRHQX1M)                    0.00       0.10 r
  library hold time                                      -0.08       0.02
  data required time                                                 0.02
  --------------------------------------------------------------------------
  data required time                                                 0.02
  data arrival time                                                 -1.10
  --------------------------------------------------------------------------
  slack (MET)                                                        1.08


  Startpoint: u_add/sum_reg[6]
              (rising edge-triggered flip-flop clocked by MASTER_CLK)
  Endpoint: u_add/sum_reg[6]
            (rising edge-triggered flip-flop clocked by MASTER_CLK)
  Path Group: MASTER_CLK
  Path Type: min

  Des/Clust/Port     Wire Load Model       Library
  ------------------------------------------------
  alu8_top           tsmc13_wl30           scmetro_tsmc_cl013g_rvt_ss_1p08v_125c

  Point                                    Incr       Path
  -----------------------------------------------------------
  clock MASTER_CLK (rise edge)             0.00       0.00
  clock network delay (ideal)              0.00       0.00
  u_add/sum_reg[6]/CK (DFFRQX2M)           0.00       0.00 r
  u_add/sum_reg[6]/Q (DFFRQX2M)            0.68       0.68 f
  u_add/U9/Y (CLKNAND2X2M)                 0.39       1.06 r
  u_add/U6/Y (NAND2X12M)                   0.11       1.18 f
  u_add/sum_reg[6]/D (DFFRQX2M)            0.00       1.18 f
  data arrival time                                   1.18

  clock MASTER_CLK (rise edge)             0.00       0.00
  clock network delay (ideal)              0.00       0.00
  clock uncertainty                        0.10       0.10
  u_add/sum_reg[6]/CK (DFFRQX2M)           0.00       0.10 r
  library hold time                       -0.02       0.08
  data required time                                  0.08
  -----------------------------------------------------------
  data required time                                  0.08
  data arrival time                                  -1.18
  -----------------------------------------------------------
  slack (MET)                                         1.10


  Startpoint: u_add/en_reg_reg
              (rising edge-triggered flip-flop clocked by MASTER_CLK)
  Endpoint: u_add/valid_reg
            (rising edge-triggered flip-flop clocked by MASTER_CLK)
  Path Group: MASTER_CLK
  Path Type: min

  Des/Clust/Port     Wire Load Model       Library
  ------------------------------------------------
  alu8_top           tsmc13_wl30           scmetro_tsmc_cl013g_rvt_ss_1p08v_125c

  Point                                    Incr       Path
  -----------------------------------------------------------
  clock MASTER_CLK (rise edge)             0.00       0.00
  clock network delay (ideal)              0.00       0.00
  u_add/en_reg_reg/CK (DFFRQX2M)           0.00       0.00 r
  u_add/en_reg_reg/Q (DFFRQX2M)            0.58       0.58 f
  u_add/U11/Y (BUFX6M)                     0.51       1.10 f
  u_add/valid_reg/D (DFFRQX2M)             0.00       1.10 f
  data arrival time                                   1.10

  clock MASTER_CLK (rise edge)             0.00       0.00
  clock network delay (ideal)              0.00       0.00
  clock uncertainty                        0.10       0.10
  u_add/valid_reg/CK (DFFRQX2M)            0.00       0.10 r
  library hold time                       -0.11      -0.01
  data required time                                 -0.01
  -----------------------------------------------------------
  data required time                                 -0.01
  data arrival time                                  -1.10
  -----------------------------------------------------------
  slack (MET)                                         1.10


  Startpoint: u_add/sum_reg[7]
              (rising edge-triggered flip-flop clocked by MASTER_CLK)
  Endpoint: u_add/sum_reg[7]
            (rising edge-triggered flip-flop clocked by MASTER_CLK)
  Path Group: MASTER_CLK
  Path Type: min

  Des/Clust/Port     Wire Load Model       Library
  ------------------------------------------------
  alu8_top           tsmc13_wl30           scmetro_tsmc_cl013g_rvt_ss_1p08v_125c

  Point                                    Incr       Path
  -----------------------------------------------------------
  clock MASTER_CLK (rise edge)             0.00       0.00
  clock network delay (ideal)              0.00       0.00
  u_add/sum_reg[7]/CK (DFFRQX2M)           0.00       0.00 r
  u_add/sum_reg[7]/Q (DFFRQX2M)            0.67       0.67 f
  u_add/U12/Y (NAND2X2M)                   0.35       1.03 r
  u_add/U8/Y (CLKNAND2X12M)                0.18       1.21 f
  u_add/sum_reg[7]/D (DFFRQX2M)            0.00       1.21 f
  data arrival time                                   1.21

  clock MASTER_CLK (rise edge)             0.00       0.00
  clock network delay (ideal)              0.00       0.00
  clock uncertainty                        0.10       0.10
  u_add/sum_reg[7]/CK (DFFRQX2M)           0.00       0.10 r
  library hold time                       -0.03       0.07
  data required time                                  0.07
  -----------------------------------------------------------
  data required time                                  0.07
  data arrival time                                  -1.21
  -----------------------------------------------------------
  slack (MET)                                         1.14


  Startpoint: u_add/sum_reg[1]
              (rising edge-triggered flip-flop clocked by MASTER_CLK)
  Endpoint: u_add/sum_reg[1]
            (rising edge-triggered flip-flop clocked by MASTER_CLK)
  Path Group: MASTER_CLK
  Path Type: min

  Des/Clust/Port     Wire Load Model       Library
  ------------------------------------------------
  alu8_top           tsmc13_wl30           scmetro_tsmc_cl013g_rvt_ss_1p08v_125c

  Point                                    Incr       Path
  -----------------------------------------------------------
  clock MASTER_CLK (rise edge)             0.00       0.00
  clock network delay (ideal)              0.00       0.00
  u_add/sum_reg[1]/CK (DFFRQX2M)           0.00       0.00 r
  u_add/sum_reg[1]/Q (DFFRQX2M)            0.68       0.68 f
  u_add/U18/Y (AO22X1M)                    0.50       1.18 f
  u_add/sum_reg[1]/D (DFFRQX2M)            0.00       1.18 f
  data arrival time                                   1.18

  clock MASTER_CLK (rise edge)             0.00       0.00
  clock network delay (ideal)              0.00       0.00
  clock uncertainty                        0.10       0.10
  u_add/sum_reg[1]/CK (DFFRQX2M)           0.00       0.10 r
  library hold time                       -0.07       0.03
  data required time                                  0.03
  -----------------------------------------------------------
  data required time                                  0.03
  data arrival time                                  -1.18
  -----------------------------------------------------------
  slack (MET)                                         1.15


  Startpoint: u_add/sum_reg[0]
              (rising edge-triggered flip-flop clocked by MASTER_CLK)
  Endpoint: u_add/sum_reg[0]
            (rising edge-triggered flip-flop clocked by MASTER_CLK)
  Path Group: MASTER_CLK
  Path Type: min

  Des/Clust/Port     Wire Load Model       Library
  ------------------------------------------------
  alu8_top           tsmc13_wl30           scmetro_tsmc_cl013g_rvt_ss_1p08v_125c

  Point                                    Incr       Path
  -----------------------------------------------------------
  clock MASTER_CLK (rise edge)             0.00       0.00
  clock network delay (ideal)              0.00       0.00
  u_add/sum_reg[0]/CK (DFFRQX2M)           0.00       0.00 r
  u_add/sum_reg[0]/Q (DFFRQX2M)            0.68       0.68 f
  u_add/U17/Y (AO22X1M)                    0.50       1.18 f
  u_add/sum_reg[0]/D (DFFRQX2M)            0.00       1.18 f
  data arrival time                                   1.18

  clock MASTER_CLK (rise edge)             0.00       0.00
  clock network delay (ideal)              0.00       0.00
  clock uncertainty                        0.10       0.10
  u_add/sum_reg[0]/CK (DFFRQX2M)           0.00       0.10 r
  library hold time                       -0.07       0.03
  data required time                                  0.03
  -----------------------------------------------------------
  data required time                                  0.03
  data arrival time                                  -1.18
  -----------------------------------------------------------
  slack (MET)                                         1.15


  Startpoint: u_mul/b_reg_reg[0]
              (rising edge-triggered flip-flop clocked by MASTER_CLK)
  Endpoint: u_mul/pipeline_level3_reg[1]
            (rising edge-triggered flip-flop clocked by MASTER_CLK)
  Path Group: MASTER_CLK
  Path Type: min

  Des/Clust/Port     Wire Load Model       Library
  ------------------------------------------------
  alu8_top           tsmc13_wl30           scmetro_tsmc_cl013g_rvt_ss_1p08v_125c

  Point                                                   Incr       Path
  --------------------------------------------------------------------------
  clock MASTER_CLK (rise edge)                            0.00       0.00
  clock network delay (ideal)                             0.00       0.00
  u_mul/b_reg_reg[0]/CK (DFFRHQX2M)                       0.00       0.00 r
  u_mul/b_reg_reg[0]/Q (DFFRHQX2M)                        0.36       0.36 f
  u_mul/U64/Y (CLKBUFX32M)                                0.28       0.65 f
  u_mul/U273/Y (NAND2BX12M)                               0.18       0.83 r
  u_mul/U369/Y (XNOR2X1M)                                 0.36       1.19 f
  u_mul/add_0_root_add_0_root_add_131/A[1] (mult_unit_DW01_add_18)
                                                          0.00       1.19 f
  u_mul/add_0_root_add_0_root_add_131/SUM[1] (mult_unit_DW01_add_18)
                                                          0.00       1.19 f
  u_mul/pipeline_level3_reg[1]/D (DFFRQX2M)               0.00       1.19 f
  data arrival time                                                  1.19

  clock MASTER_CLK (rise edge)                            0.00       0.00
  clock network delay (ideal)                             0.00       0.00
  clock uncertainty                                       0.10       0.10
  u_mul/pipeline_level3_reg[1]/CK (DFFRQX2M)              0.00       0.10 r
  library hold time                                      -0.09       0.01
  data required time                                                 0.01
  --------------------------------------------------------------------------
  data required time                                                 0.01
  data arrival time                                                 -1.19
  --------------------------------------------------------------------------
  slack (MET)                                                        1.18


  Startpoint: u_add/cout_reg
              (rising edge-triggered flip-flop clocked by MASTER_CLK)
  Endpoint: u_add/cout_reg
            (rising edge-triggered flip-flop clocked by MASTER_CLK)
  Path Group: MASTER_CLK
  Path Type: min

  Des/Clust/Port     Wire Load Model       Library
  ------------------------------------------------
  alu8_top           tsmc13_wl30           scmetro_tsmc_cl013g_rvt_ss_1p08v_125c

  Point                                    Incr       Path
  -----------------------------------------------------------
  clock MASTER_CLK (rise edge)             0.00       0.00
  clock network delay (ideal)              0.00       0.00
  u_add/cout_reg/CK (DFFRQX1M)             0.00       0.00 r
  u_add/cout_reg/Q (DFFRQX1M)              0.83       0.83 f
  u_add/U14/Y (NAND2X2M)                   0.39       1.22 r
  u_add/U4/Y (NAND2X4M)                    0.17       1.39 f
  u_add/cout_reg/D (DFFRQX1M)              0.00       1.39 f
  data arrival time                                   1.39

  clock MASTER_CLK (rise edge)             0.00       0.00
  clock network delay (ideal)              0.00       0.00
  clock uncertainty                        0.10       0.10
  u_add/cout_reg/CK (DFFRQX1M)             0.00       0.10 r
  library hold time                       -0.02       0.08
  data required time                                  0.08
  -----------------------------------------------------------
  data required time                                  0.08
  data arrival time                                  -1.39
  -----------------------------------------------------------
  slack (MET)                                         1.31


  Startpoint: u_add/sum_reg[5]
              (rising edge-triggered flip-flop clocked by MASTER_CLK)
  Endpoint: u_add/sum_reg[5]
            (rising edge-triggered flip-flop clocked by MASTER_CLK)
  Path Group: MASTER_CLK
  Path Type: min

  Des/Clust/Port     Wire Load Model       Library
  ------------------------------------------------
  alu8_top           tsmc13_wl30           scmetro_tsmc_cl013g_rvt_ss_1p08v_125c

  Point                                    Incr       Path
  -----------------------------------------------------------
  clock MASTER_CLK (rise edge)             0.00       0.00
  clock network delay (ideal)              0.00       0.00
  u_add/sum_reg[5]/CK (DFFRQX1M)           0.00       0.00 r
  u_add/sum_reg[5]/Q (DFFRQX1M)            0.84       0.84 f
  u_add/U16/Y (AO22X1M)                    0.57       1.42 f
  u_add/sum_reg[5]/D (DFFRQX1M)            0.00       1.42 f
  data arrival time                                   1.42

  clock MASTER_CLK (rise edge)             0.00       0.00
  clock network delay (ideal)              0.00       0.00
  clock uncertainty                        0.10       0.10
  u_add/sum_reg[5]/CK (DFFRQX1M)           0.00       0.10 r
  library hold time                       -0.05       0.05
  data required time                                  0.05
  -----------------------------------------------------------
  data required time                                  0.05
  data arrival time                                  -1.42
  -----------------------------------------------------------
  slack (MET)                                         1.37


  Startpoint: u_add/sum_reg[4]
              (rising edge-triggered flip-flop clocked by MASTER_CLK)
  Endpoint: u_add/sum_reg[4]
            (rising edge-triggered flip-flop clocked by MASTER_CLK)
  Path Group: MASTER_CLK
  Path Type: min

  Des/Clust/Port     Wire Load Model       Library
  ------------------------------------------------
  alu8_top           tsmc13_wl30           scmetro_tsmc_cl013g_rvt_ss_1p08v_125c

  Point                                    Incr       Path
  -----------------------------------------------------------
  clock MASTER_CLK (rise edge)             0.00       0.00
  clock network delay (ideal)              0.00       0.00
  u_add/sum_reg[4]/CK (DFFRQX1M)           0.00       0.00 r
  u_add/sum_reg[4]/Q (DFFRQX1M)            0.84       0.84 f
  u_add/U15/Y (AO22X1M)                    0.57       1.42 f
  u_add/sum_reg[4]/D (DFFRQX1M)            0.00       1.42 f
  data arrival time                                   1.42

  clock MASTER_CLK (rise edge)             0.00       0.00
  clock network delay (ideal)              0.00       0.00
  clock uncertainty                        0.10       0.10
  u_add/sum_reg[4]/CK (DFFRQX1M)           0.00       0.10 r
  library hold time                       -0.05       0.05
  data required time                                  0.05
  -----------------------------------------------------------
  data required time                                  0.05
  data arrival time                                  -1.42
  -----------------------------------------------------------
  slack (MET)                                         1.37


  Startpoint: u_add/sum_reg[3]
              (rising edge-triggered flip-flop clocked by MASTER_CLK)
  Endpoint: u_add/sum_reg[3]
            (rising edge-triggered flip-flop clocked by MASTER_CLK)
  Path Group: MASTER_CLK
  Path Type: min

  Des/Clust/Port     Wire Load Model       Library
  ------------------------------------------------
  alu8_top           tsmc13_wl30           scmetro_tsmc_cl013g_rvt_ss_1p08v_125c

  Point                                    Incr       Path
  -----------------------------------------------------------
  clock MASTER_CLK (rise edge)             0.00       0.00
  clock network delay (ideal)              0.00       0.00
  u_add/sum_reg[3]/CK (DFFRQX1M)           0.00       0.00 r
  u_add/sum_reg[3]/Q (DFFRQX1M)            0.84       0.84 f
  u_add/U20/Y (AO22X1M)                    0.57       1.42 f
  u_add/sum_reg[3]/D (DFFRQX1M)            0.00       1.42 f
  data arrival time                                   1.42

  clock MASTER_CLK (rise edge)             0.00       0.00
  clock network delay (ideal)              0.00       0.00
  clock uncertainty                        0.10       0.10
  u_add/sum_reg[3]/CK (DFFRQX1M)           0.00       0.10 r
  library hold time                       -0.05       0.05
  data required time                                  0.05
  -----------------------------------------------------------
  data required time                                  0.05
  data arrival time                                  -1.42
  -----------------------------------------------------------
  slack (MET)                                         1.37


  Startpoint: u_add/sum_reg[2]
              (rising edge-triggered flip-flop clocked by MASTER_CLK)
  Endpoint: u_add/sum_reg[2]
            (rising edge-triggered flip-flop clocked by MASTER_CLK)
  Path Group: MASTER_CLK
  Path Type: min

  Des/Clust/Port     Wire Load Model       Library
  ------------------------------------------------
  alu8_top           tsmc13_wl30           scmetro_tsmc_cl013g_rvt_ss_1p08v_125c

  Point                                    Incr       Path
  -----------------------------------------------------------
  clock MASTER_CLK (rise edge)             0.00       0.00
  clock network delay (ideal)              0.00       0.00
  u_add/sum_reg[2]/CK (DFFRQX1M)           0.00       0.00 r
  u_add/sum_reg[2]/Q (DFFRQX1M)            0.84       0.84 f
  u_add/U19/Y (AO22X1M)                    0.57       1.42 f
  u_add/sum_reg[2]/D (DFFRQX1M)            0.00       1.42 f
  data arrival time                                   1.42

  clock MASTER_CLK (rise edge)             0.00       0.00
  clock network delay (ideal)              0.00       0.00
  clock uncertainty                        0.10       0.10
  u_add/sum_reg[2]/CK (DFFRQX1M)           0.00       0.10 r
  library hold time                       -0.05       0.05
  data required time                                  0.05
  -----------------------------------------------------------
  data required time                                  0.05
  data arrival time                                  -1.42
  -----------------------------------------------------------
  slack (MET)                                         1.37


  Startpoint: u_mul/en_reg_reg
              (rising edge-triggered flip-flop clocked by MASTER_CLK)
  Endpoint: u_mul/valid_reg
            (rising edge-triggered flip-flop clocked by MASTER_CLK)
  Path Group: MASTER_CLK
  Path Type: min

  Des/Clust/Port     Wire Load Model       Library
  ------------------------------------------------
  alu8_top           tsmc13_wl30           scmetro_tsmc_cl013g_rvt_ss_1p08v_125c

  Point                                    Incr       Path
  -----------------------------------------------------------
  clock MASTER_CLK (rise edge)             0.00       0.00
  clock network delay (ideal)              0.00       0.00
  u_mul/en_reg_reg/CK (DFFRHQX8M)          0.00       0.00 r
  u_mul/en_reg_reg/Q (DFFRHQX8M)           0.46       0.46 f
  u_mul/U229/Y (INVX2M)                    0.46       0.92 r
  u_mul/U230/Y (INVX4M)                    0.56       1.47 f
  u_mul/valid_reg/D (DFFRQX2M)             0.00       1.47 f
  data arrival time                                   1.47

  clock MASTER_CLK (rise edge)             0.00       0.00
  clock network delay (ideal)              0.00       0.00
  clock uncertainty                        0.10       0.10
  u_mul/valid_reg/CK (DFFRQX2M)            0.00       0.10 r
  library hold time                       -0.11      -0.01
  data required time                                 -0.01
  -----------------------------------------------------------
  data required time                                 -0.01
  data arrival time                                  -1.47
  -----------------------------------------------------------
  slack (MET)                                         1.48


  Startpoint: u_mul/b_reg_reg[0]
              (rising edge-triggered flip-flop clocked by MASTER_CLK)
  Endpoint: u_mul/pipeline_level3_reg[2]
            (rising edge-triggered flip-flop clocked by MASTER_CLK)
  Path Group: MASTER_CLK
  Path Type: min

  Des/Clust/Port     Wire Load Model       Library
  ------------------------------------------------
  alu8_top           tsmc13_wl30           scmetro_tsmc_cl013g_rvt_ss_1p08v_125c

  Point                                                   Incr       Path
  --------------------------------------------------------------------------
  clock MASTER_CLK (rise edge)                            0.00       0.00
  clock network delay (ideal)                             0.00       0.00
  u_mul/b_reg_reg[0]/CK (DFFRHQX2M)                       0.00       0.00 r
  u_mul/b_reg_reg[0]/Q (DFFRHQX2M)                        0.36       0.36 f
  u_mul/U64/Y (CLKBUFX32M)                                0.28       0.65 f
  u_mul/U66/Y (NAND2BX8M)                                 0.21       0.86 r
  u_mul/U86/Y (XNOR3X4M)                                  0.53       1.38 r
  u_mul/add_0_root_add_0_root_add_131/A[2] (mult_unit_DW01_add_18)
                                                          0.00       1.38 r
  u_mul/add_0_root_add_0_root_add_131/U11/Y (NAND2X12M)
                                                          0.15       1.54 f
  u_mul/add_0_root_add_0_root_add_131/U68/Y (NOR2BX2M)
                                                          0.25       1.79 f
  u_mul/add_0_root_add_0_root_add_131/SUM[2] (mult_unit_DW01_add_18)
                                                          0.00       1.79 f
  u_mul/pipeline_level3_reg[2]/D (DFFRQX2M)               0.00       1.79 f
  data arrival time                                                  1.79

  clock MASTER_CLK (rise edge)                            0.00       0.00
  clock network delay (ideal)                             0.00       0.00
  clock uncertainty                                       0.10       0.10
  u_mul/pipeline_level3_reg[2]/CK (DFFRQX2M)              0.00       0.10 r
  library hold time                                      -0.04       0.06
  data required time                                                 0.06
  --------------------------------------------------------------------------
  data required time                                                 0.06
  data arrival time                                                 -1.79
  --------------------------------------------------------------------------
  slack (MET)                                                        1.72


  Startpoint: u_mul/b_reg_reg[0]
              (rising edge-triggered flip-flop clocked by MASTER_CLK)
  Endpoint: u_mul/pipeline_level3_reg[3]
            (rising edge-triggered flip-flop clocked by MASTER_CLK)
  Path Group: MASTER_CLK
  Path Type: min

  Des/Clust/Port     Wire Load Model       Library
  ------------------------------------------------
  alu8_top           tsmc13_wl30           scmetro_tsmc_cl013g_rvt_ss_1p08v_125c

  Point                                                   Incr       Path
  --------------------------------------------------------------------------
  clock MASTER_CLK (rise edge)                            0.00       0.00
  clock network delay (ideal)                             0.00       0.00
  u_mul/b_reg_reg[0]/CK (DFFRHQX2M)                       0.00       0.00 r
  u_mul/b_reg_reg[0]/Q (DFFRHQX2M)                        0.36       0.36 f
  u_mul/U64/Y (CLKBUFX32M)                                0.28       0.65 f
  u_mul/U66/Y (NAND2BX8M)                                 0.21       0.86 r
  u_mul/U86/Y (XNOR3X4M)                                  0.45       1.30 f
  u_mul/add_0_root_add_0_root_add_131/A[2] (mult_unit_DW01_add_18)
                                                          0.00       1.30 f
  u_mul/add_0_root_add_0_root_add_131/U11/Y (NAND2X12M)
                                                          0.17       1.47 r
  u_mul/add_0_root_add_0_root_add_131/U10/Y (INVX6M)      0.13       1.60 f
  u_mul/add_0_root_add_0_root_add_131/U64/Y (XNOR2X2M)
                                                          0.25       1.86 f
  u_mul/add_0_root_add_0_root_add_131/SUM[3] (mult_unit_DW01_add_18)
                                                          0.00       1.86 f
  u_mul/pipeline_level3_reg[3]/D (DFFRQX2M)               0.00       1.86 f
  data arrival time                                                  1.86

  clock MASTER_CLK (rise edge)                            0.00       0.00
  clock network delay (ideal)                             0.00       0.00
  clock uncertainty                                       0.10       0.10
  u_mul/pipeline_level3_reg[3]/CK (DFFRQX2M)              0.00       0.10 r
  library hold time                                      -0.06       0.04
  data required time                                                 0.04
  --------------------------------------------------------------------------
  data required time                                                 0.04
  data arrival time                                                 -1.86
  --------------------------------------------------------------------------
  slack (MET)                                                        1.82


  Startpoint: u_mul/b_reg_reg[3]
              (rising edge-triggered flip-flop clocked by MASTER_CLK)
  Endpoint: u_mul/pipeline_level3_reg[4]
            (rising edge-triggered flip-flop clocked by MASTER_CLK)
  Path Group: MASTER_CLK
  Path Type: min

  Des/Clust/Port     Wire Load Model       Library
  ------------------------------------------------
  alu8_top           tsmc13_wl30           scmetro_tsmc_cl013g_rvt_ss_1p08v_125c

  Point                                                   Incr       Path
  --------------------------------------------------------------------------
  clock MASTER_CLK (rise edge)                            0.00       0.00
  clock network delay (ideal)                             0.00       0.00
  u_mul/b_reg_reg[3]/CK (DFFRX4M)                         0.00       0.00 r
  u_mul/b_reg_reg[3]/QN (DFFRX4M)                         0.61       0.61 r
  u_mul/U131/Y (NOR2BX8M)                                 0.17       0.78 f
  u_mul/U60/Y (XNOR3X4M)                                  0.36       1.15 f
  u_mul/add_0_root_add_0_root_add_131/B[4] (mult_unit_DW01_add_18)
                                                          0.00       1.15 f
  u_mul/add_0_root_add_0_root_add_131/U60/Y (OR2X8M)      0.28       1.43 f
  u_mul/add_0_root_add_0_root_add_131/U63/Y (NAND2X2M)
                                                          0.25       1.67 r
  u_mul/add_0_root_add_0_root_add_131/U25/Y (XNOR2X2M)
                                                          0.29       1.96 f
  u_mul/add_0_root_add_0_root_add_131/SUM[4] (mult_unit_DW01_add_18)
                                                          0.00       1.96 f
  u_mul/pipeline_level3_reg[4]/D (DFFRQX2M)               0.00       1.96 f
  data arrival time                                                  1.96

  clock MASTER_CLK (rise edge)                            0.00       0.00
  clock network delay (ideal)                             0.00       0.00
  clock uncertainty                                       0.10       0.10
  u_mul/pipeline_level3_reg[4]/CK (DFFRQX2M)              0.00       0.10 r
  library hold time                                      -0.06       0.04
  data required time                                                 0.04
  --------------------------------------------------------------------------
  data required time                                                 0.04
  data arrival time                                                 -1.96
  --------------------------------------------------------------------------
  slack (MET)                                                        1.92


  Startpoint: u_mul/a_reg_reg[4]
              (rising edge-triggered flip-flop clocked by MASTER_CLK)
  Endpoint: u_mul/pipeline_level3_reg[5]
            (rising edge-triggered flip-flop clocked by MASTER_CLK)
  Path Group: MASTER_CLK
  Path Type: min

  Des/Clust/Port     Wire Load Model       Library
  ------------------------------------------------
  alu8_top           tsmc13_wl30           scmetro_tsmc_cl013g_rvt_ss_1p08v_125c

  Point                                                   Incr       Path
  --------------------------------------------------------------------------
  clock MASTER_CLK (rise edge)                            0.00       0.00
  clock network delay (ideal)                             0.00       0.00
  u_mul/a_reg_reg[4]/CK (DFFRHQX8M)                       0.00       0.00 r
  u_mul/a_reg_reg[4]/Q (DFFRHQX8M)                        0.54       0.54 r
  u_mul/U312/Y (INVX18M)                                  0.19       0.73 f
  u_mul/U113/Y (OR2X4M)                                   0.34       1.07 f
  u_mul/U340/Y (XOR3X4M)                                  0.31       1.39 f
  u_mul/U62/Y (CLKINVX32M)                                0.14       1.53 r
  u_mul/add_0_root_add_0_root_add_131/A[5] (mult_unit_DW01_add_18)
                                                          0.00       1.53 r
  u_mul/add_0_root_add_0_root_add_131/U54/Y (OAI21X3M)
                                                          0.17       1.69 f
  u_mul/add_0_root_add_0_root_add_131/U12/Y (XNOR2X2M)
                                                          0.27       1.96 f
  u_mul/add_0_root_add_0_root_add_131/SUM[5] (mult_unit_DW01_add_18)
                                                          0.00       1.96 f
  u_mul/pipeline_level3_reg[5]/D (DFFRQX2M)               0.00       1.96 f
  data arrival time                                                  1.96

  clock MASTER_CLK (rise edge)                            0.00       0.00
  clock network delay (ideal)                             0.00       0.00
  clock uncertainty                                       0.10       0.10
  u_mul/pipeline_level3_reg[5]/CK (DFFRQX2M)              0.00       0.10 r
  library hold time                                      -0.06       0.04
  data required time                                                 0.04
  --------------------------------------------------------------------------
  data required time                                                 0.04
  data arrival time                                                 -1.96
  --------------------------------------------------------------------------
  slack (MET)                                                        1.93


  Startpoint: u_mul/b_reg_reg[3]
              (rising edge-triggered flip-flop clocked by MASTER_CLK)
  Endpoint: u_mul/pipeline_level3_reg[10]
            (rising edge-triggered flip-flop clocked by MASTER_CLK)
  Path Group: MASTER_CLK
  Path Type: min

  Des/Clust/Port     Wire Load Model       Library
  ------------------------------------------------
  alu8_top           tsmc13_wl30           scmetro_tsmc_cl013g_rvt_ss_1p08v_125c

  Point                                                   Incr       Path
  --------------------------------------------------------------------------
  clock MASTER_CLK (rise edge)                            0.00       0.00
  clock network delay (ideal)                             0.00       0.00
  u_mul/b_reg_reg[3]/CK (DFFRX4M)                         0.00       0.00 r
  u_mul/b_reg_reg[3]/Q (DFFRX4M)                          0.73       0.73 f
  u_mul/U316/Y (BUFX32M)                                  0.20       0.93 f
  u_mul/U386/Y (NAND2BX2M)                                0.24       1.17 r
  u_mul/U385/Y (INVX2M)                                   0.31       1.48 f
  u_mul/U363/Y (XOR2X8M)                                  0.29       1.77 f
  u_mul/add_0_root_add_0_root_add_131/B[10] (mult_unit_DW01_add_18)
                                                          0.00       1.77 f
  u_mul/add_0_root_add_0_root_add_131/U72/Y (XNOR2X8M)
                                                          0.21       1.98 r
  u_mul/add_0_root_add_0_root_add_131/SUM[10] (mult_unit_DW01_add_18)
                                                          0.00       1.98 r
  u_mul/pipeline_level3_reg[10]/D (DFFRHQX4M)             0.00       1.98 r
  data arrival time                                                  1.98

  clock MASTER_CLK (rise edge)                            0.00       0.00
  clock network delay (ideal)                             0.00       0.00
  clock uncertainty                                       0.10       0.10
  u_mul/pipeline_level3_reg[10]/CK (DFFRHQX4M)            0.00       0.10 r
  library hold time                                      -0.05       0.05
  data required time                                                 0.05
  --------------------------------------------------------------------------
  data required time                                                 0.05
  data arrival time                                                 -1.98
  --------------------------------------------------------------------------
  slack (MET)                                                        1.94


  Startpoint: u_mul/b_reg_reg[3]
              (rising edge-triggered flip-flop clocked by MASTER_CLK)
  Endpoint: u_mul/pipeline_level3_reg[11]
            (rising edge-triggered flip-flop clocked by MASTER_CLK)
  Path Group: MASTER_CLK
  Path Type: min

  Des/Clust/Port     Wire Load Model       Library
  ------------------------------------------------
  alu8_top           tsmc13_wl30           scmetro_tsmc_cl013g_rvt_ss_1p08v_125c

  Point                                                   Incr       Path
  --------------------------------------------------------------------------
  clock MASTER_CLK (rise edge)                            0.00       0.00
  clock network delay (ideal)                             0.00       0.00
  u_mul/b_reg_reg[3]/CK (DFFRX4M)                         0.00       0.00 r
  u_mul/b_reg_reg[3]/Q (DFFRX4M)                          0.73       0.73 f
  u_mul/U316/Y (BUFX32M)                                  0.20       0.93 f
  u_mul/U386/Y (NAND2BX2M)                                0.24       1.17 r
  u_mul/U385/Y (INVX2M)                                   0.31       1.48 f
  u_mul/U123/Y (AND2X2M)                                  0.35       1.83 f
  u_mul/add_0_root_add_0_root_add_131/B[11] (mult_unit_DW01_add_18)
                                                          0.00       1.83 f
  u_mul/add_0_root_add_0_root_add_131/U62/Y (XNOR2X8M)
                                                          0.22       2.05 r
  u_mul/add_0_root_add_0_root_add_131/SUM[11] (mult_unit_DW01_add_18)
                                                          0.00       2.05 r
  u_mul/pipeline_level3_reg[11]/D (DFFRHQX4M)             0.00       2.05 r
  data arrival time                                                  2.05

  clock MASTER_CLK (rise edge)                            0.00       0.00
  clock network delay (ideal)                             0.00       0.00
  clock uncertainty                                       0.10       0.10
  u_mul/pipeline_level3_reg[11]/CK (DFFRHQX4M)            0.00       0.10 r
  library hold time                                      -0.05       0.05
  data required time                                                 0.05
  --------------------------------------------------------------------------
  data required time                                                 0.05
  data arrival time                                                 -2.05
  --------------------------------------------------------------------------
  slack (MET)                                                        2.01


  Startpoint: u_mul/b_reg_reg[1]
              (rising edge-triggered flip-flop clocked by MASTER_CLK)
  Endpoint: u_mul/pipeline_level3_reg[9]
            (rising edge-triggered flip-flop clocked by MASTER_CLK)
  Path Group: MASTER_CLK
  Path Type: min

  Des/Clust/Port     Wire Load Model       Library
  ------------------------------------------------
  alu8_top           tsmc13_wl30           scmetro_tsmc_cl013g_rvt_ss_1p08v_125c

  Point                                                   Incr       Path
  --------------------------------------------------------------------------
  clock MASTER_CLK (rise edge)                            0.00       0.00
  clock network delay (ideal)                             0.00       0.00
  u_mul/b_reg_reg[1]/CK (DFFRHQX2M)                       0.00       0.00 r
  u_mul/b_reg_reg[1]/Q (DFFRHQX2M)                        0.37       0.37 f
  u_mul/U248/Y (BUFX20M)                                  0.25       0.62 f
  u_mul/U384/Y (NAND2BX2M)                                0.26       0.87 r
  u_mul/U383/Y (INVX2M)                                   0.34       1.21 f
  u_mul/U310/Y (AND2X12M)                                 0.30       1.51 f
  u_mul/add_0_root_add_0_root_add_131/A[9] (mult_unit_DW01_add_18)
                                                          0.00       1.51 f
  u_mul/add_0_root_add_0_root_add_131/U24/Y (XNOR2X2M)
                                                          0.36       1.86 f
  u_mul/add_0_root_add_0_root_add_131/U29/Y (XNOR2X8M)
                                                          0.25       2.11 f
  u_mul/add_0_root_add_0_root_add_131/SUM[9] (mult_unit_DW01_add_18)
                                                          0.00       2.11 f
  u_mul/pipeline_level3_reg[9]/D (DFFRHQX8M)              0.00       2.11 f
  data arrival time                                                  2.11

  clock MASTER_CLK (rise edge)                            0.00       0.00
  clock network delay (ideal)                             0.00       0.00
  clock uncertainty                                       0.10       0.10
  u_mul/pipeline_level3_reg[9]/CK (DFFRHQX8M)             0.00       0.10 r
  library hold time                                      -0.07       0.03
  data required time                                                 0.03
  --------------------------------------------------------------------------
  data required time                                                 0.03
  data arrival time                                                 -2.11
  --------------------------------------------------------------------------
  slack (MET)                                                        2.08


  Startpoint: u_mul/b_reg_reg[1]
              (rising edge-triggered flip-flop clocked by MASTER_CLK)
  Endpoint: u_mul/pipeline_level3_reg[8]
            (rising edge-triggered flip-flop clocked by MASTER_CLK)
  Path Group: MASTER_CLK
  Path Type: min

  Des/Clust/Port     Wire Load Model       Library
  ------------------------------------------------
  alu8_top           tsmc13_wl30           scmetro_tsmc_cl013g_rvt_ss_1p08v_125c

  Point                                                   Incr       Path
  --------------------------------------------------------------------------
  clock MASTER_CLK (rise edge)                            0.00       0.00
  clock network delay (ideal)                             0.00       0.00
  u_mul/b_reg_reg[1]/CK (DFFRHQX2M)                       0.00       0.00 r
  u_mul/b_reg_reg[1]/Q (DFFRHQX2M)                        0.37       0.37 f
  u_mul/U248/Y (BUFX20M)                                  0.25       0.62 f
  u_mul/U384/Y (NAND2BX2M)                                0.26       0.87 r
  u_mul/U383/Y (INVX2M)                                   0.34       1.21 f
  u_mul/U404/Y (CLKXOR2X16M)                              0.43       1.64 r
  u_mul/add_0_root_add_0_root_add_131/A[8] (mult_unit_DW01_add_18)
                                                          0.00       1.64 r
  u_mul/add_0_root_add_0_root_add_131/U36/Y (XNOR2X4M)
                                                          0.20       1.84 f
  u_mul/add_0_root_add_0_root_add_131/U61/Y (XNOR2X2M)
                                                          0.33       2.17 f
  u_mul/add_0_root_add_0_root_add_131/SUM[8] (mult_unit_DW01_add_18)
                                                          0.00       2.17 f
  u_mul/pipeline_level3_reg[8]/D (DFFRHQX8M)              0.00       2.17 f
  data arrival time                                                  2.17

  clock MASTER_CLK (rise edge)                            0.00       0.00
  clock network delay (ideal)                             0.00       0.00
  clock uncertainty                                       0.10       0.10
  u_mul/pipeline_level3_reg[8]/CK (DFFRHQX8M)             0.00       0.10 r
  library hold time                                      -0.12      -0.02
  data required time                                                -0.02
  --------------------------------------------------------------------------
  data required time                                                -0.02
  data arrival time                                                 -2.17
  --------------------------------------------------------------------------
  slack (MET)                                                        2.18


  Startpoint: u_mul/b_reg_reg[3]
              (rising edge-triggered flip-flop clocked by MASTER_CLK)
  Endpoint: u_mul/pipeline_level3_reg[7]
            (rising edge-triggered flip-flop clocked by MASTER_CLK)
  Path Group: MASTER_CLK
  Path Type: min

  Des/Clust/Port     Wire Load Model       Library
  ------------------------------------------------
  alu8_top           tsmc13_wl30           scmetro_tsmc_cl013g_rvt_ss_1p08v_125c

  Point                                                   Incr       Path
  --------------------------------------------------------------------------
  clock MASTER_CLK (rise edge)                            0.00       0.00
  clock network delay (ideal)                             0.00       0.00
  u_mul/b_reg_reg[3]/CK (DFFRX4M)                         0.00       0.00 r
  u_mul/b_reg_reg[3]/QN (DFFRX4M)                         0.61       0.61 r
  u_mul/U131/Y (NOR2BX8M)                                 0.17       0.78 f
  u_mul/U60/Y (XNOR3X4M)                                  0.36       1.15 f
  u_mul/add_0_root_add_0_root_add_131/B[4] (mult_unit_DW01_add_18)
                                                          0.00       1.15 f
  u_mul/add_0_root_add_0_root_add_131/U58/Y (NAND2X4M)
                                                          0.31       1.46 r
  u_mul/add_0_root_add_0_root_add_131/U55/Y (NAND2X12M)
                                                          0.24       1.70 f
  u_mul/add_0_root_add_0_root_add_131/U41/Y (NOR2BX8M)
                                                          0.22       1.92 r
  u_mul/add_0_root_add_0_root_add_131/U30/Y (OAI21X4M)
                                                          0.18       2.09 f
  u_mul/add_0_root_add_0_root_add_131/U8/Y (XOR2X8M)      0.18       2.27 r
  u_mul/add_0_root_add_0_root_add_131/SUM[7] (mult_unit_DW01_add_18)
                                                          0.00       2.27 r
  u_mul/pipeline_level3_reg[7]/D (DFFRHQX8M)              0.00       2.27 r
  data arrival time                                                  2.27

  clock MASTER_CLK (rise edge)                            0.00       0.00
  clock network delay (ideal)                             0.00       0.00
  clock uncertainty                                       0.10       0.10
  u_mul/pipeline_level3_reg[7]/CK (DFFRHQX8M)             0.00       0.10 r
  library hold time                                      -0.05       0.05
  data required time                                                 0.05
  --------------------------------------------------------------------------
  data required time                                                 0.05
  data arrival time                                                 -2.27
  --------------------------------------------------------------------------
  slack (MET)                                                        2.22


  Startpoint: u_mul/a_reg_reg[4]
              (rising edge-triggered flip-flop clocked by MASTER_CLK)
  Endpoint: u_mul/pipeline_level3_reg[6]
            (rising edge-triggered flip-flop clocked by MASTER_CLK)
  Path Group: MASTER_CLK
  Path Type: min

  Des/Clust/Port     Wire Load Model       Library
  ------------------------------------------------
  alu8_top           tsmc13_wl30           scmetro_tsmc_cl013g_rvt_ss_1p08v_125c

  Point                                                   Incr       Path
  --------------------------------------------------------------------------
  clock MASTER_CLK (rise edge)                            0.00       0.00
  clock network delay (ideal)                             0.00       0.00
  u_mul/a_reg_reg[4]/CK (DFFRHQX8M)                       0.00       0.00 r
  u_mul/a_reg_reg[4]/Q (DFFRHQX8M)                        0.54       0.54 r
  u_mul/U312/Y (INVX18M)                                  0.19       0.73 f
  u_mul/U113/Y (OR2X4M)                                   0.34       1.07 f
  u_mul/U340/Y (XOR3X4M)                                  0.31       1.39 f
  u_mul/U62/Y (CLKINVX32M)                                0.14       1.53 r
  u_mul/add_0_root_add_0_root_add_131/A[5] (mult_unit_DW01_add_18)
                                                          0.00       1.53 r
  u_mul/add_0_root_add_0_root_add_131/U7/Y (NAND2X5M)     0.24       1.77 f
  u_mul/add_0_root_add_0_root_add_131/U32/Y (NAND2X2M)
                                                          0.31       2.08 r
  u_mul/add_0_root_add_0_root_add_131/U31/Y (XOR2X4M)     0.18       2.27 f
  u_mul/add_0_root_add_0_root_add_131/SUM[6] (mult_unit_DW01_add_18)
                                                          0.00       2.27 f
  u_mul/pipeline_level3_reg[6]/D (DFFRHQX8M)              0.00       2.27 f
  data arrival time                                                  2.27

  clock MASTER_CLK (rise edge)                            0.00       0.00
  clock network delay (ideal)                             0.00       0.00
  clock uncertainty                                       0.10       0.10
  u_mul/pipeline_level3_reg[6]/CK (DFFRHQX8M)             0.00       0.10 r
  library hold time                                      -0.09       0.01
  data required time                                                 0.01
  --------------------------------------------------------------------------
  data required time                                                 0.01
  data arrival time                                                 -2.27
  --------------------------------------------------------------------------
  slack (MET)                                                        2.25


  Startpoint: u_mul/product_reg[13]
              (rising edge-triggered flip-flop clocked by MASTER_CLK)
  Endpoint: result[13] (output port clocked by MASTER_CLK)
  Path Group: REGOUT
  Path Type: min

  Des/Clust/Port     Wire Load Model       Library
  ------------------------------------------------
  alu8_top           tsmc13_wl30           scmetro_tsmc_cl013g_rvt_ss_1p08v_125c

  Point                                                   Incr       Path
  --------------------------------------------------------------------------
  clock MASTER_CLK (rise edge)                            0.00       0.00
  clock network delay (ideal)                             0.00       0.00
  u_mul/product_reg[13]/CK (DFFRHQX8M)                    0.00       0.00 r
  u_mul/product_reg[13]/Q (DFFRHQX8M)                     0.39       0.39 f
  u_mul/product[13] (mult_unit)                           0.00       0.39 f
  U33/Y (AND2X8M)                                         0.52       0.91 f
  result[13] (out)                                        0.00       0.91 f
  data arrival time                                                  0.91

  clock MASTER_CLK (rise edge)                            0.00       0.00
  clock network delay (ideal)                             0.00       0.00
  clock uncertainty                                       0.10       0.10
  output external delay                                  -0.90      -0.80
  data required time                                                -0.80
  --------------------------------------------------------------------------
  data required time                                                -0.80
  data arrival time                                                 -0.91
  --------------------------------------------------------------------------
  slack (MET)                                                        1.71


  Startpoint: u_mul/product_reg[14]
              (rising edge-triggered flip-flop clocked by MASTER_CLK)
  Endpoint: result[14] (output port clocked by MASTER_CLK)
  Path Group: REGOUT
  Path Type: min

  Des/Clust/Port     Wire Load Model       Library
  ------------------------------------------------
  alu8_top           tsmc13_wl30           scmetro_tsmc_cl013g_rvt_ss_1p08v_125c

  Point                                                   Incr       Path
  --------------------------------------------------------------------------
  clock MASTER_CLK (rise edge)                            0.00       0.00
  clock network delay (ideal)                             0.00       0.00
  u_mul/product_reg[14]/CK (DFFRHQX4M)                    0.00       0.00 r
  u_mul/product_reg[14]/Q (DFFRHQX4M)                     0.38       0.38 f
  u_mul/product[14] (mult_unit)                           0.00       0.38 f
  U21/Y (AND2X8M)                                         0.53       0.91 f
  result[14] (out)                                        0.00       0.91 f
  data arrival time                                                  0.91

  clock MASTER_CLK (rise edge)                            0.00       0.00
  clock network delay (ideal)                             0.00       0.00
  clock uncertainty                                       0.10       0.10
  output external delay                                  -0.90      -0.80
  data required time                                                -0.80
  --------------------------------------------------------------------------
  data required time                                                -0.80
  data arrival time                                                 -0.91
  --------------------------------------------------------------------------
  slack (MET)                                                        1.71


  Startpoint: u_mul/product_reg[15]
              (rising edge-triggered flip-flop clocked by MASTER_CLK)
  Endpoint: result[15] (output port clocked by MASTER_CLK)
  Path Group: REGOUT
  Path Type: min

  Des/Clust/Port     Wire Load Model       Library
  ------------------------------------------------
  alu8_top           tsmc13_wl30           scmetro_tsmc_cl013g_rvt_ss_1p08v_125c

  Point                                                   Incr       Path
  --------------------------------------------------------------------------
  clock MASTER_CLK (rise edge)                            0.00       0.00
  clock network delay (ideal)                             0.00       0.00
  u_mul/product_reg[15]/CK (DFFRHQX4M)                    0.00       0.00 r
  u_mul/product_reg[15]/Q (DFFRHQX4M)                     0.39       0.39 f
  u_mul/product[15] (mult_unit)                           0.00       0.39 f
  U32/Y (AND2X8M)                                         0.54       0.93 f
  result[15] (out)                                        0.00       0.93 f
  data arrival time                                                  0.93

  clock MASTER_CLK (rise edge)                            0.00       0.00
  clock network delay (ideal)                             0.00       0.00
  clock uncertainty                                       0.10       0.10
  output external delay                                  -0.90      -0.80
  data required time                                                -0.80
  --------------------------------------------------------------------------
  data required time                                                -0.80
  data arrival time                                                 -0.93
  --------------------------------------------------------------------------
  slack (MET)                                                        1.73


  Startpoint: u_mul/valid_reg
              (rising edge-triggered flip-flop clocked by MASTER_CLK)
  Endpoint: valid (output port clocked by MASTER_CLK)
  Path Group: REGOUT
  Path Type: min

  Des/Clust/Port     Wire Load Model       Library
  ------------------------------------------------
  alu8_top           tsmc13_wl30           scmetro_tsmc_cl013g_rvt_ss_1p08v_125c

  Point                                    Incr       Path
  -----------------------------------------------------------
  clock MASTER_CLK (rise edge)             0.00       0.00
  clock network delay (ideal)              0.00       0.00
  u_mul/valid_reg/CK (DFFRQX2M)            0.00       0.00 r
  u_mul/valid_reg/Q (DFFRQX2M)             0.59       0.59 f
  u_mul/valid (mult_unit)                  0.00       0.59 f
  U2/Y (AO22X8M)                           0.55       1.14 f
  valid (out)                              0.00       1.14 f
  data arrival time                                   1.14

  clock MASTER_CLK (rise edge)             0.00       0.00
  clock network delay (ideal)              0.00       0.00
  clock uncertainty                        0.10       0.10
  output external delay                   -0.90      -0.80
  data required time                                 -0.80
  -----------------------------------------------------------
  data required time                                 -0.80
  data arrival time                                  -1.14
  -----------------------------------------------------------
  slack (MET)                                         1.94


  Startpoint: u_mul/product_reg[12]
              (rising edge-triggered flip-flop clocked by MASTER_CLK)
  Endpoint: result[12] (output port clocked by MASTER_CLK)
  Path Group: REGOUT
  Path Type: min

  Des/Clust/Port     Wire Load Model       Library
  ------------------------------------------------
  alu8_top           tsmc13_wl30           scmetro_tsmc_cl013g_rvt_ss_1p08v_125c

  Point                                                   Incr       Path
  --------------------------------------------------------------------------
  clock MASTER_CLK (rise edge)                            0.00       0.00
  clock network delay (ideal)                             0.00       0.00
  u_mul/product_reg[12]/CK (DFFRHQX1M)                    0.00       0.00 r
  u_mul/product_reg[12]/Q (DFFRHQX1M)                     0.61       0.61 f
  u_mul/product[12] (mult_unit)                           0.00       0.61 f
  U37/Y (AND2X8M)                                         0.63       1.25 f
  result[12] (out)                                        0.00       1.25 f
  data arrival time                                                  1.25

  clock MASTER_CLK (rise edge)                            0.00       0.00
  clock network delay (ideal)                             0.00       0.00
  clock uncertainty                                       0.10       0.10
  output external delay                                  -0.90      -0.80
  data required time                                                -0.80
  --------------------------------------------------------------------------
  data required time                                                -0.80
  data arrival time                                                 -1.25
  --------------------------------------------------------------------------
  slack (MET)                                                        2.05


  Startpoint: u_mul/product_reg[10]
              (rising edge-triggered flip-flop clocked by MASTER_CLK)
  Endpoint: result[10] (output port clocked by MASTER_CLK)
  Path Group: REGOUT
  Path Type: min

  Des/Clust/Port     Wire Load Model       Library
  ------------------------------------------------
  alu8_top           tsmc13_wl30           scmetro_tsmc_cl013g_rvt_ss_1p08v_125c

  Point                                    Incr       Path
  -----------------------------------------------------------
  clock MASTER_CLK (rise edge)             0.00       0.00
  clock network delay (ideal)              0.00       0.00
  u_mul/product_reg[10]/CK (DFFRQX2M)      0.00       0.00 r
  u_mul/product_reg[10]/Q (DFFRQX2M)       0.68       0.68 f
  u_mul/product[10] (mult_unit)            0.00       0.68 f
  U35/Y (AND2X8M)                          0.57       1.25 f
  result[10] (out)                         0.00       1.25 f
  data arrival time                                   1.25

  clock MASTER_CLK (rise edge)             0.00       0.00
  clock network delay (ideal)              0.00       0.00
  clock uncertainty                        0.10       0.10
  output external delay                   -0.90      -0.80
  data required time                                 -0.80
  -----------------------------------------------------------
  data required time                                 -0.80
  data arrival time                                  -1.25
  -----------------------------------------------------------
  slack (MET)                                         2.05


  Startpoint: u_mul/product_reg[9]
              (rising edge-triggered flip-flop clocked by MASTER_CLK)
  Endpoint: result[9] (output port clocked by MASTER_CLK)
  Path Group: REGOUT
  Path Type: min

  Des/Clust/Port     Wire Load Model       Library
  ------------------------------------------------
  alu8_top           tsmc13_wl30           scmetro_tsmc_cl013g_rvt_ss_1p08v_125c

  Point                                    Incr       Path
  -----------------------------------------------------------
  clock MASTER_CLK (rise edge)             0.00       0.00
  clock network delay (ideal)              0.00       0.00
  u_mul/product_reg[9]/CK (DFFRQX2M)       0.00       0.00 r
  u_mul/product_reg[9]/Q (DFFRQX2M)        0.68       0.68 f
  u_mul/product[9] (mult_unit)             0.00       0.68 f
  U34/Y (AND2X8M)                          0.57       1.25 f
  result[9] (out)                          0.00       1.25 f
  data arrival time                                   1.25

  clock MASTER_CLK (rise edge)             0.00       0.00
  clock network delay (ideal)              0.00       0.00
  clock uncertainty                        0.10       0.10
  output external delay                   -0.90      -0.80
  data required time                                 -0.80
  -----------------------------------------------------------
  data required time                                 -0.80
  data arrival time                                  -1.25
  -----------------------------------------------------------
  slack (MET)                                         2.05


  Startpoint: u_mul/product_reg[11]
              (rising edge-triggered flip-flop clocked by MASTER_CLK)
  Endpoint: result[11] (output port clocked by MASTER_CLK)
  Path Group: REGOUT
  Path Type: min

  Des/Clust/Port     Wire Load Model       Library
  ------------------------------------------------
  alu8_top           tsmc13_wl30           scmetro_tsmc_cl013g_rvt_ss_1p08v_125c

  Point                                    Incr       Path
  -----------------------------------------------------------
  clock MASTER_CLK (rise edge)             0.00       0.00
  clock network delay (ideal)              0.00       0.00
  u_mul/product_reg[11]/CK (DFFRQX2M)      0.00       0.00 r
  u_mul/product_reg[11]/Q (DFFRQX2M)       0.68       0.68 f
  u_mul/product[11] (mult_unit)            0.00       0.68 f
  U36/Y (AND2X8M)                          0.57       1.25 f
  result[11] (out)                         0.00       1.25 f
  data arrival time                                   1.25

  clock MASTER_CLK (rise edge)             0.00       0.00
  clock network delay (ideal)              0.00       0.00
  clock uncertainty                        0.10       0.10
  output external delay                   -0.90      -0.80
  data required time                                 -0.80
  -----------------------------------------------------------
  data required time                                 -0.80
  data arrival time                                  -1.25
  -----------------------------------------------------------
  slack (MET)                                         2.05


  Startpoint: u_mul/product_reg[6]
              (rising edge-triggered flip-flop clocked by MASTER_CLK)
  Endpoint: result[6] (output port clocked by MASTER_CLK)
  Path Group: REGOUT
  Path Type: min

  Des/Clust/Port     Wire Load Model       Library
  ------------------------------------------------
  alu8_top           tsmc13_wl30           scmetro_tsmc_cl013g_rvt_ss_1p08v_125c

  Point                                    Incr       Path
  -----------------------------------------------------------
  clock MASTER_CLK (rise edge)             0.00       0.00
  clock network delay (ideal)              0.00       0.00
  u_mul/product_reg[6]/CK (DFFRQX2M)       0.00       0.00 r
  u_mul/product_reg[6]/Q (DFFRQX2M)        0.68       0.68 f
  u_mul/product[6] (mult_unit)             0.00       0.68 f
  U6/Y (AO22X8M)                           0.59       1.27 f
  result[6] (out)                          0.00       1.27 f
  data arrival time                                   1.27

  clock MASTER_CLK (rise edge)             0.00       0.00
  clock network delay (ideal)              0.00       0.00
  clock uncertainty                        0.10       0.10
  output external delay                   -0.90      -0.80
  data required time                                 -0.80
  -----------------------------------------------------------
  data required time                                 -0.80
  data arrival time                                  -1.27
  -----------------------------------------------------------
  slack (MET)                                         2.07


  Startpoint: u_mul/product_reg[5]
              (rising edge-triggered flip-flop clocked by MASTER_CLK)
  Endpoint: result[5] (output port clocked by MASTER_CLK)
  Path Group: REGOUT
  Path Type: min

  Des/Clust/Port     Wire Load Model       Library
  ------------------------------------------------
  alu8_top           tsmc13_wl30           scmetro_tsmc_cl013g_rvt_ss_1p08v_125c

  Point                                    Incr       Path
  -----------------------------------------------------------
  clock MASTER_CLK (rise edge)             0.00       0.00
  clock network delay (ideal)              0.00       0.00
  u_mul/product_reg[5]/CK (DFFRQX2M)       0.00       0.00 r
  u_mul/product_reg[5]/Q (DFFRQX2M)        0.68       0.68 f
  u_mul/product[5] (mult_unit)             0.00       0.68 f
  U7/Y (AO22X8M)                           0.59       1.27 f
  result[5] (out)                          0.00       1.27 f
  data arrival time                                   1.27

  clock MASTER_CLK (rise edge)             0.00       0.00
  clock network delay (ideal)              0.00       0.00
  clock uncertainty                        0.10       0.10
  output external delay                   -0.90      -0.80
  data required time                                 -0.80
  -----------------------------------------------------------
  data required time                                 -0.80
  data arrival time                                  -1.27
  -----------------------------------------------------------
  slack (MET)                                         2.07


  Startpoint: u_mul/product_reg[4]
              (rising edge-triggered flip-flop clocked by MASTER_CLK)
  Endpoint: result[4] (output port clocked by MASTER_CLK)
  Path Group: REGOUT
  Path Type: min

  Des/Clust/Port     Wire Load Model       Library
  ------------------------------------------------
  alu8_top           tsmc13_wl30           scmetro_tsmc_cl013g_rvt_ss_1p08v_125c

  Point                                    Incr       Path
  -----------------------------------------------------------
  clock MASTER_CLK (rise edge)             0.00       0.00
  clock network delay (ideal)              0.00       0.00
  u_mul/product_reg[4]/CK (DFFRQX2M)       0.00       0.00 r
  u_mul/product_reg[4]/Q (DFFRQX2M)        0.68       0.68 f
  u_mul/product[4] (mult_unit)             0.00       0.68 f
  U8/Y (AO22X8M)                           0.59       1.27 f
  result[4] (out)                          0.00       1.27 f
  data arrival time                                   1.27

  clock MASTER_CLK (rise edge)             0.00       0.00
  clock network delay (ideal)              0.00       0.00
  clock uncertainty                        0.10       0.10
  output external delay                   -0.90      -0.80
  data required time                                 -0.80
  -----------------------------------------------------------
  data required time                                 -0.80
  data arrival time                                  -1.27
  -----------------------------------------------------------
  slack (MET)                                         2.07


  Startpoint: u_mul/product_reg[3]
              (rising edge-triggered flip-flop clocked by MASTER_CLK)
  Endpoint: result[3] (output port clocked by MASTER_CLK)
  Path Group: REGOUT
  Path Type: min

  Des/Clust/Port     Wire Load Model       Library
  ------------------------------------------------
  alu8_top           tsmc13_wl30           scmetro_tsmc_cl013g_rvt_ss_1p08v_125c

  Point                                    Incr       Path
  -----------------------------------------------------------
  clock MASTER_CLK (rise edge)             0.00       0.00
  clock network delay (ideal)              0.00       0.00
  u_mul/product_reg[3]/CK (DFFRQX2M)       0.00       0.00 r
  u_mul/product_reg[3]/Q (DFFRQX2M)        0.68       0.68 f
  u_mul/product[3] (mult_unit)             0.00       0.68 f
  U9/Y (AO22X8M)                           0.59       1.27 f
  result[3] (out)                          0.00       1.27 f
  data arrival time                                   1.27

  clock MASTER_CLK (rise edge)             0.00       0.00
  clock network delay (ideal)              0.00       0.00
  clock uncertainty                        0.10       0.10
  output external delay                   -0.90      -0.80
  data required time                                 -0.80
  -----------------------------------------------------------
  data required time                                 -0.80
  data arrival time                                  -1.27
  -----------------------------------------------------------
  slack (MET)                                         2.07


  Startpoint: u_mul/product_reg[2]
              (rising edge-triggered flip-flop clocked by MASTER_CLK)
  Endpoint: result[2] (output port clocked by MASTER_CLK)
  Path Group: REGOUT
  Path Type: min

  Des/Clust/Port     Wire Load Model       Library
  ------------------------------------------------
  alu8_top           tsmc13_wl30           scmetro_tsmc_cl013g_rvt_ss_1p08v_125c

  Point                                    Incr       Path
  -----------------------------------------------------------
  clock MASTER_CLK (rise edge)             0.00       0.00
  clock network delay (ideal)              0.00       0.00
  u_mul/product_reg[2]/CK (DFFRQX2M)       0.00       0.00 r
  u_mul/product_reg[2]/Q (DFFRQX2M)        0.68       0.68 f
  u_mul/product[2] (mult_unit)             0.00       0.68 f
  U10/Y (AO22X8M)                          0.59       1.27 f
  result[2] (out)                          0.00       1.27 f
  data arrival time                                   1.27

  clock MASTER_CLK (rise edge)             0.00       0.00
  clock network delay (ideal)              0.00       0.00
  clock uncertainty                        0.10       0.10
  output external delay                   -0.90      -0.80
  data required time                                 -0.80
  -----------------------------------------------------------
  data required time                                 -0.80
  data arrival time                                  -1.27
  -----------------------------------------------------------
  slack (MET)                                         2.07


  Startpoint: u_mul/product_reg[1]
              (rising edge-triggered flip-flop clocked by MASTER_CLK)
  Endpoint: result[1] (output port clocked by MASTER_CLK)
  Path Group: REGOUT
  Path Type: min

  Des/Clust/Port     Wire Load Model       Library
  ------------------------------------------------
  alu8_top           tsmc13_wl30           scmetro_tsmc_cl013g_rvt_ss_1p08v_125c

  Point                                    Incr       Path
  -----------------------------------------------------------
  clock MASTER_CLK (rise edge)             0.00       0.00
  clock network delay (ideal)              0.00       0.00
  u_mul/product_reg[1]/CK (DFFRQX2M)       0.00       0.00 r
  u_mul/product_reg[1]/Q (DFFRQX2M)        0.68       0.68 f
  u_mul/product[1] (mult_unit)             0.00       0.68 f
  U11/Y (AO22X8M)                          0.59       1.27 f
  result[1] (out)                          0.00       1.27 f
  data arrival time                                   1.27

  clock MASTER_CLK (rise edge)             0.00       0.00
  clock network delay (ideal)              0.00       0.00
  clock uncertainty                        0.10       0.10
  output external delay                   -0.90      -0.80
  data required time                                 -0.80
  -----------------------------------------------------------
  data required time                                 -0.80
  data arrival time                                  -1.27
  -----------------------------------------------------------
  slack (MET)                                         2.07


  Startpoint: u_mul/product_reg[0]
              (rising edge-triggered flip-flop clocked by MASTER_CLK)
  Endpoint: result[0] (output port clocked by MASTER_CLK)
  Path Group: REGOUT
  Path Type: min

  Des/Clust/Port     Wire Load Model       Library
  ------------------------------------------------
  alu8_top           tsmc13_wl30           scmetro_tsmc_cl013g_rvt_ss_1p08v_125c

  Point                                    Incr       Path
  -----------------------------------------------------------
  clock MASTER_CLK (rise edge)             0.00       0.00
  clock network delay (ideal)              0.00       0.00
  u_mul/product_reg[0]/CK (DFFRQX2M)       0.00       0.00 r
  u_mul/product_reg[0]/Q (DFFRQX2M)        0.68       0.68 f
  u_mul/product[0] (mult_unit)             0.00       0.68 f
  U18/Y (AO22X8M)                          0.59       1.27 f
  result[0] (out)                          0.00       1.27 f
  data arrival time                                   1.27

  clock MASTER_CLK (rise edge)             0.00       0.00
  clock network delay (ideal)              0.00       0.00
  clock uncertainty                        0.10       0.10
  output external delay                   -0.90      -0.80
  data required time                                 -0.80
  -----------------------------------------------------------
  data required time                                 -0.80
  data arrival time                                  -1.27
  -----------------------------------------------------------
  slack (MET)                                         2.07


  Startpoint: u_mul/product_reg[8]
              (rising edge-triggered flip-flop clocked by MASTER_CLK)
  Endpoint: result[8] (output port clocked by MASTER_CLK)
  Path Group: REGOUT
  Path Type: min

  Des/Clust/Port     Wire Load Model       Library
  ------------------------------------------------
  alu8_top           tsmc13_wl30           scmetro_tsmc_cl013g_rvt_ss_1p08v_125c

  Point                                    Incr       Path
  -----------------------------------------------------------
  clock MASTER_CLK (rise edge)             0.00       0.00
  clock network delay (ideal)              0.00       0.00
  u_mul/product_reg[8]/CK (DFFRQX2M)       0.00       0.00 r
  u_mul/product_reg[8]/Q (DFFRQX2M)        0.67       0.67 f
  u_mul/product[8] (mult_unit)             0.00       0.67 f
  U26/Y (AND2X2M)                          0.32       0.99 f
  U31/Y (OR2X8M)                           0.57       1.57 f
  result[8] (out)                          0.00       1.57 f
  data arrival time                                   1.57

  clock MASTER_CLK (rise edge)             0.00       0.00
  clock network delay (ideal)              0.00       0.00
  clock uncertainty                        0.10       0.10
  output external delay                   -0.90      -0.80
  data required time                                 -0.80
  -----------------------------------------------------------
  data required time                                 -0.80
  data arrival time                                  -1.57
  -----------------------------------------------------------
  slack (MET)                                         2.37


  Startpoint: u_add/sum_reg[7]
              (rising edge-triggered flip-flop clocked by MASTER_CLK)
  Endpoint: result[7] (output port clocked by MASTER_CLK)
  Path Group: REGOUT
  Path Type: min

  Des/Clust/Port     Wire Load Model       Library
  ------------------------------------------------
  alu8_top           tsmc13_wl30           scmetro_tsmc_cl013g_rvt_ss_1p08v_125c

  Point                                    Incr       Path
  -----------------------------------------------------------
  clock MASTER_CLK (rise edge)             0.00       0.00
  clock network delay (ideal)              0.00       0.00
  u_add/sum_reg[7]/CK (DFFRQX2M)           0.00       0.00 r
  u_add/sum_reg[7]/Q (DFFRQX2M)            0.67       0.67 f
  u_add/sum[7] (add_unit)                  0.00       0.67 f
  U27/Y (NAND2X2M)                         0.35       1.03 r
  U30/Y (NAND2X8M)                         0.69       1.72 f
  result[7] (out)                          0.00       1.72 f
  data arrival time                                   1.72

  clock MASTER_CLK (rise edge)             0.00       0.00
  clock network delay (ideal)              0.00       0.00
  clock uncertainty                        0.10       0.10
  output external delay                   -0.90      -0.80
  data required time                                 -0.80
  -----------------------------------------------------------
  data required time                                 -0.80
  data arrival time                                  -1.72
  -----------------------------------------------------------
  slack (MET)                                         2.52


1
