 
****************************************
Report : timing
        -path full
        -delay max
        -max_paths 100
Design : alu8_top
Version: O-2018.06-SP1
Date   : Thu Sep 10 13:06:10 2026
****************************************

Operating Conditions: scmetro_tsmc_cl013g_rvt_ss_1p08v_125c   Library: scmetro_tsmc_cl013g_rvt_ss_1p08v_125c
Wire Load Model Mode: top

  Startpoint: mode (input port clocked by MASTER_CLK)
  Endpoint: result[7] (output port clocked by MASTER_CLK)
  Path Group: INOUT
  Path Type: max

  Des/Clust/Port     Wire Load Model       Library
  ------------------------------------------------
  alu8_top           tsmc13_wl30           scmetro_tsmc_cl013g_rvt_ss_1p08v_125c

  Point                                    Incr       Path
  -----------------------------------------------------------
  clock MASTER_CLK (rise edge)             0.00       0.00
  clock network delay (ideal)              0.00       0.00
  input external delay                     0.90       0.90 r
  mode (in)                                0.35       1.25 r
  U24/Y (CLKBUFX12M)                       0.79       2.04 r
  U29/Y (NAND2X2M)                         0.43       2.46 f
  U30/Y (NAND2X8M)                         0.91       3.37 r
  result[7] (out)                          0.00       3.37 r
  data arrival time                                   3.37

  clock MASTER_CLK (rise edge)             4.50       4.50
  clock network delay (ideal)              0.00       4.50
  clock uncertainty                       -0.20       4.30
  output external delay                   -0.90       3.40
  data required time                                  3.40
  -----------------------------------------------------------
  data required time                                  3.40
  data arrival time                                  -3.37
  -----------------------------------------------------------
  slack (MET)                                         0.03


  Startpoint: mode (input port clocked by MASTER_CLK)
  Endpoint: result[8] (output port clocked by MASTER_CLK)
  Path Group: INOUT
  Path Type: max

  Des/Clust/Port     Wire Load Model       Library
  ------------------------------------------------
  alu8_top           tsmc13_wl30           scmetro_tsmc_cl013g_rvt_ss_1p08v_125c

  Point                                    Incr       Path
  -----------------------------------------------------------
  clock MASTER_CLK (rise edge)             0.00       0.00
  clock network delay (ideal)              0.00       0.00
  input external delay                     0.90       0.90 f
  mode (in)                                0.20       1.10 f
  U25/Y (CLKINVX1M)                        0.45       1.55 r
  U23/Y (BUFX10M)                          0.55       2.10 r
  U28/Y (AND2X2M)                          0.38       2.48 r
  U31/Y (OR2X8M)                           0.89       3.37 r
  result[8] (out)                          0.00       3.37 r
  data arrival time                                   3.37

  clock MASTER_CLK (rise edge)             4.50       4.50
  clock network delay (ideal)              0.00       4.50
  clock uncertainty                       -0.20       4.30
  output external delay                   -0.90       3.40
  data required time                                  3.40
  -----------------------------------------------------------
  data required time                                  3.40
  data arrival time                                  -3.37
  -----------------------------------------------------------
  slack (MET)                                         0.03


  Startpoint: mode (input port clocked by MASTER_CLK)
  Endpoint: result[6] (output port clocked by MASTER_CLK)
  Path Group: INOUT
  Path Type: max

  Des/Clust/Port     Wire Load Model       Library
  ------------------------------------------------
  alu8_top           tsmc13_wl30           scmetro_tsmc_cl013g_rvt_ss_1p08v_125c

  Point                                    Incr       Path
  -----------------------------------------------------------
  clock MASTER_CLK (rise edge)             0.00       0.00
  clock network delay (ideal)              0.00       0.00
  input external delay                     0.90       0.90 f
  mode (in)                                0.20       1.10 f
  U25/Y (CLKINVX1M)                        0.45       1.55 r
  U23/Y (BUFX10M)                          0.55       2.10 r
  U6/Y (AO22X8M)                           0.98       3.08 r
  result[6] (out)                          0.00       3.08 r
  data arrival time                                   3.08

  clock MASTER_CLK (rise edge)             4.50       4.50
  clock network delay (ideal)              0.00       4.50
  clock uncertainty                       -0.20       4.30
  output external delay                   -0.90       3.40
  data required time                                  3.40
  -----------------------------------------------------------
  data required time                                  3.40
  data arrival time                                  -3.08
  -----------------------------------------------------------
  slack (MET)                                         0.32


  Startpoint: mode (input port clocked by MASTER_CLK)
  Endpoint: result[5] (output port clocked by MASTER_CLK)
  Path Group: INOUT
  Path Type: max

  Des/Clust/Port     Wire Load Model       Library
  ------------------------------------------------
  alu8_top           tsmc13_wl30           scmetro_tsmc_cl013g_rvt_ss_1p08v_125c

  Point                                    Incr       Path
  -----------------------------------------------------------
  clock MASTER_CLK (rise edge)             0.00       0.00
  clock network delay (ideal)              0.00       0.00
  input external delay                     0.90       0.90 f
  mode (in)                                0.20       1.10 f
  U25/Y (CLKINVX1M)                        0.45       1.55 r
  U23/Y (BUFX10M)                          0.55       2.10 r
  U7/Y (AO22X8M)                           0.98       3.08 r
  result[5] (out)                          0.00       3.08 r
  data arrival time                                   3.08

  clock MASTER_CLK (rise edge)             4.50       4.50
  clock network delay (ideal)              0.00       4.50
  clock uncertainty                       -0.20       4.30
  output external delay                   -0.90       3.40
  data required time                                  3.40
  -----------------------------------------------------------
  data required time                                  3.40
  data arrival time                                  -3.08
  -----------------------------------------------------------
  slack (MET)                                         0.32


  Startpoint: mode (input port clocked by MASTER_CLK)
  Endpoint: result[4] (output port clocked by MASTER_CLK)
  Path Group: INOUT
  Path Type: max

  Des/Clust/Port     Wire Load Model       Library
  ------------------------------------------------
  alu8_top           tsmc13_wl30           scmetro_tsmc_cl013g_rvt_ss_1p08v_125c

  Point                                    Incr       Path
  -----------------------------------------------------------
  clock MASTER_CLK (rise edge)             0.00       0.00
  clock network delay (ideal)              0.00       0.00
  input external delay                     0.90       0.90 f
  mode (in)                                0.20       1.10 f
  U25/Y (CLKINVX1M)                        0.45       1.55 r
  U23/Y (BUFX10M)                          0.55       2.10 r
  U8/Y (AO22X8M)                           0.98       3.08 r
  result[4] (out)                          0.00       3.08 r
  data arrival time                                   3.08

  clock MASTER_CLK (rise edge)             4.50       4.50
  clock network delay (ideal)              0.00       4.50
  clock uncertainty                       -0.20       4.30
  output external delay                   -0.90       3.40
  data required time                                  3.40
  -----------------------------------------------------------
  data required time                                  3.40
  data arrival time                                  -3.08
  -----------------------------------------------------------
  slack (MET)                                         0.32


  Startpoint: mode (input port clocked by MASTER_CLK)
  Endpoint: result[3] (output port clocked by MASTER_CLK)
  Path Group: INOUT
  Path Type: max

  Des/Clust/Port     Wire Load Model       Library
  ------------------------------------------------
  alu8_top           tsmc13_wl30           scmetro_tsmc_cl013g_rvt_ss_1p08v_125c

  Point                                    Incr       Path
  -----------------------------------------------------------
  clock MASTER_CLK (rise edge)             0.00       0.00
  clock network delay (ideal)              0.00       0.00
  input external delay                     0.90       0.90 f
  mode (in)                                0.20       1.10 f
  U25/Y (CLKINVX1M)                        0.45       1.55 r
  U23/Y (BUFX10M)                          0.55       2.10 r
  U9/Y (AO22X8M)                           0.98       3.08 r
  result[3] (out)                          0.00       3.08 r
  data arrival time                                   3.08

  clock MASTER_CLK (rise edge)             4.50       4.50
  clock network delay (ideal)              0.00       4.50
  clock uncertainty                       -0.20       4.30
  output external delay                   -0.90       3.40
  data required time                                  3.40
  -----------------------------------------------------------
  data required time                                  3.40
  data arrival time                                  -3.08
  -----------------------------------------------------------
  slack (MET)                                         0.32


  Startpoint: mode (input port clocked by MASTER_CLK)
  Endpoint: result[2] (output port clocked by MASTER_CLK)
  Path Group: INOUT
  Path Type: max

  Des/Clust/Port     Wire Load Model       Library
  ------------------------------------------------
  alu8_top           tsmc13_wl30           scmetro_tsmc_cl013g_rvt_ss_1p08v_125c

  Point                                    Incr       Path
  -----------------------------------------------------------
  clock MASTER_CLK (rise edge)             0.00       0.00
  clock network delay (ideal)              0.00       0.00
  input external delay                     0.90       0.90 f
  mode (in)                                0.20       1.10 f
  U25/Y (CLKINVX1M)                        0.45       1.55 r
  U23/Y (BUFX10M)                          0.55       2.10 r
  U10/Y (AO22X8M)                          0.98       3.08 r
  result[2] (out)                          0.00       3.08 r
  data arrival time                                   3.08

  clock MASTER_CLK (rise edge)             4.50       4.50
  clock network delay (ideal)              0.00       4.50
  clock uncertainty                       -0.20       4.30
  output external delay                   -0.90       3.40
  data required time                                  3.40
  -----------------------------------------------------------
  data required time                                  3.40
  data arrival time                                  -3.08
  -----------------------------------------------------------
  slack (MET)                                         0.32


  Startpoint: mode (input port clocked by MASTER_CLK)
  Endpoint: result[1] (output port clocked by MASTER_CLK)
  Path Group: INOUT
  Path Type: max

  Des/Clust/Port     Wire Load Model       Library
  ------------------------------------------------
  alu8_top           tsmc13_wl30           scmetro_tsmc_cl013g_rvt_ss_1p08v_125c

  Point                                    Incr       Path
  -----------------------------------------------------------
  clock MASTER_CLK (rise edge)             0.00       0.00
  clock network delay (ideal)              0.00       0.00
  input external delay                     0.90       0.90 f
  mode (in)                                0.20       1.10 f
  U25/Y (CLKINVX1M)                        0.45       1.55 r
  U23/Y (BUFX10M)                          0.55       2.10 r
  U11/Y (AO22X8M)                          0.98       3.08 r
  result[1] (out)                          0.00       3.08 r
  data arrival time                                   3.08

  clock MASTER_CLK (rise edge)             4.50       4.50
  clock network delay (ideal)              0.00       4.50
  clock uncertainty                       -0.20       4.30
  output external delay                   -0.90       3.40
  data required time                                  3.40
  -----------------------------------------------------------
  data required time                                  3.40
  data arrival time                                  -3.08
  -----------------------------------------------------------
  slack (MET)                                         0.32


  Startpoint: mode (input port clocked by MASTER_CLK)
  Endpoint: result[0] (output port clocked by MASTER_CLK)
  Path Group: INOUT
  Path Type: max

  Des/Clust/Port     Wire Load Model       Library
  ------------------------------------------------
  alu8_top           tsmc13_wl30           scmetro_tsmc_cl013g_rvt_ss_1p08v_125c

  Point                                    Incr       Path
  -----------------------------------------------------------
  clock MASTER_CLK (rise edge)             0.00       0.00
  clock network delay (ideal)              0.00       0.00
  input external delay                     0.90       0.90 f
  mode (in)                                0.20       1.10 f
  U25/Y (CLKINVX1M)                        0.45       1.55 r
  U23/Y (BUFX10M)                          0.55       2.10 r
  U18/Y (AO22X8M)                          0.98       3.08 r
  result[0] (out)                          0.00       3.08 r
  data arrival time                                   3.08

  clock MASTER_CLK (rise edge)             4.50       4.50
  clock network delay (ideal)              0.00       4.50
  clock uncertainty                       -0.20       4.30
  output external delay                   -0.90       3.40
  data required time                                  3.40
  -----------------------------------------------------------
  data required time                                  3.40
  data arrival time                                  -3.08
  -----------------------------------------------------------
  slack (MET)                                         0.32


  Startpoint: mode (input port clocked by MASTER_CLK)
  Endpoint: valid (output port clocked by MASTER_CLK)
  Path Group: INOUT
  Path Type: max

  Des/Clust/Port     Wire Load Model       Library
  ------------------------------------------------
  alu8_top           tsmc13_wl30           scmetro_tsmc_cl013g_rvt_ss_1p08v_125c

  Point                                    Incr       Path
  -----------------------------------------------------------
  clock MASTER_CLK (rise edge)             0.00       0.00
  clock network delay (ideal)              0.00       0.00
  input external delay                     0.90       0.90 f
  mode (in)                                0.20       1.10 f
  U25/Y (CLKINVX1M)                        0.45       1.55 r
  U23/Y (BUFX10M)                          0.55       2.10 r
  U2/Y (AO22X8M)                           0.98       3.08 r
  valid (out)                              0.00       3.08 r
  data arrival time                                   3.08

  clock MASTER_CLK (rise edge)             4.50       4.50
  clock network delay (ideal)              0.00       4.50
  clock uncertainty                       -0.20       4.30
  output external delay                   -0.90       3.40
  data required time                                  3.40
  -----------------------------------------------------------
  data required time                                  3.40
  data arrival time                                  -3.08
  -----------------------------------------------------------
  slack (MET)                                         0.32


  Startpoint: mode (input port clocked by MASTER_CLK)
  Endpoint: result[15] (output port clocked by MASTER_CLK)
  Path Group: INOUT
  Path Type: max

  Des/Clust/Port     Wire Load Model       Library
  ------------------------------------------------
  alu8_top           tsmc13_wl30           scmetro_tsmc_cl013g_rvt_ss_1p08v_125c

  Point                                    Incr       Path
  -----------------------------------------------------------
  clock MASTER_CLK (rise edge)             0.00       0.00
  clock network delay (ideal)              0.00       0.00
  input external delay                     0.90       0.90 r
  mode (in)                                0.35       1.25 r
  U24/Y (CLKBUFX12M)                       0.79       2.04 r
  U32/Y (AND2X8M)                          0.94       2.98 r
  result[15] (out)                         0.00       2.98 r
  data arrival time                                   2.98

  clock MASTER_CLK (rise edge)             4.50       4.50
  clock network delay (ideal)              0.00       4.50
  clock uncertainty                       -0.20       4.30
  output external delay                   -0.90       3.40
  data required time                                  3.40
  -----------------------------------------------------------
  data required time                                  3.40
  data arrival time                                  -2.98
  -----------------------------------------------------------
  slack (MET)                                         0.42


  Startpoint: mode (input port clocked by MASTER_CLK)
  Endpoint: result[14] (output port clocked by MASTER_CLK)
  Path Group: INOUT
  Path Type: max

  Des/Clust/Port     Wire Load Model       Library
  ------------------------------------------------
  alu8_top           tsmc13_wl30           scmetro_tsmc_cl013g_rvt_ss_1p08v_125c

  Point                                    Incr       Path
  -----------------------------------------------------------
  clock MASTER_CLK (rise edge)             0.00       0.00
  clock network delay (ideal)              0.00       0.00
  input external delay                     0.90       0.90 r
  mode (in)                                0.35       1.25 r
  U24/Y (CLKBUFX12M)                       0.79       2.04 r
  U21/Y (AND2X8M)                          0.94       2.98 r
  result[14] (out)                         0.00       2.98 r
  data arrival time                                   2.98

  clock MASTER_CLK (rise edge)             4.50       4.50
  clock network delay (ideal)              0.00       4.50
  clock uncertainty                       -0.20       4.30
  output external delay                   -0.90       3.40
  data required time                                  3.40
  -----------------------------------------------------------
  data required time                                  3.40
  data arrival time                                  -2.98
  -----------------------------------------------------------
  slack (MET)                                         0.42


  Startpoint: mode (input port clocked by MASTER_CLK)
  Endpoint: result[13] (output port clocked by MASTER_CLK)
  Path Group: INOUT
  Path Type: max

  Des/Clust/Port     Wire Load Model       Library
  ------------------------------------------------
  alu8_top           tsmc13_wl30           scmetro_tsmc_cl013g_rvt_ss_1p08v_125c

  Point                                    Incr       Path
  -----------------------------------------------------------
  clock MASTER_CLK (rise edge)             0.00       0.00
  clock network delay (ideal)              0.00       0.00
  input external delay                     0.90       0.90 r
  mode (in)                                0.35       1.25 r
  U24/Y (CLKBUFX12M)                       0.79       2.04 r
  U33/Y (AND2X8M)                          0.94       2.98 r
  result[13] (out)                         0.00       2.98 r
  data arrival time                                   2.98

  clock MASTER_CLK (rise edge)             4.50       4.50
  clock network delay (ideal)              0.00       4.50
  clock uncertainty                       -0.20       4.30
  output external delay                   -0.90       3.40
  data required time                                  3.40
  -----------------------------------------------------------
  data required time                                  3.40
  data arrival time                                  -2.98
  -----------------------------------------------------------
  slack (MET)                                         0.42


  Startpoint: mode (input port clocked by MASTER_CLK)
  Endpoint: result[12] (output port clocked by MASTER_CLK)
  Path Group: INOUT
  Path Type: max

  Des/Clust/Port     Wire Load Model       Library
  ------------------------------------------------
  alu8_top           tsmc13_wl30           scmetro_tsmc_cl013g_rvt_ss_1p08v_125c

  Point                                    Incr       Path
  -----------------------------------------------------------
  clock MASTER_CLK (rise edge)             0.00       0.00
  clock network delay (ideal)              0.00       0.00
  input external delay                     0.90       0.90 r
  mode (in)                                0.35       1.25 r
  U24/Y (CLKBUFX12M)                       0.79       2.04 r
  U37/Y (AND2X8M)                          0.94       2.98 r
  result[12] (out)                         0.00       2.98 r
  data arrival time                                   2.98

  clock MASTER_CLK (rise edge)             4.50       4.50
  clock network delay (ideal)              0.00       4.50
  clock uncertainty                       -0.20       4.30
  output external delay                   -0.90       3.40
  data required time                                  3.40
  -----------------------------------------------------------
  data required time                                  3.40
  data arrival time                                  -2.98
  -----------------------------------------------------------
  slack (MET)                                         0.42


  Startpoint: mode (input port clocked by MASTER_CLK)
  Endpoint: result[11] (output port clocked by MASTER_CLK)
  Path Group: INOUT
  Path Type: max

  Des/Clust/Port     Wire Load Model       Library
  ------------------------------------------------
  alu8_top           tsmc13_wl30           scmetro_tsmc_cl013g_rvt_ss_1p08v_125c

  Point                                    Incr       Path
  -----------------------------------------------------------
  clock MASTER_CLK (rise edge)             0.00       0.00
  clock network delay (ideal)              0.00       0.00
  input external delay                     0.90       0.90 r
  mode (in)                                0.35       1.25 r
  U24/Y (CLKBUFX12M)                       0.79       2.04 r
  U36/Y (AND2X8M)                          0.94       2.98 r
  result[11] (out)                         0.00       2.98 r
  data arrival time                                   2.98

  clock MASTER_CLK (rise edge)             4.50       4.50
  clock network delay (ideal)              0.00       4.50
  clock uncertainty                       -0.20       4.30
  output external delay                   -0.90       3.40
  data required time                                  3.40
  -----------------------------------------------------------
  data required time                                  3.40
  data arrival time                                  -2.98
  -----------------------------------------------------------
  slack (MET)                                         0.42


  Startpoint: mode (input port clocked by MASTER_CLK)
  Endpoint: result[10] (output port clocked by MASTER_CLK)
  Path Group: INOUT
  Path Type: max

  Des/Clust/Port     Wire Load Model       Library
  ------------------------------------------------
  alu8_top           tsmc13_wl30           scmetro_tsmc_cl013g_rvt_ss_1p08v_125c

  Point                                    Incr       Path
  -----------------------------------------------------------
  clock MASTER_CLK (rise edge)             0.00       0.00
  clock network delay (ideal)              0.00       0.00
  input external delay                     0.90       0.90 r
  mode (in)                                0.35       1.25 r
  U24/Y (CLKBUFX12M)                       0.79       2.04 r
  U35/Y (AND2X8M)                          0.94       2.98 r
  result[10] (out)                         0.00       2.98 r
  data arrival time                                   2.98

  clock MASTER_CLK (rise edge)             4.50       4.50
  clock network delay (ideal)              0.00       4.50
  clock uncertainty                       -0.20       4.30
  output external delay                   -0.90       3.40
  data required time                                  3.40
  -----------------------------------------------------------
  data required time                                  3.40
  data arrival time                                  -2.98
  -----------------------------------------------------------
  slack (MET)                                         0.42


  Startpoint: mode (input port clocked by MASTER_CLK)
  Endpoint: result[9] (output port clocked by MASTER_CLK)
  Path Group: INOUT
  Path Type: max

  Des/Clust/Port     Wire Load Model       Library
  ------------------------------------------------
  alu8_top           tsmc13_wl30           scmetro_tsmc_cl013g_rvt_ss_1p08v_125c

  Point                                    Incr       Path
  -----------------------------------------------------------
  clock MASTER_CLK (rise edge)             0.00       0.00
  clock network delay (ideal)              0.00       0.00
  input external delay                     0.90       0.90 r
  mode (in)                                0.35       1.25 r
  U24/Y (CLKBUFX12M)                       0.79       2.04 r
  U34/Y (AND2X8M)                          0.94       2.98 r
  result[9] (out)                          0.00       2.98 r
  data arrival time                                   2.98

  clock MASTER_CLK (rise edge)             4.50       4.50
  clock network delay (ideal)              0.00       4.50
  clock uncertainty                       -0.20       4.30
  output external delay                   -0.90       3.40
  data required time                                  3.40
  -----------------------------------------------------------
  data required time                                  3.40
  data arrival time                                  -2.98
  -----------------------------------------------------------
  slack (MET)                                         0.42


  Startpoint: a[1] (input port clocked by MASTER_CLK)
  Endpoint: u_add/cout_reg
            (rising edge-triggered flip-flop clocked by MASTER_CLK)
  Path Group: INREG
  Path Type: max

  Des/Clust/Port     Wire Load Model       Library
  ------------------------------------------------
  alu8_top           tsmc13_wl30           scmetro_tsmc_cl013g_rvt_ss_1p08v_125c

  Point                                                   Incr       Path
  --------------------------------------------------------------------------
  clock MASTER_CLK (rise edge)                            0.00       0.00
  clock network delay (ideal)                             0.00       0.00
  input external delay                                    0.90       0.90 r
  a[1] (in)                                               0.73       1.63 r
  u_add/a[1] (add_unit)                                   0.00       1.63 r
  u_add/add_34/A[1] (add_unit_DW01_add_0)                 0.00       1.63 r
  u_add/add_34/U1/Y (CLKNAND2X8M)                         0.33       1.96 f
  u_add/add_34/U4/Y (CLKNAND2X12M)                        0.16       2.12 r
  u_add/add_34/U5/Y (OR2X12M)                             0.18       2.29 r
  u_add/add_34/U1_2/CO (ADDFHX8M)                         0.23       2.52 r
  u_add/add_34/U1_3/CO (ADDFHX8M)                         0.23       2.75 r
  u_add/add_34/U1_4/CO (ADDFHX8M)                         0.23       2.99 r
  u_add/add_34/U1_5/CO (ADDFHX8M)                         0.23       3.22 r
  u_add/add_34/U1_6/CO (ADDFHX8M)                         0.23       3.46 r
  u_add/add_34/U1_7/CO (ADDFHX8M)                         0.24       3.70 r
  u_add/add_34/SUM[8] (add_unit_DW01_add_0)               0.00       3.70 r
  u_add/U10/Y (NAND2X12M)                                 0.09       3.79 f
  u_add/U4/Y (NAND2X4M)                                   0.18       3.96 r
  u_add/cout_reg/D (DFFRQX1M)                             0.00       3.96 r
  data arrival time                                                  3.96

  clock MASTER_CLK (rise edge)                            4.50       4.50
  clock network delay (ideal)                             0.00       4.50
  clock uncertainty                                      -0.20       4.30
  u_add/cout_reg/CK (DFFRQX1M)                            0.00       4.30 r
  library setup time                                     -0.34       3.96
  data required time                                                 3.96
  --------------------------------------------------------------------------
  data required time                                                 3.96
  data arrival time                                                 -3.96
  --------------------------------------------------------------------------
  slack (MET)                                                        0.00


  Startpoint: a[0] (input port clocked by MASTER_CLK)
  Endpoint: u_add/sum_reg[7]
            (rising edge-triggered flip-flop clocked by MASTER_CLK)
  Path Group: INREG
  Path Type: max

  Des/Clust/Port     Wire Load Model       Library
  ------------------------------------------------
  alu8_top           tsmc13_wl30           scmetro_tsmc_cl013g_rvt_ss_1p08v_125c

  Point                                                   Incr       Path
  --------------------------------------------------------------------------
  clock MASTER_CLK (rise edge)                            0.00       0.00
  clock network delay (ideal)                             0.00       0.00
  input external delay                                    0.90       0.90 f
  a[0] (in)                                               0.12       1.02 f
  U22/Y (BUFX8M)                                          0.22       1.24 f
  u_add/a[0] (add_unit)                                   0.00       1.24 f
  u_add/add_34/A[0] (add_unit_DW01_add_0)                 0.00       1.24 f
  u_add/add_34/U3/Y (CLKAND2X16M)                         0.24       1.48 f
  u_add/add_34/U1/Y (CLKNAND2X8M)                         0.14       1.61 r
  u_add/add_34/U4/Y (CLKNAND2X12M)                        0.16       1.77 f
  u_add/add_34/U5/Y (OR2X12M)                             0.20       1.98 f
  u_add/add_34/U1_2/CO (ADDFHX8M)                         0.27       2.25 f
  u_add/add_34/U1_3/CO (ADDFHX8M)                         0.28       2.53 f
  u_add/add_34/U1_4/CO (ADDFHX8M)                         0.28       2.82 f
  u_add/add_34/U1_5/CO (ADDFHX8M)                         0.28       3.10 f
  u_add/add_34/U1_6/CO (ADDFHX8M)                         0.28       3.39 f
  u_add/add_34/U1_7/S (ADDFHX8M)                          0.38       3.76 r
  u_add/add_34/SUM[7] (add_unit_DW01_add_0)               0.00       3.76 r
  u_add/U5/Y (NAND2X12M)                                  0.10       3.86 f
  u_add/U8/Y (CLKNAND2X12M)                               0.13       3.99 r
  u_add/sum_reg[7]/D (DFFRQX2M)                           0.00       3.99 r
  data arrival time                                                  3.99

  clock MASTER_CLK (rise edge)                            4.50       4.50
  clock network delay (ideal)                             0.00       4.50
  clock uncertainty                                      -0.20       4.30
  u_add/sum_reg[7]/CK (DFFRQX2M)                          0.00       4.30 r
  library setup time                                     -0.31       3.99
  data required time                                                 3.99
  --------------------------------------------------------------------------
  data required time                                                 3.99
  data arrival time                                                 -3.99
  --------------------------------------------------------------------------
  slack (MET)                                                        0.00


  Startpoint: a[1] (input port clocked by MASTER_CLK)
  Endpoint: u_add/sum_reg[5]
            (rising edge-triggered flip-flop clocked by MASTER_CLK)
  Path Group: INREG
  Path Type: max

  Des/Clust/Port     Wire Load Model       Library
  ------------------------------------------------
  alu8_top           tsmc13_wl30           scmetro_tsmc_cl013g_rvt_ss_1p08v_125c

  Point                                                   Incr       Path
  --------------------------------------------------------------------------
  clock MASTER_CLK (rise edge)                            0.00       0.00
  clock network delay (ideal)                             0.00       0.00
  input external delay                                    0.90       0.90 r
  a[1] (in)                                               0.73       1.63 r
  u_add/a[1] (add_unit)                                   0.00       1.63 r
  u_add/add_34/A[1] (add_unit_DW01_add_0)                 0.00       1.63 r
  u_add/add_34/U1/Y (CLKNAND2X8M)                         0.33       1.96 f
  u_add/add_34/U4/Y (CLKNAND2X12M)                        0.16       2.12 r
  u_add/add_34/U5/Y (OR2X12M)                             0.18       2.29 r
  u_add/add_34/U1_2/CO (ADDFHX8M)                         0.23       2.52 r
  u_add/add_34/U1_3/CO (ADDFHX8M)                         0.23       2.75 r
  u_add/add_34/U1_4/CO (ADDFHX8M)                         0.23       2.99 r
  u_add/add_34/U1_5/S (ADDFHX8M)                          0.37       3.36 f
  u_add/add_34/SUM[5] (add_unit_DW01_add_0)               0.00       3.36 f
  u_add/U16/Y (AO22X1M)                                   0.61       3.97 f
  u_add/sum_reg[5]/D (DFFRQX1M)                           0.00       3.97 f
  data arrival time                                                  3.97

  clock MASTER_CLK (rise edge)                            4.50       4.50
  clock network delay (ideal)                             0.00       4.50
  clock uncertainty                                      -0.20       4.30
  u_add/sum_reg[5]/CK (DFFRQX1M)                          0.00       4.30 r
  library setup time                                     -0.18       4.12
  data required time                                                 4.12
  --------------------------------------------------------------------------
  data required time                                                 4.12
  data arrival time                                                 -3.97
  --------------------------------------------------------------------------
  slack (MET)                                                        0.16


  Startpoint: a[0] (input port clocked by MASTER_CLK)
  Endpoint: u_add/sum_reg[6]
            (rising edge-triggered flip-flop clocked by MASTER_CLK)
  Path Group: INREG
  Path Type: max

  Des/Clust/Port     Wire Load Model       Library
  ------------------------------------------------
  alu8_top           tsmc13_wl30           scmetro_tsmc_cl013g_rvt_ss_1p08v_125c

  Point                                                   Incr       Path
  --------------------------------------------------------------------------
  clock MASTER_CLK (rise edge)                            0.00       0.00
  clock network delay (ideal)                             0.00       0.00
  input external delay                                    0.90       0.90 f
  a[0] (in)                                               0.12       1.02 f
  U22/Y (BUFX8M)                                          0.22       1.24 f
  u_add/a[0] (add_unit)                                   0.00       1.24 f
  u_add/add_34/A[0] (add_unit_DW01_add_0)                 0.00       1.24 f
  u_add/add_34/U3/Y (CLKAND2X16M)                         0.24       1.48 f
  u_add/add_34/U1/Y (CLKNAND2X8M)                         0.14       1.61 r
  u_add/add_34/U4/Y (CLKNAND2X12M)                        0.16       1.77 f
  u_add/add_34/U5/Y (OR2X12M)                             0.20       1.98 f
  u_add/add_34/U1_2/CO (ADDFHX8M)                         0.27       2.25 f
  u_add/add_34/U1_3/CO (ADDFHX8M)                         0.28       2.53 f
  u_add/add_34/U1_4/CO (ADDFHX8M)                         0.28       2.82 f
  u_add/add_34/U1_5/CO (ADDFHX8M)                         0.28       3.10 f
  u_add/add_34/U1_6/S (ADDFHX8M)                          0.38       3.48 r
  u_add/add_34/SUM[6] (add_unit_DW01_add_0)               0.00       3.48 r
  u_add/U7/Y (NAND2X12M)                                  0.10       3.58 f
  u_add/U6/Y (NAND2X12M)                                  0.13       3.71 r
  u_add/sum_reg[6]/D (DFFRQX2M)                           0.00       3.71 r
  data arrival time                                                  3.71

  clock MASTER_CLK (rise edge)                            4.50       4.50
  clock network delay (ideal)                             0.00       4.50
  clock uncertainty                                      -0.20       4.30
  u_add/sum_reg[6]/CK (DFFRQX2M)                          0.00       4.30 r
  library setup time                                     -0.31       3.99
  data required time                                                 3.99
  --------------------------------------------------------------------------
  data required time                                                 3.99
  data arrival time                                                 -3.71
  --------------------------------------------------------------------------
  slack (MET)                                                        0.28


  Startpoint: a[1] (input port clocked by MASTER_CLK)
  Endpoint: u_add/sum_reg[4]
            (rising edge-triggered flip-flop clocked by MASTER_CLK)
  Path Group: INREG
  Path Type: max

  Des/Clust/Port     Wire Load Model       Library
  ------------------------------------------------
  alu8_top           tsmc13_wl30           scmetro_tsmc_cl013g_rvt_ss_1p08v_125c

  Point                                                   Incr       Path
  --------------------------------------------------------------------------
  clock MASTER_CLK (rise edge)                            0.00       0.00
  clock network delay (ideal)                             0.00       0.00
  input external delay                                    0.90       0.90 r
  a[1] (in)                                               0.73       1.63 r
  u_add/a[1] (add_unit)                                   0.00       1.63 r
  u_add/add_34/A[1] (add_unit_DW01_add_0)                 0.00       1.63 r
  u_add/add_34/U1/Y (CLKNAND2X8M)                         0.33       1.96 f
  u_add/add_34/U4/Y (CLKNAND2X12M)                        0.16       2.12 r
  u_add/add_34/U5/Y (OR2X12M)                             0.18       2.29 r
  u_add/add_34/U1_2/CO (ADDFHX8M)                         0.23       2.52 r
  u_add/add_34/U1_3/CO (ADDFHX8M)                         0.23       2.75 r
  u_add/add_34/U1_4/S (ADDFHX8M)                          0.37       3.12 f
  u_add/add_34/SUM[4] (add_unit_DW01_add_0)               0.00       3.12 f
  u_add/U15/Y (AO22X1M)                                   0.61       3.73 f
  u_add/sum_reg[4]/D (DFFRQX1M)                           0.00       3.73 f
  data arrival time                                                  3.73

  clock MASTER_CLK (rise edge)                            4.50       4.50
  clock network delay (ideal)                             0.00       4.50
  clock uncertainty                                      -0.20       4.30
  u_add/sum_reg[4]/CK (DFFRQX1M)                          0.00       4.30 r
  library setup time                                     -0.18       4.12
  data required time                                                 4.12
  --------------------------------------------------------------------------
  data required time                                                 4.12
  data arrival time                                                 -3.73
  --------------------------------------------------------------------------
  slack (MET)                                                        0.39


  Startpoint: a[1] (input port clocked by MASTER_CLK)
  Endpoint: u_add/sum_reg[3]
            (rising edge-triggered flip-flop clocked by MASTER_CLK)
  Path Group: INREG
  Path Type: max

  Des/Clust/Port     Wire Load Model       Library
  ------------------------------------------------
  alu8_top           tsmc13_wl30           scmetro_tsmc_cl013g_rvt_ss_1p08v_125c

  Point                                                   Incr       Path
  --------------------------------------------------------------------------
  clock MASTER_CLK (rise edge)                            0.00       0.00
  clock network delay (ideal)                             0.00       0.00
  input external delay                                    0.90       0.90 r
  a[1] (in)                                               0.73       1.63 r
  u_add/a[1] (add_unit)                                   0.00       1.63 r
  u_add/add_34/A[1] (add_unit_DW01_add_0)                 0.00       1.63 r
  u_add/add_34/U1/Y (CLKNAND2X8M)                         0.33       1.96 f
  u_add/add_34/U4/Y (CLKNAND2X12M)                        0.16       2.12 r
  u_add/add_34/U5/Y (OR2X12M)                             0.18       2.29 r
  u_add/add_34/U1_2/CO (ADDFHX8M)                         0.23       2.52 r
  u_add/add_34/U1_3/S (ADDFHX8M)                          0.37       2.89 f
  u_add/add_34/SUM[3] (add_unit_DW01_add_0)               0.00       2.89 f
  u_add/U20/Y (AO22X1M)                                   0.61       3.50 f
  u_add/sum_reg[3]/D (DFFRQX1M)                           0.00       3.50 f
  data arrival time                                                  3.50

  clock MASTER_CLK (rise edge)                            4.50       4.50
  clock network delay (ideal)                             0.00       4.50
  clock uncertainty                                      -0.20       4.30
  u_add/sum_reg[3]/CK (DFFRQX1M)                          0.00       4.30 r
  library setup time                                     -0.18       4.12
  data required time                                                 4.12
  --------------------------------------------------------------------------
  data required time                                                 4.12
  data arrival time                                                 -3.50
  --------------------------------------------------------------------------
  slack (MET)                                                        0.63


  Startpoint: a[1] (input port clocked by MASTER_CLK)
  Endpoint: u_add/sum_reg[2]
            (rising edge-triggered flip-flop clocked by MASTER_CLK)
  Path Group: INREG
  Path Type: max

  Des/Clust/Port     Wire Load Model       Library
  ------------------------------------------------
  alu8_top           tsmc13_wl30           scmetro_tsmc_cl013g_rvt_ss_1p08v_125c

  Point                                                   Incr       Path
  --------------------------------------------------------------------------
  clock MASTER_CLK (rise edge)                            0.00       0.00
  clock network delay (ideal)                             0.00       0.00
  input external delay                                    0.90       0.90 r
  a[1] (in)                                               0.73       1.63 r
  u_add/a[1] (add_unit)                                   0.00       1.63 r
  u_add/add_34/A[1] (add_unit_DW01_add_0)                 0.00       1.63 r
  u_add/add_34/U1/Y (CLKNAND2X8M)                         0.33       1.96 f
  u_add/add_34/U4/Y (CLKNAND2X12M)                        0.16       2.12 r
  u_add/add_34/U5/Y (OR2X12M)                             0.18       2.29 r
  u_add/add_34/U1_2/S (ADDFHX8M)                          0.36       2.65 f
  u_add/add_34/SUM[2] (add_unit_DW01_add_0)               0.00       2.65 f
  u_add/U19/Y (AO22X1M)                                   0.61       3.26 f
  u_add/sum_reg[2]/D (DFFRQX1M)                           0.00       3.26 f
  data arrival time                                                  3.26

  clock MASTER_CLK (rise edge)                            4.50       4.50
  clock network delay (ideal)                             0.00       4.50
  clock uncertainty                                      -0.20       4.30
  u_add/sum_reg[2]/CK (DFFRQX1M)                          0.00       4.30 r
  library setup time                                     -0.18       4.12
  data required time                                                 4.12
  --------------------------------------------------------------------------
  data required time                                                 4.12
  data arrival time                                                 -3.26
  --------------------------------------------------------------------------
  slack (MET)                                                        0.86


  Startpoint: b[0] (input port clocked by MASTER_CLK)
  Endpoint: u_add/sum_reg[1]
            (rising edge-triggered flip-flop clocked by MASTER_CLK)
  Path Group: INREG
  Path Type: max

  Des/Clust/Port     Wire Load Model       Library
  ------------------------------------------------
  alu8_top           tsmc13_wl30           scmetro_tsmc_cl013g_rvt_ss_1p08v_125c

  Point                                                   Incr       Path
  --------------------------------------------------------------------------
  clock MASTER_CLK (rise edge)                            0.00       0.00
  clock network delay (ideal)                             0.00       0.00
  input external delay                                    0.90       0.90 r
  b[0] (in)                                               0.19       1.09 r
  U20/Y (BUFX8M)                                          0.28       1.37 r
  u_add/b[0] (add_unit)                                   0.00       1.37 r
  u_add/add_34/B[0] (add_unit_DW01_add_0)                 0.00       1.37 r
  u_add/add_34/U3/Y (CLKAND2X16M)                         0.28       1.65 r
  u_add/add_34/U7/Y (XOR3XLM)                             0.85       2.50 r
  u_add/add_34/SUM[1] (add_unit_DW01_add_0)               0.00       2.50 r
  u_add/U18/Y (AO22X1M)                                   0.52       3.02 r
  u_add/sum_reg[1]/D (DFFRQX2M)                           0.00       3.02 r
  data arrival time                                                  3.02

  clock MASTER_CLK (rise edge)                            4.50       4.50
  clock network delay (ideal)                             0.00       4.50
  clock uncertainty                                      -0.20       4.30
  u_add/sum_reg[1]/CK (DFFRQX2M)                          0.00       4.30 r
  library setup time                                     -0.35       3.95
  data required time                                                 3.95
  --------------------------------------------------------------------------
  data required time                                                 3.95
  data arrival time                                                 -3.02
  --------------------------------------------------------------------------
  slack (MET)                                                        0.93


  Startpoint: a[0] (input port clocked by MASTER_CLK)
  Endpoint: u_add/sum_reg[0]
            (rising edge-triggered flip-flop clocked by MASTER_CLK)
  Path Group: INREG
  Path Type: max

  Des/Clust/Port     Wire Load Model       Library
  ------------------------------------------------
  alu8_top           tsmc13_wl30           scmetro_tsmc_cl013g_rvt_ss_1p08v_125c

  Point                                                   Incr       Path
  --------------------------------------------------------------------------
  clock MASTER_CLK (rise edge)                            0.00       0.00
  clock network delay (ideal)                             0.00       0.00
  input external delay                                    0.90       0.90 r
  a[0] (in)                                               0.19       1.09 r
  U22/Y (BUFX8M)                                          0.28       1.37 r
  u_add/a[0] (add_unit)                                   0.00       1.37 r
  u_add/add_34/A[0] (add_unit_DW01_add_0)                 0.00       1.37 r
  u_add/add_34/U8/Y (CLKXOR2X2M)                          0.53       1.91 f
  u_add/add_34/SUM[0] (add_unit_DW01_add_0)               0.00       1.91 f
  u_add/U17/Y (AO22X1M)                                   0.69       2.60 f
  u_add/sum_reg[0]/D (DFFRQX2M)                           0.00       2.60 f
  data arrival time                                                  2.60

  clock MASTER_CLK (rise edge)                            4.50       4.50
  clock network delay (ideal)                             0.00       4.50
  clock uncertainty                                      -0.20       4.30
  u_add/sum_reg[0]/CK (DFFRQX2M)                          0.00       4.30 r
  library setup time                                     -0.20       4.10
  data required time                                                 4.10
  --------------------------------------------------------------------------
  data required time                                                 4.10
  data arrival time                                                 -2.60
  --------------------------------------------------------------------------
  slack (MET)                                                        1.50


  Startpoint: b[1] (input port clocked by MASTER_CLK)
  Endpoint: u_mul/b_reg_reg[1]
            (rising edge-triggered flip-flop clocked by MASTER_CLK)
  Path Group: INREG
  Path Type: max

  Des/Clust/Port     Wire Load Model       Library
  ------------------------------------------------
  alu8_top           tsmc13_wl30           scmetro_tsmc_cl013g_rvt_ss_1p08v_125c

  Point                                    Incr       Path
  -----------------------------------------------------------
  clock MASTER_CLK (rise edge)             0.00       0.00
  clock network delay (ideal)              0.00       0.00
  input external delay                     0.90       0.90 r
  b[1] (in)                                0.72       1.62 r
  u_mul/b[1] (mult_unit)                   0.00       1.62 r
  u_mul/b_reg_reg[1]/D (DFFRHQX2M)         0.00       1.62 r
  data arrival time                                   1.62

  clock MASTER_CLK (rise edge)             4.50       4.50
  clock network delay (ideal)              0.00       4.50
  clock uncertainty                       -0.20       4.30
  u_mul/b_reg_reg[1]/CK (DFFRHQX2M)        0.00       4.30 r
  library setup time                      -0.26       4.04
  data required time                                  4.04
  -----------------------------------------------------------
  data required time                                  4.04
  data arrival time                                  -1.62
  -----------------------------------------------------------
  slack (MET)                                         2.43


  Startpoint: a[1] (input port clocked by MASTER_CLK)
  Endpoint: u_mul/a_reg_reg[1]
            (rising edge-triggered flip-flop clocked by MASTER_CLK)
  Path Group: INREG
  Path Type: max

  Des/Clust/Port     Wire Load Model       Library
  ------------------------------------------------
  alu8_top           tsmc13_wl30           scmetro_tsmc_cl013g_rvt_ss_1p08v_125c

  Point                                    Incr       Path
  -----------------------------------------------------------
  clock MASTER_CLK (rise edge)             0.00       0.00
  clock network delay (ideal)              0.00       0.00
  input external delay                     0.90       0.90 r
  a[1] (in)                                0.73       1.63 r
  u_mul/a[1] (mult_unit)                   0.00       1.63 r
  u_mul/a_reg_reg[1]/D (DFFRHQX8M)         0.00       1.63 r
  data arrival time                                   1.63

  clock MASTER_CLK (rise edge)             4.50       4.50
  clock network delay (ideal)              0.00       4.50
  clock uncertainty                       -0.20       4.30
  u_mul/a_reg_reg[1]/CK (DFFRHQX8M)        0.00       4.30 r
  library setup time                      -0.24       4.06
  data required time                                  4.06
  -----------------------------------------------------------
  data required time                                  4.06
  data arrival time                                  -1.63
  -----------------------------------------------------------
  slack (MET)                                         2.43


  Startpoint: a[7] (input port clocked by MASTER_CLK)
  Endpoint: u_mul/a_reg_reg[7]
            (rising edge-triggered flip-flop clocked by MASTER_CLK)
  Path Group: INREG
  Path Type: max

  Des/Clust/Port     Wire Load Model       Library
  ------------------------------------------------
  alu8_top           tsmc13_wl30           scmetro_tsmc_cl013g_rvt_ss_1p08v_125c

  Point                                    Incr       Path
  -----------------------------------------------------------
  clock MASTER_CLK (rise edge)             0.00       0.00
  clock network delay (ideal)              0.00       0.00
  input external delay                     0.90       0.90 r
  a[7] (in)                                0.45       1.35 r
  u_mul/a[7] (mult_unit)                   0.00       1.35 r
  u_mul/a_reg_reg[7]/D (DFFRX4M)           0.00       1.35 r
  data arrival time                                   1.35

  clock MASTER_CLK (rise edge)             4.50       4.50
  clock network delay (ideal)              0.00       4.50
  clock uncertainty                       -0.20       4.30
  u_mul/a_reg_reg[7]/CK (DFFRX4M)          0.00       4.30 r
  library setup time                      -0.32       3.98
  data required time                                  3.98
  -----------------------------------------------------------
  data required time                                  3.98
  data arrival time                                  -1.35
  -----------------------------------------------------------
  slack (MET)                                         2.63


  Startpoint: b[2] (input port clocked by MASTER_CLK)
  Endpoint: u_mul/b_reg_reg[2]
            (rising edge-triggered flip-flop clocked by MASTER_CLK)
  Path Group: INREG
  Path Type: max

  Des/Clust/Port     Wire Load Model       Library
  ------------------------------------------------
  alu8_top           tsmc13_wl30           scmetro_tsmc_cl013g_rvt_ss_1p08v_125c

  Point                                    Incr       Path
  -----------------------------------------------------------
  clock MASTER_CLK (rise edge)             0.00       0.00
  clock network delay (ideal)              0.00       0.00
  input external delay                     0.90       0.90 r
  b[2] (in)                                0.41       1.31 r
  u_mul/b[2] (mult_unit)                   0.00       1.31 r
  u_mul/b_reg_reg[2]/D (DFFRX2M)           0.00       1.31 r
  data arrival time                                   1.31

  clock MASTER_CLK (rise edge)             4.50       4.50
  clock network delay (ideal)              0.00       4.50
  clock uncertainty                       -0.20       4.30
  u_mul/b_reg_reg[2]/CK (DFFRX2M)          0.00       4.30 r
  library setup time                      -0.32       3.98
  data required time                                  3.98
  -----------------------------------------------------------
  data required time                                  3.98
  data arrival time                                  -1.31
  -----------------------------------------------------------
  slack (MET)                                         2.67


  Startpoint: b[3] (input port clocked by MASTER_CLK)
  Endpoint: u_mul/b_reg_reg[3]
            (rising edge-triggered flip-flop clocked by MASTER_CLK)
  Path Group: INREG
  Path Type: max

  Des/Clust/Port     Wire Load Model       Library
  ------------------------------------------------
  alu8_top           tsmc13_wl30           scmetro_tsmc_cl013g_rvt_ss_1p08v_125c

  Point                                    Incr       Path
  -----------------------------------------------------------
  clock MASTER_CLK (rise edge)             0.00       0.00
  clock network delay (ideal)              0.00       0.00
  input external delay                     0.90       0.90 r
  b[3] (in)                                0.41       1.31 r
  u_mul/b[3] (mult_unit)                   0.00       1.31 r
  u_mul/b_reg_reg[3]/D (DFFRX4M)           0.00       1.31 r
  data arrival time                                   1.31

  clock MASTER_CLK (rise edge)             4.50       4.50
  clock network delay (ideal)              0.00       4.50
  clock uncertainty                       -0.20       4.30
  u_mul/b_reg_reg[3]/CK (DFFRX4M)          0.00       4.30 r
  library setup time                      -0.31       3.99
  data required time                                  3.99
  -----------------------------------------------------------
  data required time                                  3.99
  data arrival time                                  -1.31
  -----------------------------------------------------------
  slack (MET)                                         2.68


  Startpoint: b[0] (input port clocked by MASTER_CLK)
  Endpoint: u_mul/b_reg_reg[0]
            (rising edge-triggered flip-flop clocked by MASTER_CLK)
  Path Group: INREG
  Path Type: max

  Des/Clust/Port     Wire Load Model       Library
  ------------------------------------------------
  alu8_top           tsmc13_wl30           scmetro_tsmc_cl013g_rvt_ss_1p08v_125c

  Point                                    Incr       Path
  -----------------------------------------------------------
  clock MASTER_CLK (rise edge)             0.00       0.00
  clock network delay (ideal)              0.00       0.00
  input external delay                     0.90       0.90 r
  b[0] (in)                                0.19       1.09 r
  U20/Y (BUFX8M)                           0.28       1.37 r
  u_mul/b[0] (mult_unit)                   0.00       1.37 r
  u_mul/b_reg_reg[0]/D (DFFRHQX2M)         0.00       1.37 r
  data arrival time                                   1.37

  clock MASTER_CLK (rise edge)             4.50       4.50
  clock network delay (ideal)              0.00       4.50
  clock uncertainty                       -0.20       4.30
  u_mul/b_reg_reg[0]/CK (DFFRHQX2M)        0.00       4.30 r
  library setup time                      -0.21       4.09
  data required time                                  4.09
  -----------------------------------------------------------
  data required time                                  4.09
  data arrival time                                  -1.37
  -----------------------------------------------------------
  slack (MET)                                         2.72


  Startpoint: a[2] (input port clocked by MASTER_CLK)
  Endpoint: u_mul/a_reg_reg[2]
            (rising edge-triggered flip-flop clocked by MASTER_CLK)
  Path Group: INREG
  Path Type: max

  Des/Clust/Port     Wire Load Model       Library
  ------------------------------------------------
  alu8_top           tsmc13_wl30           scmetro_tsmc_cl013g_rvt_ss_1p08v_125c

  Point                                    Incr       Path
  -----------------------------------------------------------
  clock MASTER_CLK (rise edge)             0.00       0.00
  clock network delay (ideal)              0.00       0.00
  input external delay                     0.90       0.90 r
  a[2] (in)                                0.46       1.36 r
  u_mul/a[2] (mult_unit)                   0.00       1.36 r
  u_mul/a_reg_reg[2]/D (DFFRHQX8M)         0.00       1.36 r
  data arrival time                                   1.36

  clock MASTER_CLK (rise edge)             4.50       4.50
  clock network delay (ideal)              0.00       4.50
  clock uncertainty                       -0.20       4.30
  u_mul/a_reg_reg[2]/CK (DFFRHQX8M)        0.00       4.30 r
  library setup time                      -0.22       4.08
  data required time                                  4.08
  -----------------------------------------------------------
  data required time                                  4.08
  data arrival time                                  -1.36
  -----------------------------------------------------------
  slack (MET)                                         2.72


  Startpoint: a[4] (input port clocked by MASTER_CLK)
  Endpoint: u_mul/a_reg_reg[4]
            (rising edge-triggered flip-flop clocked by MASTER_CLK)
  Path Group: INREG
  Path Type: max

  Des/Clust/Port     Wire Load Model       Library
  ------------------------------------------------
  alu8_top           tsmc13_wl30           scmetro_tsmc_cl013g_rvt_ss_1p08v_125c

  Point                                    Incr       Path
  -----------------------------------------------------------
  clock MASTER_CLK (rise edge)             0.00       0.00
  clock network delay (ideal)              0.00       0.00
  input external delay                     0.90       0.90 r
  a[4] (in)                                0.46       1.36 r
  u_mul/a[4] (mult_unit)                   0.00       1.36 r
  u_mul/a_reg_reg[4]/D (DFFRHQX8M)         0.00       1.36 r
  data arrival time                                   1.36

  clock MASTER_CLK (rise edge)             4.50       4.50
  clock network delay (ideal)              0.00       4.50
  clock uncertainty                       -0.20       4.30
  u_mul/a_reg_reg[4]/CK (DFFRHQX8M)        0.00       4.30 r
  library setup time                      -0.22       4.08
  data required time                                  4.08
  -----------------------------------------------------------
  data required time                                  4.08
  data arrival time                                  -1.36
  -----------------------------------------------------------
  slack (MET)                                         2.72


  Startpoint: a[6] (input port clocked by MASTER_CLK)
  Endpoint: u_mul/a_reg_reg[6]
            (rising edge-triggered flip-flop clocked by MASTER_CLK)
  Path Group: INREG
  Path Type: max

  Des/Clust/Port     Wire Load Model       Library
  ------------------------------------------------
  alu8_top           tsmc13_wl30           scmetro_tsmc_cl013g_rvt_ss_1p08v_125c

  Point                                    Incr       Path
  -----------------------------------------------------------
  clock MASTER_CLK (rise edge)             0.00       0.00
  clock network delay (ideal)              0.00       0.00
  input external delay                     0.90       0.90 r
  a[6] (in)                                0.46       1.36 r
  u_mul/a[6] (mult_unit)                   0.00       1.36 r
  u_mul/a_reg_reg[6]/D (DFFRHQX8M)         0.00       1.36 r
  data arrival time                                   1.36

  clock MASTER_CLK (rise edge)             4.50       4.50
  clock network delay (ideal)              0.00       4.50
  clock uncertainty                       -0.20       4.30
  u_mul/a_reg_reg[6]/CK (DFFRHQX8M)        0.00       4.30 r
  library setup time                      -0.22       4.08
  data required time                                  4.08
  -----------------------------------------------------------
  data required time                                  4.08
  data arrival time                                  -1.36
  -----------------------------------------------------------
  slack (MET)                                         2.72


  Startpoint: a[5] (input port clocked by MASTER_CLK)
  Endpoint: u_mul/a_reg_reg[5]
            (rising edge-triggered flip-flop clocked by MASTER_CLK)
  Path Group: INREG
  Path Type: max

  Des/Clust/Port     Wire Load Model       Library
  ------------------------------------------------
  alu8_top           tsmc13_wl30           scmetro_tsmc_cl013g_rvt_ss_1p08v_125c

  Point                                    Incr       Path
  -----------------------------------------------------------
  clock MASTER_CLK (rise edge)             0.00       0.00
  clock network delay (ideal)              0.00       0.00
  input external delay                     0.90       0.90 r
  a[5] (in)                                0.46       1.36 r
  u_mul/a[5] (mult_unit)                   0.00       1.36 r
  u_mul/a_reg_reg[5]/D (DFFRHQX8M)         0.00       1.36 r
  data arrival time                                   1.36

  clock MASTER_CLK (rise edge)             4.50       4.50
  clock network delay (ideal)              0.00       4.50
  clock uncertainty                       -0.20       4.30
  u_mul/a_reg_reg[5]/CK (DFFRHQX8M)        0.00       4.30 r
  library setup time                      -0.22       4.08
  data required time                                  4.08
  -----------------------------------------------------------
  data required time                                  4.08
  data arrival time                                  -1.36
  -----------------------------------------------------------
  slack (MET)                                         2.72


  Startpoint: a[3] (input port clocked by MASTER_CLK)
  Endpoint: u_mul/a_reg_reg[3]
            (rising edge-triggered flip-flop clocked by MASTER_CLK)
  Path Group: INREG
  Path Type: max

  Des/Clust/Port     Wire Load Model       Library
  ------------------------------------------------
  alu8_top           tsmc13_wl30           scmetro_tsmc_cl013g_rvt_ss_1p08v_125c

  Point                                    Incr       Path
  -----------------------------------------------------------
  clock MASTER_CLK (rise edge)             0.00       0.00
  clock network delay (ideal)              0.00       0.00
  input external delay                     0.90       0.90 r
  a[3] (in)                                0.46       1.36 r
  u_mul/a[3] (mult_unit)                   0.00       1.36 r
  u_mul/a_reg_reg[3]/D (DFFRHQX8M)         0.00       1.36 r
  data arrival time                                   1.36

  clock MASTER_CLK (rise edge)             4.50       4.50
  clock network delay (ideal)              0.00       4.50
  clock uncertainty                       -0.20       4.30
  u_mul/a_reg_reg[3]/CK (DFFRHQX8M)        0.00       4.30 r
  library setup time                      -0.22       4.08
  data required time                                  4.08
  -----------------------------------------------------------
  data required time                                  4.08
  data arrival time                                  -1.36
  -----------------------------------------------------------
  slack (MET)                                         2.72


  Startpoint: a[0] (input port clocked by MASTER_CLK)
  Endpoint: u_mul/a_reg_reg[0]
            (rising edge-triggered flip-flop clocked by MASTER_CLK)
  Path Group: INREG
  Path Type: max

  Des/Clust/Port     Wire Load Model       Library
  ------------------------------------------------
  alu8_top           tsmc13_wl30           scmetro_tsmc_cl013g_rvt_ss_1p08v_125c

  Point                                    Incr       Path
  -----------------------------------------------------------
  clock MASTER_CLK (rise edge)             0.00       0.00
  clock network delay (ideal)              0.00       0.00
  input external delay                     0.90       0.90 r
  a[0] (in)                                0.19       1.09 r
  U22/Y (BUFX8M)                           0.28       1.37 r
  u_mul/a[0] (mult_unit)                   0.00       1.37 r
  u_mul/a_reg_reg[0]/D (DFFRHQX8M)         0.00       1.37 r
  data arrival time                                   1.37

  clock MASTER_CLK (rise edge)             4.50       4.50
  clock network delay (ideal)              0.00       4.50
  clock uncertainty                       -0.20       4.30
  u_mul/a_reg_reg[0]/CK (DFFRHQX8M)        0.00       4.30 r
  library setup time                      -0.19       4.11
  data required time                                  4.11
  -----------------------------------------------------------
  data required time                                  4.11
  data arrival time                                  -1.37
  -----------------------------------------------------------
  slack (MET)                                         2.73


  Startpoint: b[6] (input port clocked by MASTER_CLK)
  Endpoint: u_mul/b_reg_reg[6]
            (rising edge-triggered flip-flop clocked by MASTER_CLK)
  Path Group: INREG
  Path Type: max

  Des/Clust/Port     Wire Load Model       Library
  ------------------------------------------------
  alu8_top           tsmc13_wl30           scmetro_tsmc_cl013g_rvt_ss_1p08v_125c

  Point                                    Incr       Path
  -----------------------------------------------------------
  clock MASTER_CLK (rise edge)             0.00       0.00
  clock network delay (ideal)              0.00       0.00
  input external delay                     0.90       0.90 r
  b[6] (in)                                0.42       1.32 r
  u_mul/b[6] (mult_unit)                   0.00       1.32 r
  u_mul/b_reg_reg[6]/D (DFFRHQX8M)         0.00       1.32 r
  data arrival time                                   1.32

  clock MASTER_CLK (rise edge)             4.50       4.50
  clock network delay (ideal)              0.00       4.50
  clock uncertainty                       -0.20       4.30
  u_mul/b_reg_reg[6]/CK (DFFRHQX8M)        0.00       4.30 r
  library setup time                      -0.22       4.08
  data required time                                  4.08
  -----------------------------------------------------------
  data required time                                  4.08
  data arrival time                                  -1.32
  -----------------------------------------------------------
  slack (MET)                                         2.76


  Startpoint: b[4] (input port clocked by MASTER_CLK)
  Endpoint: u_mul/b_reg_reg[4]
            (rising edge-triggered flip-flop clocked by MASTER_CLK)
  Path Group: INREG
  Path Type: max

  Des/Clust/Port     Wire Load Model       Library
  ------------------------------------------------
  alu8_top           tsmc13_wl30           scmetro_tsmc_cl013g_rvt_ss_1p08v_125c

  Point                                    Incr       Path
  -----------------------------------------------------------
  clock MASTER_CLK (rise edge)             0.00       0.00
  clock network delay (ideal)              0.00       0.00
  input external delay                     0.90       0.90 r
  b[4] (in)                                0.42       1.32 r
  u_mul/b[4] (mult_unit)                   0.00       1.32 r
  u_mul/b_reg_reg[4]/D (DFFRHQX8M)         0.00       1.32 r
  data arrival time                                   1.32

  clock MASTER_CLK (rise edge)             4.50       4.50
  clock network delay (ideal)              0.00       4.50
  clock uncertainty                       -0.20       4.30
  u_mul/b_reg_reg[4]/CK (DFFRHQX8M)        0.00       4.30 r
  library setup time                      -0.22       4.08
  data required time                                  4.08
  -----------------------------------------------------------
  data required time                                  4.08
  data arrival time                                  -1.32
  -----------------------------------------------------------
  slack (MET)                                         2.76


  Startpoint: b[7] (input port clocked by MASTER_CLK)
  Endpoint: u_mul/b_reg_reg[7]
            (rising edge-triggered flip-flop clocked by MASTER_CLK)
  Path Group: INREG
  Path Type: max

  Des/Clust/Port     Wire Load Model       Library
  ------------------------------------------------
  alu8_top           tsmc13_wl30           scmetro_tsmc_cl013g_rvt_ss_1p08v_125c

  Point                                    Incr       Path
  -----------------------------------------------------------
  clock MASTER_CLK (rise edge)             0.00       0.00
  clock network delay (ideal)              0.00       0.00
  input external delay                     0.90       0.90 r
  b[7] (in)                                0.42       1.32 r
  u_mul/b[7] (mult_unit)                   0.00       1.32 r
  u_mul/b_reg_reg[7]/D (DFFRHQX8M)         0.00       1.32 r
  data arrival time                                   1.32

  clock MASTER_CLK (rise edge)             4.50       4.50
  clock network delay (ideal)              0.00       4.50
  clock uncertainty                       -0.20       4.30
  u_mul/b_reg_reg[7]/CK (DFFRHQX8M)        0.00       4.30 r
  library setup time                      -0.22       4.08
  data required time                                  4.08
  -----------------------------------------------------------
  data required time                                  4.08
  data arrival time                                  -1.32
  -----------------------------------------------------------
  slack (MET)                                         2.76


  Startpoint: b[5] (input port clocked by MASTER_CLK)
  Endpoint: u_mul/b_reg_reg[5]
            (rising edge-triggered flip-flop clocked by MASTER_CLK)
  Path Group: INREG
  Path Type: max

  Des/Clust/Port     Wire Load Model       Library
  ------------------------------------------------
  alu8_top           tsmc13_wl30           scmetro_tsmc_cl013g_rvt_ss_1p08v_125c

  Point                                    Incr       Path
  -----------------------------------------------------------
  clock MASTER_CLK (rise edge)             0.00       0.00
  clock network delay (ideal)              0.00       0.00
  input external delay                     0.90       0.90 r
  b[5] (in)                                0.42       1.32 r
  u_mul/b[5] (mult_unit)                   0.00       1.32 r
  u_mul/b_reg_reg[5]/D (DFFRHQX8M)         0.00       1.32 r
  data arrival time                                   1.32

  clock MASTER_CLK (rise edge)             4.50       4.50
  clock network delay (ideal)              0.00       4.50
  clock uncertainty                       -0.20       4.30
  u_mul/b_reg_reg[5]/CK (DFFRHQX8M)        0.00       4.30 r
  library setup time                      -0.22       4.08
  data required time                                  4.08
  -----------------------------------------------------------
  data required time                                  4.08
  data arrival time                                  -1.32
  -----------------------------------------------------------
  slack (MET)                                         2.76


  Startpoint: add_en (input port clocked by MASTER_CLK)
  Endpoint: u_add/en_reg_reg
            (rising edge-triggered flip-flop clocked by MASTER_CLK)
  Path Group: INREG
  Path Type: max

  Des/Clust/Port     Wire Load Model       Library
  ------------------------------------------------
  alu8_top           tsmc13_wl30           scmetro_tsmc_cl013g_rvt_ss_1p08v_125c

  Point                                    Incr       Path
  -----------------------------------------------------------
  clock MASTER_CLK (rise edge)             0.00       0.00
  clock network delay (ideal)              0.00       0.00
  input external delay                     0.90       0.90 r
  add_en (in)                              0.17       1.07 r
  u_add/en (add_unit)                      0.00       1.07 r
  u_add/en_reg_reg/D (DFFRQX2M)            0.00       1.07 r
  data arrival time                                   1.07

  clock MASTER_CLK (rise edge)             4.50       4.50
  clock network delay (ideal)              0.00       4.50
  clock uncertainty                       -0.20       4.30
  u_add/en_reg_reg/CK (DFFRQX2M)           0.00       4.30 r
  library setup time                      -0.33       3.97
  data required time                                  3.97
  -----------------------------------------------------------
  data required time                                  3.97
  data arrival time                                  -1.07
  -----------------------------------------------------------
  slack (MET)                                         2.90


  Startpoint: mul_en (input port clocked by MASTER_CLK)
  Endpoint: u_mul/en_reg_reg
            (rising edge-triggered flip-flop clocked by MASTER_CLK)
  Path Group: INREG
  Path Type: max

  Des/Clust/Port     Wire Load Model       Library
  ------------------------------------------------
  alu8_top           tsmc13_wl30           scmetro_tsmc_cl013g_rvt_ss_1p08v_125c

  Point                                    Incr       Path
  -----------------------------------------------------------
  clock MASTER_CLK (rise edge)             0.00       0.00
  clock network delay (ideal)              0.00       0.00
  input external delay                     0.90       0.90 r
  mul_en (in)                              0.18       1.08 r
  u_mul/en (mult_unit)                     0.00       1.08 r
  u_mul/en_reg_reg/D (DFFRHQX8M)           0.00       1.08 r
  data arrival time                                   1.08

  clock MASTER_CLK (rise edge)             4.50       4.50
  clock network delay (ideal)              0.00       4.50
  clock uncertainty                       -0.20       4.30
  u_mul/en_reg_reg/CK (DFFRHQX8M)          0.00       4.30 r
  library setup time                      -0.20       4.10
  data required time                                  4.10
  -----------------------------------------------------------
  data required time                                  4.10
  data arrival time                                  -1.08
  -----------------------------------------------------------
  slack (MET)                                         3.03


  Startpoint: u_mul/b_reg_reg[6]
              (rising edge-triggered flip-flop clocked by MASTER_CLK)
  Endpoint: u_mul/product_reg[15]
            (rising edge-triggered flip-flop clocked by MASTER_CLK)
  Path Group: MASTER_CLK
  Path Type: max

  Des/Clust/Port     Wire Load Model       Library
  ------------------------------------------------
  alu8_top           tsmc13_wl30           scmetro_tsmc_cl013g_rvt_ss_1p08v_125c

  Point                                                   Incr       Path
  --------------------------------------------------------------------------
  clock MASTER_CLK (rise edge)                            0.00       0.00
  clock network delay (ideal)                             0.00       0.00
  u_mul/b_reg_reg[6]/CK (DFFRHQX8M)                       0.00       0.00 r
  u_mul/b_reg_reg[6]/Q (DFFRHQX8M)                        0.38       0.38 f
  u_mul/U179/Y (INVX32M)                                  0.20       0.58 r
  u_mul/U209/Y (CLKINVX40M)                               0.16       0.74 f
  u_mul/U127/Y (CLKINVX24M)                               0.09       0.83 r
  u_mul/U208/Y (NAND2BX12M)                               0.22       1.05 r
  u_mul/U271/Y (CLKXOR2X8M)                               0.44       1.49 f
  u_mul/U164/Y (CLKINVX16M)                               0.16       1.65 r
  u_mul/U303/Y (OR2X12M)                                  0.16       1.81 r
  u_mul/U58/Y (MXI2X6M)                                   0.12       1.93 f
  u_mul/U191/Y (NAND2BX12M)                               0.23       2.16 f
  u_mul/U192/Y (NAND3X12M)                                0.13       2.29 r
  u_mul/U77/Y (NAND2X8M)                                  0.09       2.38 f
  u_mul/U76/Y (XNOR3X8M)                                  0.41       2.80 r
  u_mul/U53/Y (INVX32M)                                   0.09       2.89 f
  u_mul/add_0_root_add_0_root_add_135/B[12] (mult_unit_DW01_add_19)
                                                          0.00       2.89 f
  u_mul/add_0_root_add_0_root_add_135/U40/Y (OR2X12M)     0.22       3.11 f
  u_mul/add_0_root_add_0_root_add_135/U46/Y (AOI21BX8M)
                                                          0.18       3.29 f
  u_mul/add_0_root_add_0_root_add_135/U70/Y (CLKAND2X16M)
                                                          0.15       3.44 f
  u_mul/add_0_root_add_0_root_add_135/U68/Y (OAI21X8M)
                                                          0.23       3.66 r
  u_mul/add_0_root_add_0_root_add_135/U69/Y (XNOR2X8M)
                                                          0.24       3.90 r
  u_mul/add_0_root_add_0_root_add_135/SUM[15] (mult_unit_DW01_add_19)
                                                          0.00       3.90 r
  u_mul/U133/Y (MXI2X12M)                                 0.17       4.07 f
  u_mul/U293/Y (CLKINVX24M)                               0.07       4.14 r
  u_mul/product_reg[15]/D (DFFRHQX4M)                     0.00       4.14 r
  data arrival time                                                  4.14

  clock MASTER_CLK (rise edge)                            4.50       4.50
  clock network delay (ideal)                             0.00       4.50
  clock uncertainty                                      -0.20       4.30
  u_mul/product_reg[15]/CK (DFFRHQX4M)                    0.00       4.30 r
  library setup time                                     -0.16       4.14
  data required time                                                 4.14
  --------------------------------------------------------------------------
  data required time                                                 4.14
  data arrival time                                                 -4.14
  --------------------------------------------------------------------------
  slack (MET)                                                        0.00


  Startpoint: u_mul/a_reg_reg[1]
              (rising edge-triggered flip-flop clocked by MASTER_CLK)
  Endpoint: u_mul/product_reg[14]
            (rising edge-triggered flip-flop clocked by MASTER_CLK)
  Path Group: MASTER_CLK
  Path Type: max

  Des/Clust/Port     Wire Load Model       Library
  ------------------------------------------------
  alu8_top           tsmc13_wl30           scmetro_tsmc_cl013g_rvt_ss_1p08v_125c

  Point                                                   Incr       Path
  --------------------------------------------------------------------------
  clock MASTER_CLK (rise edge)                            0.00       0.00
  clock network delay (ideal)                             0.00       0.00
  u_mul/a_reg_reg[1]/CK (DFFRHQX8M)                       0.00       0.00 r
  u_mul/a_reg_reg[1]/Q (DFFRHQX8M)                        0.45       0.45 r
  u_mul/U241/Y (INVX32M)                                  0.11       0.56 f
  u_mul/U135/Y (INVX20M)                                  0.12       0.68 r
  u_mul/U99/Y (CLKAND2X12M)                               0.22       0.90 r
  u_mul/U61/Y (AOI21X8M)                                  0.07       0.97 f
  u_mul/U213/Y (OA21X8M)                                  0.36       1.33 f
  u_mul/U214/Y (CLKINVX32M)                               0.11       1.43 r
  u_mul/U226/Y (XNOR2X8M)                                 0.16       1.59 r
  u_mul/U225/Y (XNOR2X8M)                                 0.30       1.89 r
  u_mul/U223/Y (NAND2BX12M)                               0.29       2.18 r
  u_mul/U178/Y (OAI21X8M)                                 0.14       2.32 f
  u_mul/U177/Y (NAND2BX12M)                               0.20       2.52 f
  u_mul/U184/Y (AO21X8M)                                  0.29       2.81 f
  u_mul/U198/Y (CLKXOR2X16M)                              0.29       3.10 r
  u_mul/add_0_root_add_0_root_add_135/B[13] (mult_unit_DW01_add_19)
                                                          0.00       3.10 r
  u_mul/add_0_root_add_0_root_add_135/U28/Y (OR2X12M)     0.23       3.33 r
  u_mul/add_0_root_add_0_root_add_135/U29/Y (AND2X12M)
                                                          0.19       3.52 r
  u_mul/add_0_root_add_0_root_add_135/U37/Y (NAND2X12M)
                                                          0.09       3.60 f
  u_mul/add_0_root_add_0_root_add_135/U35/Y (NAND2X12M)
                                                          0.10       3.70 r
  u_mul/add_0_root_add_0_root_add_135/U33/Y (XNOR2X8M)
                                                          0.17       3.87 r
  u_mul/add_0_root_add_0_root_add_135/SUM[14] (mult_unit_DW01_add_19)
                                                          0.00       3.87 r
  u_mul/U36/Y (NAND2X8M)                                  0.15       4.02 f
  u_mul/U37/Y (CLKNAND2X12M)                              0.11       4.13 r
  u_mul/product_reg[14]/D (DFFRHQX4M)                     0.00       4.13 r
  data arrival time                                                  4.13

  clock MASTER_CLK (rise edge)                            4.50       4.50
  clock network delay (ideal)                             0.00       4.50
  clock uncertainty                                      -0.20       4.30
  u_mul/product_reg[14]/CK (DFFRHQX4M)                    0.00       4.30 r
  library setup time                                     -0.17       4.13
  data required time                                                 4.13
  --------------------------------------------------------------------------
  data required time                                                 4.13
  data arrival time                                                 -4.13
  --------------------------------------------------------------------------
  slack (MET)                                                        0.00


  Startpoint: u_mul/b_reg_reg[1]
              (rising edge-triggered flip-flop clocked by MASTER_CLK)
  Endpoint: u_mul/pipeline_level3_reg[9]
            (rising edge-triggered flip-flop clocked by MASTER_CLK)
  Path Group: MASTER_CLK
  Path Type: max

  Des/Clust/Port     Wire Load Model       Library
  ------------------------------------------------
  alu8_top           tsmc13_wl30           scmetro_tsmc_cl013g_rvt_ss_1p08v_125c

  Point                                                   Incr       Path
  --------------------------------------------------------------------------
  clock MASTER_CLK (rise edge)                            0.00       0.00
  clock network delay (ideal)                             0.00       0.00
  u_mul/b_reg_reg[1]/CK (DFFRHQX2M)                       0.00       0.00 r
  u_mul/b_reg_reg[1]/Q (DFFRHQX2M)                        0.47       0.47 r
  u_mul/U248/Y (BUFX20M)                                  0.32       0.79 r
  u_mul/U92/Y (NAND2BX2M)                                 0.58       1.37 f
  u_mul/U85/Y (OR2X8M)                                    0.41       1.78 f
  u_mul/U24/Y (OR2X12M)                                   0.20       1.98 f
  u_mul/U20/Y (CLKNAND2X8M)                               0.12       2.09 r
  u_mul/U22/Y (CLKINVX16M)                                0.10       2.20 f
  u_mul/U21/Y (NAND2X12M)                                 0.14       2.34 r
  u_mul/U289/Y (XOR3X8M)                                  0.44       2.78 f
  u_mul/add_0_root_add_0_root_add_131/A[7] (mult_unit_DW01_add_18)
                                                          0.00       2.78 f
  u_mul/add_0_root_add_0_root_add_131/U76/Y (OR2X12M)     0.29       3.07 f
  u_mul/add_0_root_add_0_root_add_131/U59/Y (NAND3X12M)
                                                          0.18       3.25 r
  u_mul/add_0_root_add_0_root_add_131/U22/Y (CLKAND2X6M)
                                                          0.29       3.53 r
  u_mul/add_0_root_add_0_root_add_131/U35/Y (CLKNAND2X16M)
                                                          0.16       3.69 f
  u_mul/add_0_root_add_0_root_add_131/U70/Y (OAI2BB2X8M)
                                                          0.23       3.92 f
  u_mul/add_0_root_add_0_root_add_131/U29/Y (XNOR2X8M)
                                                          0.17       4.09 f
  u_mul/add_0_root_add_0_root_add_131/SUM[9] (mult_unit_DW01_add_18)
                                                          0.00       4.09 f
  u_mul/pipeline_level3_reg[9]/D (DFFRHQX8M)              0.00       4.09 f
  data arrival time                                                  4.09

  clock MASTER_CLK (rise edge)                            4.50       4.50
  clock network delay (ideal)                             0.00       4.50
  clock uncertainty                                      -0.20       4.30
  u_mul/pipeline_level3_reg[9]/CK (DFFRHQX8M)             0.00       4.30 r
  library setup time                                     -0.20       4.10
  data required time                                                 4.10
  --------------------------------------------------------------------------
  data required time                                                 4.10
  data arrival time                                                 -4.09
  --------------------------------------------------------------------------
  slack (MET)                                                        0.00


  Startpoint: u_mul/b_reg_reg[6]
              (rising edge-triggered flip-flop clocked by MASTER_CLK)
  Endpoint: u_mul/product_reg[13]
            (rising edge-triggered flip-flop clocked by MASTER_CLK)
  Path Group: MASTER_CLK
  Path Type: max

  Des/Clust/Port     Wire Load Model       Library
  ------------------------------------------------
  alu8_top           tsmc13_wl30           scmetro_tsmc_cl013g_rvt_ss_1p08v_125c

  Point                                                   Incr       Path
  --------------------------------------------------------------------------
  clock MASTER_CLK (rise edge)                            0.00       0.00
  clock network delay (ideal)                             0.00       0.00
  u_mul/b_reg_reg[6]/CK (DFFRHQX8M)                       0.00       0.00 r
  u_mul/b_reg_reg[6]/Q (DFFRHQX8M)                        0.38       0.38 f
  u_mul/U179/Y (INVX32M)                                  0.20       0.58 r
  u_mul/U143/Y (CLKINVX40M)                               0.12       0.70 f
  u_mul/U181/Y (NAND2BX12M)                               0.14       0.84 r
  u_mul/U309/Y (XNOR3X4M)                                 0.51       1.35 f
  u_mul/U288/Y (NAND2BX12M)                               0.24       1.59 f
  u_mul/U116/Y (CLKINVX16M)                               0.08       1.67 r
  u_mul/U324/Y (OAI21X8M)                                 0.09       1.76 f
  u_mul/U339/Y (AOI21BX8M)                                0.18       1.95 f
  u_mul/U190/Y (XNOR2X8M)                                 0.18       2.12 r
  u_mul/U234/Y (CLKXOR2X16M)                              0.33       2.45 f
  u_mul/U314/Y (CLKINVX40M)                               0.10       2.55 r
  u_mul/add_0_root_add_0_root_add_135/B[9] (mult_unit_DW01_add_19)
                                                          0.00       2.55 r
  u_mul/add_0_root_add_0_root_add_135/U84/Y (OR2X12M)     0.19       2.74 r
  u_mul/add_0_root_add_0_root_add_135/U101/Y (NAND3X12M)
                                                          0.13       2.87 f
  u_mul/add_0_root_add_0_root_add_135/U72/Y (NAND3X12M)
                                                          0.19       3.06 r
  u_mul/add_0_root_add_0_root_add_135/U44/Y (NAND3X12M)
                                                          0.15       3.21 f
  u_mul/add_0_root_add_0_root_add_135/U42/Y (NAND3X12M)
                                                          0.21       3.42 r
  u_mul/add_0_root_add_0_root_add_135/U38/Y (CLKNAND2X16M)
                                                          0.15       3.58 f
  u_mul/add_0_root_add_0_root_add_135/U74/Y (NAND2X12M)
                                                          0.11       3.68 r
  u_mul/add_0_root_add_0_root_add_135/U91/Y (XNOR2X8M)
                                                          0.19       3.88 r
  u_mul/add_0_root_add_0_root_add_135/SUM[13] (mult_unit_DW01_add_19)
                                                          0.00       3.88 r
  u_mul/U228/Y (MXI2X12M)                                 0.17       4.04 f
  u_mul/U12/Y (INVX16M)                                   0.09       4.13 r
  u_mul/product_reg[13]/D (DFFRHQX8M)                     0.00       4.13 r
  data arrival time                                                  4.13

  clock MASTER_CLK (rise edge)                            4.50       4.50
  clock network delay (ideal)                             0.00       4.50
  clock uncertainty                                      -0.20       4.30
  u_mul/product_reg[13]/CK (DFFRHQX8M)                    0.00       4.30 r
  library setup time                                     -0.16       4.14
  data required time                                                 4.14
  --------------------------------------------------------------------------
  data required time                                                 4.14
  data arrival time                                                 -4.13
  --------------------------------------------------------------------------
  slack (MET)                                                        0.01


  Startpoint: u_mul/a_reg_reg[2]
              (rising edge-triggered flip-flop clocked by MASTER_CLK)
  Endpoint: u_mul/product_reg[10]
            (rising edge-triggered flip-flop clocked by MASTER_CLK)
  Path Group: MASTER_CLK
  Path Type: max

  Des/Clust/Port     Wire Load Model       Library
  ------------------------------------------------
  alu8_top           tsmc13_wl30           scmetro_tsmc_cl013g_rvt_ss_1p08v_125c

  Point                                                   Incr       Path
  --------------------------------------------------------------------------
  clock MASTER_CLK (rise edge)                            0.00       0.00
  clock network delay (ideal)                             0.00       0.00
  u_mul/a_reg_reg[2]/CK (DFFRHQX8M)                       0.00       0.00 r
  u_mul/a_reg_reg[2]/Q (DFFRHQX8M)                        0.49       0.49 r
  u_mul/U219/Y (BUFX32M)                                  0.21       0.70 r
  u_mul/U292/Y (INVX16M)                                  0.11       0.80 f
  u_mul/U279/Y (NAND2X12M)                                0.10       0.90 r
  u_mul/U278/Y (AND4X12M)                                 0.24       1.14 r
  u_mul/U31/Y (CLKINVX12M)                                0.12       1.26 f
  u_mul/U30/Y (OR2X12M)                                   0.22       1.49 f
  u_mul/U45/Y (INVX10M)                                   0.13       1.61 r
  u_mul/U108/Y (NAND2BX8M)                                0.16       1.77 r
  u_mul/U281/Y (AOI21BX8M)                                0.24       2.01 f
  u_mul/U247/Y (XOR3X4M)                                  0.57       2.58 f
  u_mul/U171/Y (CLKINVX16M)                               0.15       2.72 r
  u_mul/add_0_root_add_0_root_add_135/A[10] (mult_unit_DW01_add_19)
                                                          0.00       2.72 r
  u_mul/add_0_root_add_0_root_add_135/U100/Y (OR2X12M)
                                                          0.28       3.00 r
  u_mul/add_0_root_add_0_root_add_135/U50/Y (CLKAND2X4M)
                                                          0.41       3.41 r
  u_mul/add_0_root_add_0_root_add_135/U52/Y (NAND2X4M)
                                                          0.21       3.62 f
  u_mul/add_0_root_add_0_root_add_135/U88/Y (CLKNAND2X12M)
                                                          0.12       3.74 r
  u_mul/add_0_root_add_0_root_add_135/SUM[10] (mult_unit_DW01_add_19)
                                                          0.00       3.74 r
  u_mul/U169/Y (MX2X4M)                                   0.24       3.98 r
  u_mul/product_reg[10]/D (DFFRQX2M)                      0.00       3.98 r
  data arrival time                                                  3.98

  clock MASTER_CLK (rise edge)                            4.50       4.50
  clock network delay (ideal)                             0.00       4.50
  clock uncertainty                                      -0.20       4.30
  u_mul/product_reg[10]/CK (DFFRQX2M)                     0.00       4.30 r
  library setup time                                     -0.31       3.99
  data required time                                                 3.99
  --------------------------------------------------------------------------
  data required time                                                 3.99
  data arrival time                                                 -3.98
  --------------------------------------------------------------------------
  slack (MET)                                                        0.01


  Startpoint: u_mul/a_reg_reg[5]
              (rising edge-triggered flip-flop clocked by MASTER_CLK)
  Endpoint: u_mul/pipeline_level3_reg[11]
            (rising edge-triggered flip-flop clocked by MASTER_CLK)
  Path Group: MASTER_CLK
  Path Type: max

  Des/Clust/Port     Wire Load Model       Library
  ------------------------------------------------
  alu8_top           tsmc13_wl30           scmetro_tsmc_cl013g_rvt_ss_1p08v_125c

  Point                                                   Incr       Path
  --------------------------------------------------------------------------
  clock MASTER_CLK (rise edge)                            0.00       0.00
  clock network delay (ideal)                             0.00       0.00
  u_mul/a_reg_reg[5]/CK (DFFRHQX8M)                       0.00       0.00 r
  u_mul/a_reg_reg[5]/Q (DFFRHQX8M)                        0.53       0.53 r
  u_mul/U78/Y (INVX12M)                                   0.20       0.73 f
  u_mul/U105/Y (NAND2BX2M)                                0.35       1.08 f
  u_mul/U84/Y (BUFX10M)                                   0.24       1.32 f
  u_mul/U160/Y (INVX2M)                                   0.22       1.54 r
  u_mul/U32/Y (XNOR2X2M)                                  0.46       2.00 r
  u_mul/U34/Y (INVX2M)                                    0.30       2.30 f
  u_mul/U33/Y (XNOR2X4M)                                  0.48       2.78 r
  u_mul/add_0_root_add_0_root_add_131/A[6] (mult_unit_DW01_add_18)
                                                          0.00       2.78 r
  u_mul/add_0_root_add_0_root_add_131/U3/Y (OR2X12M)      0.36       3.14 r
  u_mul/add_0_root_add_0_root_add_131/U37/Y (AND2X4M)     0.27       3.40 r
  u_mul/add_0_root_add_0_root_add_131/U49/Y (NAND3X12M)
                                                          0.14       3.55 f
  u_mul/add_0_root_add_0_root_add_131/U56/Y (AOI2B1X8M)
                                                          0.24       3.79 r
  u_mul/add_0_root_add_0_root_add_131/U57/Y (OAI21X8M)
                                                          0.14       3.93 f
  u_mul/add_0_root_add_0_root_add_131/U62/Y (XNOR2X8M)
                                                          0.17       4.09 r
  u_mul/add_0_root_add_0_root_add_131/SUM[11] (mult_unit_DW01_add_18)
                                                          0.00       4.09 r
  u_mul/pipeline_level3_reg[11]/D (DFFRHQX4M)             0.00       4.09 r
  data arrival time                                                  4.09

  clock MASTER_CLK (rise edge)                            4.50       4.50
  clock network delay (ideal)                             0.00       4.50
  clock uncertainty                                      -0.20       4.30
  u_mul/pipeline_level3_reg[11]/CK (DFFRHQX4M)            0.00       4.30 r
  library setup time                                     -0.20       4.10
  data required time                                                 4.10
  --------------------------------------------------------------------------
  data required time                                                 4.10
  data arrival time                                                 -4.09
  --------------------------------------------------------------------------
  slack (MET)                                                        0.01


  Startpoint: u_mul/b_reg_reg[3]
              (rising edge-triggered flip-flop clocked by MASTER_CLK)
  Endpoint: u_mul/pipeline_level3_reg[10]
            (rising edge-triggered flip-flop clocked by MASTER_CLK)
  Path Group: MASTER_CLK
  Path Type: max

  Des/Clust/Port     Wire Load Model       Library
  ------------------------------------------------
  alu8_top           tsmc13_wl30           scmetro_tsmc_cl013g_rvt_ss_1p08v_125c

  Point                                                   Incr       Path
  --------------------------------------------------------------------------
  clock MASTER_CLK (rise edge)                            0.00       0.00
  clock network delay (ideal)                             0.00       0.00
  u_mul/b_reg_reg[3]/CK (DFFRX4M)                         0.00       0.00 r
  u_mul/b_reg_reg[3]/Q (DFFRX4M)                          0.74       0.74 r
  u_mul/U316/Y (BUFX32M)                                  0.21       0.95 r
  u_mul/U89/Y (NAND2BX2M)                                 0.24       1.19 f
  u_mul/U72/Y (BUFX8M)                                    0.24       1.43 f
  u_mul/U88/Y (CLKINVX16M)                                0.10       1.52 r
  u_mul/U283/Y (NAND2BX4M)                                0.30       1.82 r
  u_mul/U326/Y (INVX2M)                                   0.21       2.03 f
  u_mul/U174/Y (OA21X4M)                                  0.37       2.40 f
  u_mul/U406/Y (XOR3X4M)                                  0.57       2.97 f
  u_mul/add_0_root_add_0_root_add_131/B[8] (mult_unit_DW01_add_18)
                                                          0.00       2.97 f
  u_mul/add_0_root_add_0_root_add_131/U38/Y (BUFX20M)     0.22       3.19 f
  u_mul/add_0_root_add_0_root_add_131/U28/Y (NAND2X4M)
                                                          0.15       3.34 r
  u_mul/add_0_root_add_0_root_add_131/U44/Y (NAND2BX4M)
                                                          0.23       3.58 r
  u_mul/add_0_root_add_0_root_add_131/U21/Y (NAND2X6M)
                                                          0.15       3.73 f
  u_mul/add_0_root_add_0_root_add_131/U47/Y (NOR2X12M)
                                                          0.18       3.91 r
  u_mul/add_0_root_add_0_root_add_131/U72/Y (XNOR2X8M)
                                                          0.18       4.09 r
  u_mul/add_0_root_add_0_root_add_131/SUM[10] (mult_unit_DW01_add_18)
                                                          0.00       4.09 r
  u_mul/pipeline_level3_reg[10]/D (DFFRHQX4M)             0.00       4.09 r
  data arrival time                                                  4.09

  clock MASTER_CLK (rise edge)                            4.50       4.50
  clock network delay (ideal)                             0.00       4.50
  clock uncertainty                                      -0.20       4.30
  u_mul/pipeline_level3_reg[10]/CK (DFFRHQX4M)            0.00       4.30 r
  library setup time                                     -0.20       4.10
  data required time                                                 4.10
  --------------------------------------------------------------------------
  data required time                                                 4.10
  data arrival time                                                 -4.09
  --------------------------------------------------------------------------
  slack (MET)                                                        0.02


  Startpoint: u_mul/a_reg_reg[5]
              (rising edge-triggered flip-flop clocked by MASTER_CLK)
  Endpoint: u_mul/pipeline_level3_reg[6]
            (rising edge-triggered flip-flop clocked by MASTER_CLK)
  Path Group: MASTER_CLK
  Path Type: max

  Des/Clust/Port     Wire Load Model       Library
  ------------------------------------------------
  alu8_top           tsmc13_wl30           scmetro_tsmc_cl013g_rvt_ss_1p08v_125c

  Point                                                   Incr       Path
  --------------------------------------------------------------------------
  clock MASTER_CLK (rise edge)                            0.00       0.00
  clock network delay (ideal)                             0.00       0.00
  u_mul/a_reg_reg[5]/CK (DFFRHQX8M)                       0.00       0.00 r
  u_mul/a_reg_reg[5]/Q (DFFRHQX8M)                        0.53       0.53 r
  u_mul/U78/Y (INVX12M)                                   0.20       0.73 f
  u_mul/U105/Y (NAND2BX2M)                                0.35       1.08 f
  u_mul/U84/Y (BUFX10M)                                   0.24       1.32 f
  u_mul/U160/Y (INVX2M)                                   0.22       1.54 r
  u_mul/U32/Y (XNOR2X2M)                                  0.46       2.00 r
  u_mul/U34/Y (INVX2M)                                    0.30       2.30 f
  u_mul/U33/Y (XNOR2X4M)                                  0.48       2.78 r
  u_mul/add_0_root_add_0_root_add_131/A[6] (mult_unit_DW01_add_18)
                                                          0.00       2.78 r
  u_mul/add_0_root_add_0_root_add_131/U45/Y (BUFX10M)     0.27       3.05 r
  u_mul/add_0_root_add_0_root_add_131/U19/Y (NAND2X4M)
                                                          0.22       3.27 f
  u_mul/add_0_root_add_0_root_add_131/U34/Y (CLKAND2X2M)
                                                          0.45       3.73 f
  u_mul/add_0_root_add_0_root_add_131/U31/Y (XOR2X4M)     0.34       4.07 r
  u_mul/add_0_root_add_0_root_add_131/SUM[6] (mult_unit_DW01_add_18)
                                                          0.00       4.07 r
  u_mul/pipeline_level3_reg[6]/D (DFFRHQX8M)              0.00       4.07 r
  data arrival time                                                  4.07

  clock MASTER_CLK (rise edge)                            4.50       4.50
  clock network delay (ideal)                             0.00       4.50
  clock uncertainty                                      -0.20       4.30
  u_mul/pipeline_level3_reg[6]/CK (DFFRHQX8M)             0.00       4.30 r
  library setup time                                     -0.21       4.09
  data required time                                                 4.09
  --------------------------------------------------------------------------
  data required time                                                 4.09
  data arrival time                                                 -4.07
  --------------------------------------------------------------------------
  slack (MET)                                                        0.02


  Startpoint: u_mul/a_reg_reg[2]
              (rising edge-triggered flip-flop clocked by MASTER_CLK)
  Endpoint: u_mul/product_reg[11]
            (rising edge-triggered flip-flop clocked by MASTER_CLK)
  Path Group: MASTER_CLK
  Path Type: max

  Des/Clust/Port     Wire Load Model       Library
  ------------------------------------------------
  alu8_top           tsmc13_wl30           scmetro_tsmc_cl013g_rvt_ss_1p08v_125c

  Point                                                   Incr       Path
  --------------------------------------------------------------------------
  clock MASTER_CLK (rise edge)                            0.00       0.00
  clock network delay (ideal)                             0.00       0.00
  u_mul/a_reg_reg[2]/CK (DFFRHQX8M)                       0.00       0.00 r
  u_mul/a_reg_reg[2]/Q (DFFRHQX8M)                        0.49       0.49 r
  u_mul/U219/Y (BUFX32M)                                  0.21       0.70 r
  u_mul/U292/Y (INVX16M)                                  0.11       0.80 f
  u_mul/U279/Y (NAND2X12M)                                0.10       0.90 r
  u_mul/U278/Y (AND4X12M)                                 0.24       1.14 r
  u_mul/U31/Y (CLKINVX12M)                                0.12       1.26 f
  u_mul/U379/Y (XOR3X4M)                                  0.78       2.05 f
  u_mul/add_0_root_add_0_root_add_135/A[7] (mult_unit_DW01_add_19)
                                                          0.00       2.05 f
  u_mul/add_0_root_add_0_root_add_135/U5/Y (NAND2X5M)     0.36       2.41 r
  u_mul/add_0_root_add_0_root_add_135/U102/Y (NAND3X12M)
                                                          0.25       2.66 f
  u_mul/add_0_root_add_0_root_add_135/U101/Y (NAND3X12M)
                                                          0.19       2.85 r
  u_mul/add_0_root_add_0_root_add_135/U72/Y (NAND3X12M)
                                                          0.20       3.05 f
  u_mul/add_0_root_add_0_root_add_135/U54/Y (NAND2X4M)
                                                          0.20       3.25 r
  u_mul/add_0_root_add_0_root_add_135/U49/Y (AND2X8M)     0.20       3.46 r
  u_mul/add_0_root_add_0_root_add_135/U83/Y (XOR2X8M)     0.20       3.65 r
  u_mul/add_0_root_add_0_root_add_135/SUM[11] (mult_unit_DW01_add_19)
                                                          0.00       3.65 r
  u_mul/U126/Y (MX2X3M)                                   0.31       3.96 r
  u_mul/product_reg[11]/D (DFFRQX2M)                      0.00       3.96 r
  data arrival time                                                  3.96

  clock MASTER_CLK (rise edge)                            4.50       4.50
  clock network delay (ideal)                             0.00       4.50
  clock uncertainty                                      -0.20       4.30
  u_mul/product_reg[11]/CK (DFFRQX2M)                     0.00       4.30 r
  library setup time                                     -0.32       3.98
  data required time                                                 3.98
  --------------------------------------------------------------------------
  data required time                                                 3.98
  data arrival time                                                 -3.96
  --------------------------------------------------------------------------
  slack (MET)                                                        0.02


  Startpoint: u_mul/b_reg_reg[1]
              (rising edge-triggered flip-flop clocked by MASTER_CLK)
  Endpoint: u_mul/pipeline_level3_reg[8]
            (rising edge-triggered flip-flop clocked by MASTER_CLK)
  Path Group: MASTER_CLK
  Path Type: max

  Des/Clust/Port     Wire Load Model       Library
  ------------------------------------------------
  alu8_top           tsmc13_wl30           scmetro_tsmc_cl013g_rvt_ss_1p08v_125c

  Point                                                   Incr       Path
  --------------------------------------------------------------------------
  clock MASTER_CLK (rise edge)                            0.00       0.00
  clock network delay (ideal)                             0.00       0.00
  u_mul/b_reg_reg[1]/CK (DFFRHQX2M)                       0.00       0.00 r
  u_mul/b_reg_reg[1]/Q (DFFRHQX2M)                        0.47       0.47 r
  u_mul/U248/Y (BUFX20M)                                  0.32       0.79 r
  u_mul/U92/Y (NAND2BX2M)                                 0.58       1.37 f
  u_mul/U85/Y (OR2X8M)                                    0.41       1.78 f
  u_mul/U24/Y (OR2X12M)                                   0.20       1.98 f
  u_mul/U20/Y (CLKNAND2X8M)                               0.12       2.09 r
  u_mul/U22/Y (CLKINVX16M)                                0.10       2.20 f
  u_mul/U21/Y (NAND2X12M)                                 0.14       2.34 r
  u_mul/U289/Y (XOR3X8M)                                  0.44       2.78 f
  u_mul/add_0_root_add_0_root_add_131/A[7] (mult_unit_DW01_add_18)
                                                          0.00       2.78 f
  u_mul/add_0_root_add_0_root_add_131/U76/Y (OR2X12M)     0.29       3.07 f
  u_mul/add_0_root_add_0_root_add_131/U59/Y (NAND3X12M)
                                                          0.18       3.25 r
  u_mul/add_0_root_add_0_root_add_131/U22/Y (CLKAND2X6M)
                                                          0.29       3.53 r
  u_mul/add_0_root_add_0_root_add_131/U35/Y (CLKNAND2X16M)
                                                          0.16       3.69 f
  u_mul/add_0_root_add_0_root_add_131/U61/Y (XNOR2X2M)
                                                          0.36       4.06 r
  u_mul/add_0_root_add_0_root_add_131/SUM[8] (mult_unit_DW01_add_18)
                                                          0.00       4.06 r
  u_mul/pipeline_level3_reg[8]/D (DFFRHQX8M)              0.00       4.06 r
  data arrival time                                                  4.06

  clock MASTER_CLK (rise edge)                            4.50       4.50
  clock network delay (ideal)                             0.00       4.50
  clock uncertainty                                      -0.20       4.30
  u_mul/pipeline_level3_reg[8]/CK (DFFRHQX8M)             0.00       4.30 r
  library setup time                                     -0.22       4.08
  data required time                                                 4.08
  --------------------------------------------------------------------------
  data required time                                                 4.08
  data arrival time                                                 -4.06
  --------------------------------------------------------------------------
  slack (MET)                                                        0.02


  Startpoint: u_mul/a_reg_reg[1]
              (rising edge-triggered flip-flop clocked by MASTER_CLK)
  Endpoint: u_mul/product_reg[6]
            (rising edge-triggered flip-flop clocked by MASTER_CLK)
  Path Group: MASTER_CLK
  Path Type: max

  Des/Clust/Port     Wire Load Model       Library
  ------------------------------------------------
  alu8_top           tsmc13_wl30           scmetro_tsmc_cl013g_rvt_ss_1p08v_125c

  Point                                                   Incr       Path
  --------------------------------------------------------------------------
  clock MASTER_CLK (rise edge)                            0.00       0.00
  clock network delay (ideal)                             0.00       0.00
  u_mul/a_reg_reg[1]/CK (DFFRHQX8M)                       0.00       0.00 r
  u_mul/a_reg_reg[1]/Q (DFFRHQX8M)                        0.45       0.45 r
  u_mul/U241/Y (INVX32M)                                  0.11       0.56 f
  u_mul/U118/Y (BUFX24M)                                  0.19       0.75 f
  u_mul/U313/Y (NAND2BX8M)                                0.22       0.97 f
  u_mul/U376/Y (INVX2M)                                   0.26       1.23 r
  u_mul/U117/Y (CLKXOR2X8M)                               0.47       1.70 f
  u_mul/add_0_root_add_0_root_add_135/A[5] (mult_unit_DW01_add_19)
                                                          0.00       1.70 f
  u_mul/add_0_root_add_0_root_add_135/U93/Y (OR2X4M)      0.37       2.07 f
  u_mul/add_0_root_add_0_root_add_135/U19/Y (INVX2M)      0.42       2.49 r
  u_mul/add_0_root_add_0_root_add_135/U96/Y (NOR2X2M)     0.26       2.75 f
  u_mul/add_0_root_add_0_root_add_135/U97/Y (NOR2X2M)     0.53       3.28 r
  u_mul/add_0_root_add_0_root_add_135/U13/Y (XNOR2X8M)
                                                          0.28       3.56 r
  u_mul/add_0_root_add_0_root_add_135/SUM[6] (mult_unit_DW01_add_19)
                                                          0.00       3.56 r
  u_mul/U391/Y (MX2X2M)                                   0.37       3.93 r
  u_mul/product_reg[6]/D (DFFRQX2M)                       0.00       3.93 r
  data arrival time                                                  3.93

  clock MASTER_CLK (rise edge)                            4.50       4.50
  clock network delay (ideal)                             0.00       4.50
  clock uncertainty                                      -0.20       4.30
  u_mul/product_reg[6]/CK (DFFRQX2M)                      0.00       4.30 r
  library setup time                                     -0.33       3.97
  data required time                                                 3.97
  --------------------------------------------------------------------------
  data required time                                                 3.97
  data arrival time                                                 -3.93
  --------------------------------------------------------------------------
  slack (MET)                                                        0.03


  Startpoint: u_mul/b_reg_reg[6]
              (rising edge-triggered flip-flop clocked by MASTER_CLK)
  Endpoint: u_mul/product_reg[8]
            (rising edge-triggered flip-flop clocked by MASTER_CLK)
  Path Group: MASTER_CLK
  Path Type: max

  Des/Clust/Port     Wire Load Model       Library
  ------------------------------------------------
  alu8_top           tsmc13_wl30           scmetro_tsmc_cl013g_rvt_ss_1p08v_125c

  Point                                                   Incr       Path
  --------------------------------------------------------------------------
  clock MASTER_CLK (rise edge)                            0.00       0.00
  clock network delay (ideal)                             0.00       0.00
  u_mul/b_reg_reg[6]/CK (DFFRHQX8M)                       0.00       0.00 r
  u_mul/b_reg_reg[6]/Q (DFFRHQX8M)                        0.38       0.38 f
  u_mul/U179/Y (INVX32M)                                  0.20       0.58 r
  u_mul/U173/Y (NAND2BX8M)                                0.19       0.77 r
  u_mul/U69/Y (CLKXOR2X16M)                               0.30       1.07 f
  u_mul/U11/Y (INVX16M)                                   0.13       1.20 r
  u_mul/U370/Y (XOR2X8M)                                  0.23       1.44 r
  u_mul/U272/Y (BUFX32M)                                  0.18       1.62 r
  u_mul/U115/Y (INVX4M)                                   0.08       1.70 f
  u_mul/U330/Y (XOR3X4M)                                  0.50       2.20 r
  u_mul/add_0_root_add_0_root_add_135/B[8] (mult_unit_DW01_add_19)
                                                          0.00       2.20 r
  u_mul/add_0_root_add_0_root_add_135/U11/Y (BUFX18M)     0.19       2.38 r
  u_mul/add_0_root_add_0_root_add_135/U77/Y (BUFX2M)      0.29       2.67 r
  u_mul/add_0_root_add_0_root_add_135/U81/Y (NAND2X3M)
                                                          0.38       3.05 f
  u_mul/add_0_root_add_0_root_add_135/U66/Y (AND2X8M)     0.31       3.36 f
  u_mul/add_0_root_add_0_root_add_135/U80/Y (XOR2X8M)     0.19       3.55 r
  u_mul/add_0_root_add_0_root_add_135/SUM[8] (mult_unit_DW01_add_19)
                                                          0.00       3.55 r
  u_mul/U393/Y (MX2X2M)                                   0.38       3.93 r
  u_mul/product_reg[8]/D (DFFRQX2M)                       0.00       3.93 r
  data arrival time                                                  3.93

  clock MASTER_CLK (rise edge)                            4.50       4.50
  clock network delay (ideal)                             0.00       4.50
  clock uncertainty                                      -0.20       4.30
  u_mul/product_reg[8]/CK (DFFRQX2M)                      0.00       4.30 r
  library setup time                                     -0.33       3.97
  data required time                                                 3.97
  --------------------------------------------------------------------------
  data required time                                                 3.97
  data arrival time                                                 -3.93
  --------------------------------------------------------------------------
  slack (MET)                                                        0.04


  Startpoint: u_mul/a_reg_reg[1]
              (rising edge-triggered flip-flop clocked by MASTER_CLK)
  Endpoint: u_mul/pipeline_level3_reg[7]
            (rising edge-triggered flip-flop clocked by MASTER_CLK)
  Path Group: MASTER_CLK
  Path Type: max

  Des/Clust/Port     Wire Load Model       Library
  ------------------------------------------------
  alu8_top           tsmc13_wl30           scmetro_tsmc_cl013g_rvt_ss_1p08v_125c

  Point                                                   Incr       Path
  --------------------------------------------------------------------------
  clock MASTER_CLK (rise edge)                            0.00       0.00
  clock network delay (ideal)                             0.00       0.00
  u_mul/a_reg_reg[1]/CK (DFFRHQX8M)                       0.00       0.00 r
  u_mul/a_reg_reg[1]/Q (DFFRHQX8M)                        0.38       0.38 f
  u_mul/U241/Y (INVX32M)                                  0.15       0.53 r
  u_mul/U118/Y (BUFX24M)                                  0.23       0.76 r
  u_mul/U273/Y (NAND2BX12M)                               0.20       0.96 r
  u_mul/U366/Y (NAND2BX12M)                               0.22       1.18 r
  u_mul/U344/Y (OR2X12M)                                  0.20       1.38 r
  u_mul/U346/Y (NAND3X12M)                                0.11       1.49 f
  u_mul/U91/Y (CLKINVX16M)                                0.10       1.59 r
  u_mul/U367/Y (AO21X8M)                                  0.24       1.84 r
  u_mul/U315/Y (CLKNAND2X16M)                             0.16       2.00 f
  u_mul/U54/Y (INVX20M)                                   0.11       2.11 r
  u_mul/U340/Y (XOR3X4M)                                  0.56       2.67 f
  u_mul/U62/Y (CLKINVX32M)                                0.17       2.84 r
  u_mul/add_0_root_add_0_root_add_131/A[5] (mult_unit_DW01_add_18)
                                                          0.00       2.84 r
  u_mul/add_0_root_add_0_root_add_131/U13/Y (OR2X8M)      0.29       3.13 r
  u_mul/add_0_root_add_0_root_add_131/U40/Y (NAND2X2M)
                                                          0.28       3.42 f
  u_mul/add_0_root_add_0_root_add_131/U30/Y (OAI21X4M)
                                                          0.39       3.81 r
  u_mul/add_0_root_add_0_root_add_131/U8/Y (XOR2X8M)      0.24       4.05 r
  u_mul/add_0_root_add_0_root_add_131/SUM[7] (mult_unit_DW01_add_18)
                                                          0.00       4.05 r
  u_mul/pipeline_level3_reg[7]/D (DFFRHQX8M)              0.00       4.05 r
  data arrival time                                                  4.05

  clock MASTER_CLK (rise edge)                            4.50       4.50
  clock network delay (ideal)                             0.00       4.50
  clock uncertainty                                      -0.20       4.30
  u_mul/pipeline_level3_reg[7]/CK (DFFRHQX8M)             0.00       4.30 r
  library setup time                                     -0.20       4.10
  data required time                                                 4.10
  --------------------------------------------------------------------------
  data required time                                                 4.10
  data arrival time                                                 -4.05
  --------------------------------------------------------------------------
  slack (MET)                                                        0.04


  Startpoint: u_mul/a_reg_reg[2]
              (rising edge-triggered flip-flop clocked by MASTER_CLK)
  Endpoint: u_mul/product_reg[9]
            (rising edge-triggered flip-flop clocked by MASTER_CLK)
  Path Group: MASTER_CLK
  Path Type: max

  Des/Clust/Port     Wire Load Model       Library
  ------------------------------------------------
  alu8_top           tsmc13_wl30           scmetro_tsmc_cl013g_rvt_ss_1p08v_125c

  Point                                                   Incr       Path
  --------------------------------------------------------------------------
  clock MASTER_CLK (rise edge)                            0.00       0.00
  clock network delay (ideal)                             0.00       0.00
  u_mul/a_reg_reg[2]/CK (DFFRHQX8M)                       0.00       0.00 r
  u_mul/a_reg_reg[2]/Q (DFFRHQX8M)                        0.49       0.49 r
  u_mul/U219/Y (BUFX32M)                                  0.21       0.70 r
  u_mul/U292/Y (INVX16M)                                  0.11       0.80 f
  u_mul/U279/Y (NAND2X12M)                                0.10       0.90 r
  u_mul/U278/Y (AND4X12M)                                 0.24       1.14 r
  u_mul/U31/Y (CLKINVX12M)                                0.12       1.26 f
  u_mul/U379/Y (XOR3X4M)                                  0.78       2.05 f
  u_mul/add_0_root_add_0_root_add_135/A[7] (mult_unit_DW01_add_19)
                                                          0.00       2.05 f
  u_mul/add_0_root_add_0_root_add_135/U5/Y (NAND2X5M)     0.36       2.41 r
  u_mul/add_0_root_add_0_root_add_135/U102/Y (NAND3X12M)
                                                          0.25       2.66 f
  u_mul/add_0_root_add_0_root_add_135/U9/Y (CLKBUFX12M)
                                                          0.25       2.91 f
  u_mul/add_0_root_add_0_root_add_135/U8/Y (NAND2X2M)     0.28       3.19 r
  u_mul/add_0_root_add_0_root_add_135/U12/Y (CLKNAND2X8M)
                                                          0.22       3.41 f
  u_mul/add_0_root_add_0_root_add_135/U90/Y (XNOR2X8M)
                                                          0.24       3.65 r
  u_mul/add_0_root_add_0_root_add_135/SUM[9] (mult_unit_DW01_add_19)
                                                          0.00       3.65 r
  u_mul/U125/Y (MX2X4M)                                   0.28       3.93 r
  u_mul/product_reg[9]/D (DFFRQX2M)                       0.00       3.93 r
  data arrival time                                                  3.93

  clock MASTER_CLK (rise edge)                            4.50       4.50
  clock network delay (ideal)                             0.00       4.50
  clock uncertainty                                      -0.20       4.30
  u_mul/product_reg[9]/CK (DFFRQX2M)                      0.00       4.30 r
  library setup time                                     -0.31       3.99
  data required time                                                 3.99
  --------------------------------------------------------------------------
  data required time                                                 3.99
  data arrival time                                                 -3.93
  --------------------------------------------------------------------------
  slack (MET)                                                        0.06


  Startpoint: u_mul/a_reg_reg[2]
              (rising edge-triggered flip-flop clocked by MASTER_CLK)
  Endpoint: u_mul/product_reg[12]
            (rising edge-triggered flip-flop clocked by MASTER_CLK)
  Path Group: MASTER_CLK
  Path Type: max

  Des/Clust/Port     Wire Load Model       Library
  ------------------------------------------------
  alu8_top           tsmc13_wl30           scmetro_tsmc_cl013g_rvt_ss_1p08v_125c

  Point                                                   Incr       Path
  --------------------------------------------------------------------------
  clock MASTER_CLK (rise edge)                            0.00       0.00
  clock network delay (ideal)                             0.00       0.00
  u_mul/a_reg_reg[2]/CK (DFFRHQX8M)                       0.00       0.00 r
  u_mul/a_reg_reg[2]/Q (DFFRHQX8M)                        0.49       0.49 r
  u_mul/U219/Y (BUFX32M)                                  0.21       0.70 r
  u_mul/U292/Y (INVX16M)                                  0.11       0.80 f
  u_mul/U279/Y (NAND2X12M)                                0.10       0.90 r
  u_mul/U278/Y (AND4X12M)                                 0.24       1.14 r
  u_mul/U31/Y (CLKINVX12M)                                0.12       1.26 f
  u_mul/U379/Y (XOR3X4M)                                  0.78       2.05 f
  u_mul/add_0_root_add_0_root_add_135/A[7] (mult_unit_DW01_add_19)
                                                          0.00       2.05 f
  u_mul/add_0_root_add_0_root_add_135/U5/Y (NAND2X5M)     0.36       2.41 r
  u_mul/add_0_root_add_0_root_add_135/U102/Y (NAND3X12M)
                                                          0.25       2.66 f
  u_mul/add_0_root_add_0_root_add_135/U101/Y (NAND3X12M)
                                                          0.19       2.85 r
  u_mul/add_0_root_add_0_root_add_135/U72/Y (NAND3X12M)
                                                          0.20       3.05 f
  u_mul/add_0_root_add_0_root_add_135/U44/Y (NAND3X12M)
                                                          0.15       3.21 r
  u_mul/add_0_root_add_0_root_add_135/U42/Y (NAND3X12M)
                                                          0.22       3.43 f
  u_mul/add_0_root_add_0_root_add_135/U15/Y (XNOR2X8M)
                                                          0.21       3.64 r
  u_mul/add_0_root_add_0_root_add_135/SUM[12] (mult_unit_DW01_add_19)
                                                          0.00       3.64 r
  u_mul/U124/Y (MX2X2M)                                   0.35       3.99 r
  u_mul/product_reg[12]/D (DFFRHQX1M)                     0.00       3.99 r
  data arrival time                                                  3.99

  clock MASTER_CLK (rise edge)                            4.50       4.50
  clock network delay (ideal)                             0.00       4.50
  clock uncertainty                                      -0.20       4.30
  u_mul/product_reg[12]/CK (DFFRHQX1M)                    0.00       4.30 r
  library setup time                                     -0.25       4.05
  data required time                                                 4.05
  --------------------------------------------------------------------------
  data required time                                                 4.05
  data arrival time                                                 -3.99
  --------------------------------------------------------------------------
  slack (MET)                                                        0.06


  Startpoint: u_mul/a_reg_reg[1]
              (rising edge-triggered flip-flop clocked by MASTER_CLK)
  Endpoint: u_mul/pipeline_level3_reg[5]
            (rising edge-triggered flip-flop clocked by MASTER_CLK)
  Path Group: MASTER_CLK
  Path Type: max

  Des/Clust/Port     Wire Load Model       Library
  ------------------------------------------------
  alu8_top           tsmc13_wl30           scmetro_tsmc_cl013g_rvt_ss_1p08v_125c

  Point                                                   Incr       Path
  --------------------------------------------------------------------------
  clock MASTER_CLK (rise edge)                            0.00       0.00
  clock network delay (ideal)                             0.00       0.00
  u_mul/a_reg_reg[1]/CK (DFFRHQX8M)                       0.00       0.00 r
  u_mul/a_reg_reg[1]/Q (DFFRHQX8M)                        0.38       0.38 f
  u_mul/U241/Y (INVX32M)                                  0.15       0.53 r
  u_mul/U118/Y (BUFX24M)                                  0.23       0.76 r
  u_mul/U273/Y (NAND2BX12M)                               0.20       0.96 r
  u_mul/U366/Y (NAND2BX12M)                               0.22       1.18 r
  u_mul/U344/Y (OR2X12M)                                  0.20       1.38 r
  u_mul/U346/Y (NAND3X12M)                                0.11       1.49 f
  u_mul/U91/Y (CLKINVX16M)                                0.10       1.59 r
  u_mul/U367/Y (AO21X8M)                                  0.24       1.84 r
  u_mul/U315/Y (CLKNAND2X16M)                             0.16       2.00 f
  u_mul/U54/Y (INVX20M)                                   0.11       2.11 r
  u_mul/U340/Y (XOR3X4M)                                  0.56       2.67 f
  u_mul/U62/Y (CLKINVX32M)                                0.17       2.84 r
  u_mul/add_0_root_add_0_root_add_131/A[5] (mult_unit_DW01_add_18)
                                                          0.00       2.84 r
  u_mul/add_0_root_add_0_root_add_131/U7/Y (NAND2X5M)     0.25       3.09 f
  u_mul/add_0_root_add_0_root_add_131/U54/Y (OAI21X3M)
                                                          0.26       3.35 r
  u_mul/add_0_root_add_0_root_add_131/U12/Y (XNOR2X2M)
                                                          0.43       3.79 r
  u_mul/add_0_root_add_0_root_add_131/SUM[5] (mult_unit_DW01_add_18)
                                                          0.00       3.79 r
  u_mul/pipeline_level3_reg[5]/D (DFFRQX2M)               0.00       3.79 r
  data arrival time                                                  3.79

  clock MASTER_CLK (rise edge)                            4.50       4.50
  clock network delay (ideal)                             0.00       4.50
  clock uncertainty                                      -0.20       4.30
  u_mul/pipeline_level3_reg[5]/CK (DFFRQX2M)              0.00       4.30 r
  library setup time                                     -0.38       3.92
  data required time                                                 3.92
  --------------------------------------------------------------------------
  data required time                                                 3.92
  data arrival time                                                 -3.79
  --------------------------------------------------------------------------
  slack (MET)                                                        0.13


  Startpoint: u_mul/b_reg_reg[6]
              (rising edge-triggered flip-flop clocked by MASTER_CLK)
  Endpoint: u_mul/product_reg[7]
            (rising edge-triggered flip-flop clocked by MASTER_CLK)
  Path Group: MASTER_CLK
  Path Type: max

  Des/Clust/Port     Wire Load Model       Library
  ------------------------------------------------
  alu8_top           tsmc13_wl30           scmetro_tsmc_cl013g_rvt_ss_1p08v_125c

  Point                                                   Incr       Path
  --------------------------------------------------------------------------
  clock MASTER_CLK (rise edge)                            0.00       0.00
  clock network delay (ideal)                             0.00       0.00
  u_mul/b_reg_reg[6]/CK (DFFRHQX8M)                       0.00       0.00 r
  u_mul/b_reg_reg[6]/Q (DFFRHQX8M)                        0.38       0.38 f
  u_mul/U179/Y (INVX32M)                                  0.20       0.58 r
  u_mul/U143/Y (CLKINVX40M)                               0.12       0.70 f
  u_mul/U181/Y (NAND2BX12M)                               0.14       0.84 r
  u_mul/U175/Y (XNOR3X4M)                                 0.59       1.42 f
  u_mul/U18/Y (CLKBUFX12M)                                0.25       1.68 f
  u_mul/U16/Y (INVX8M)                                    0.11       1.79 r
  u_mul/U14/Y (NAND2X5M)                                  0.14       1.93 f
  u_mul/U15/Y (NAND2X12M)                                 0.23       2.17 r
  u_mul/add_0_root_add_0_root_add_135/B[7] (mult_unit_DW01_add_19)
                                                          0.00       2.17 r
  u_mul/add_0_root_add_0_root_add_135/U5/Y (NAND2X5M)     0.24       2.41 f
  u_mul/add_0_root_add_0_root_add_135/U99/Y (OAI21X1M)
                                                          0.38       2.79 r
  u_mul/add_0_root_add_0_root_add_135/U20/Y (XNOR2X2M)
                                                          0.51       3.31 r
  u_mul/add_0_root_add_0_root_add_135/SUM[7] (mult_unit_DW01_add_19)
                                                          0.00       3.31 r
  u_mul/U394/Y (MX2X2M)                                   0.44       3.75 r
  u_mul/product_reg[7]/D (DFFRQX2M)                       0.00       3.75 r
  data arrival time                                                  3.75

  clock MASTER_CLK (rise edge)                            4.50       4.50
  clock network delay (ideal)                             0.00       4.50
  clock uncertainty                                      -0.20       4.30
  u_mul/product_reg[7]/CK (DFFRQX2M)                      0.00       4.30 r
  library setup time                                     -0.33       3.97
  data required time                                                 3.97
  --------------------------------------------------------------------------
  data required time                                                 3.97
  data arrival time                                                 -3.75
  --------------------------------------------------------------------------
  slack (MET)                                                        0.22


  Startpoint: u_mul/a_reg_reg[1]
              (rising edge-triggered flip-flop clocked by MASTER_CLK)
  Endpoint: u_mul/product_reg[5]
            (rising edge-triggered flip-flop clocked by MASTER_CLK)
  Path Group: MASTER_CLK
  Path Type: max

  Des/Clust/Port     Wire Load Model       Library
  ------------------------------------------------
  alu8_top           tsmc13_wl30           scmetro_tsmc_cl013g_rvt_ss_1p08v_125c

  Point                                                   Incr       Path
  --------------------------------------------------------------------------
  clock MASTER_CLK (rise edge)                            0.00       0.00
  clock network delay (ideal)                             0.00       0.00
  u_mul/a_reg_reg[1]/CK (DFFRHQX8M)                       0.00       0.00 r
  u_mul/a_reg_reg[1]/Q (DFFRHQX8M)                        0.45       0.45 r
  u_mul/U241/Y (INVX32M)                                  0.11       0.56 f
  u_mul/U118/Y (BUFX24M)                                  0.19       0.75 f
  u_mul/U313/Y (NAND2BX8M)                                0.22       0.97 f
  u_mul/U376/Y (INVX2M)                                   0.26       1.23 r
  u_mul/U117/Y (CLKXOR2X8M)                               0.47       1.70 f
  u_mul/add_0_root_add_0_root_add_135/A[5] (mult_unit_DW01_add_19)
                                                          0.00       1.70 f
  u_mul/add_0_root_add_0_root_add_135/U98/Y (AND2X1M)     0.59       2.28 f
  u_mul/add_0_root_add_0_root_add_135/U63/Y (NOR2X2M)     0.53       2.82 r
  u_mul/add_0_root_add_0_root_add_135/U89/Y (XNOR2X2M)
                                                          0.49       3.31 r
  u_mul/add_0_root_add_0_root_add_135/SUM[5] (mult_unit_DW01_add_19)
                                                          0.00       3.31 r
  u_mul/U395/Y (MX2X2M)                                   0.44       3.75 r
  u_mul/product_reg[5]/D (DFFRQX2M)                       0.00       3.75 r
  data arrival time                                                  3.75

  clock MASTER_CLK (rise edge)                            4.50       4.50
  clock network delay (ideal)                             0.00       4.50
  clock uncertainty                                      -0.20       4.30
  u_mul/product_reg[5]/CK (DFFRQX2M)                      0.00       4.30 r
  library setup time                                     -0.33       3.97
  data required time                                                 3.97
  --------------------------------------------------------------------------
  data required time                                                 3.97
  data arrival time                                                 -3.75
  --------------------------------------------------------------------------
  slack (MET)                                                        0.22


  Startpoint: u_mul/a_reg_reg[1]
              (rising edge-triggered flip-flop clocked by MASTER_CLK)
  Endpoint: u_mul/pipeline_level3_reg[4]
            (rising edge-triggered flip-flop clocked by MASTER_CLK)
  Path Group: MASTER_CLK
  Path Type: max

  Des/Clust/Port     Wire Load Model       Library
  ------------------------------------------------
  alu8_top           tsmc13_wl30           scmetro_tsmc_cl013g_rvt_ss_1p08v_125c

  Point                                                   Incr       Path
  --------------------------------------------------------------------------
  clock MASTER_CLK (rise edge)                            0.00       0.00
  clock network delay (ideal)                             0.00       0.00
  u_mul/a_reg_reg[1]/CK (DFFRHQX8M)                       0.00       0.00 r
  u_mul/a_reg_reg[1]/Q (DFFRHQX8M)                        0.45       0.45 r
  u_mul/U241/Y (INVX32M)                                  0.11       0.56 f
  u_mul/U118/Y (BUFX24M)                                  0.19       0.75 f
  u_mul/U273/Y (NAND2BX12M)                               0.20       0.95 f
  u_mul/U366/Y (NAND2BX12M)                               0.22       1.17 f
  u_mul/U344/Y (OR2X12M)                                  0.21       1.37 f
  u_mul/U346/Y (NAND3X12M)                                0.10       1.47 r
  u_mul/U91/Y (CLKINVX16M)                                0.11       1.58 f
  u_mul/U377/Y (XNOR3X2M)                                 0.70       2.29 r
  u_mul/add_0_root_add_0_root_add_131/A[4] (mult_unit_DW01_add_18)
                                                          0.00       2.29 r
  u_mul/add_0_root_add_0_root_add_131/U58/Y (NAND2X4M)
                                                          0.35       2.64 f
  u_mul/add_0_root_add_0_root_add_131/U63/Y (NAND2X2M)
                                                          0.31       2.95 r
  u_mul/add_0_root_add_0_root_add_131/U25/Y (XNOR2X2M)
                                                          0.45       3.40 r
  u_mul/add_0_root_add_0_root_add_131/SUM[4] (mult_unit_DW01_add_18)
                                                          0.00       3.40 r
  u_mul/pipeline_level3_reg[4]/D (DFFRQX2M)               0.00       3.40 r
  data arrival time                                                  3.40

  clock MASTER_CLK (rise edge)                            4.50       4.50
  clock network delay (ideal)                             0.00       4.50
  clock uncertainty                                      -0.20       4.30
  u_mul/pipeline_level3_reg[4]/CK (DFFRQX2M)              0.00       4.30 r
  library setup time                                     -0.38       3.92
  data required time                                                 3.92
  --------------------------------------------------------------------------
  data required time                                                 3.92
  data arrival time                                                 -3.40
  --------------------------------------------------------------------------
  slack (MET)                                                        0.52


  Startpoint: u_mul/a_reg_reg[1]
              (rising edge-triggered flip-flop clocked by MASTER_CLK)
  Endpoint: u_mul/pipeline_level3_reg[3]
            (rising edge-triggered flip-flop clocked by MASTER_CLK)
  Path Group: MASTER_CLK
  Path Type: max

  Des/Clust/Port     Wire Load Model       Library
  ------------------------------------------------
  alu8_top           tsmc13_wl30           scmetro_tsmc_cl013g_rvt_ss_1p08v_125c

  Point                                                   Incr       Path
  --------------------------------------------------------------------------
  clock MASTER_CLK (rise edge)                            0.00       0.00
  clock network delay (ideal)                             0.00       0.00
  u_mul/a_reg_reg[1]/CK (DFFRHQX8M)                       0.00       0.00 r
  u_mul/a_reg_reg[1]/Q (DFFRHQX8M)                        0.45       0.45 r
  u_mul/U241/Y (INVX32M)                                  0.11       0.56 f
  u_mul/U118/Y (BUFX24M)                                  0.19       0.75 f
  u_mul/U111/Y (NAND2BX4M)                                0.31       1.06 f
  u_mul/U380/Y (INVX2M)                                   0.28       1.34 r
  u_mul/U81/Y (XOR2X2M)                                   0.44       1.78 r
  u_mul/add_0_root_add_0_root_add_131/B[3] (mult_unit_DW01_add_18)
                                                          0.00       1.78 r
  u_mul/add_0_root_add_0_root_add_131/U9/Y (BUFX6M)       0.30       2.08 r
  u_mul/add_0_root_add_0_root_add_131/U17/Y (OR2X6M)      0.30       2.38 r
  u_mul/add_0_root_add_0_root_add_131/U2/Y (CLKNAND2X2M)
                                                          0.38       2.76 f
  u_mul/add_0_root_add_0_root_add_131/U64/Y (XNOR2X2M)
                                                          0.49       3.25 r
  u_mul/add_0_root_add_0_root_add_131/SUM[3] (mult_unit_DW01_add_18)
                                                          0.00       3.25 r
  u_mul/pipeline_level3_reg[3]/D (DFFRQX2M)               0.00       3.25 r
  data arrival time                                                  3.25

  clock MASTER_CLK (rise edge)                            4.50       4.50
  clock network delay (ideal)                             0.00       4.50
  clock uncertainty                                      -0.20       4.30
  u_mul/pipeline_level3_reg[3]/CK (DFFRQX2M)              0.00       4.30 r
  library setup time                                     -0.38       3.92
  data required time                                                 3.92
  --------------------------------------------------------------------------
  data required time                                                 3.92
  data arrival time                                                 -3.25
  --------------------------------------------------------------------------
  slack (MET)                                                        0.66


  Startpoint: u_add/en_reg_reg
              (rising edge-triggered flip-flop clocked by MASTER_CLK)
  Endpoint: u_add/sum_reg[6]
            (rising edge-triggered flip-flop clocked by MASTER_CLK)
  Path Group: MASTER_CLK
  Path Type: max

  Des/Clust/Port     Wire Load Model       Library
  ------------------------------------------------
  alu8_top           tsmc13_wl30           scmetro_tsmc_cl013g_rvt_ss_1p08v_125c

  Point                                    Incr       Path
  -----------------------------------------------------------
  clock MASTER_CLK (rise edge)             0.00       0.00
  clock network delay (ideal)              0.00       0.00
  u_add/en_reg_reg/CK (DFFRQX2M)           0.00       0.00 r
  u_add/en_reg_reg/Q (DFFRQX2M)            0.58       0.58 f
  u_add/U11/Y (BUFX6M)                     0.51       1.10 f
  u_add/U3/Y (INVX4M)                      0.95       2.05 r
  u_add/U9/Y (CLKNAND2X2M)                 0.74       2.79 f
  u_add/U6/Y (NAND2X12M)                   0.25       3.03 r
  u_add/sum_reg[6]/D (DFFRQX2M)            0.00       3.03 r
  data arrival time                                   3.03

  clock MASTER_CLK (rise edge)             4.50       4.50
  clock network delay (ideal)              0.00       4.50
  clock uncertainty                       -0.20       4.30
  u_add/sum_reg[6]/CK (DFFRQX2M)           0.00       4.30 r
  library setup time                      -0.31       3.99
  data required time                                  3.99
  -----------------------------------------------------------
  data required time                                  3.99
  data arrival time                                  -3.03
  -----------------------------------------------------------
  slack (MET)                                         0.95


  Startpoint: u_add/en_reg_reg
              (rising edge-triggered flip-flop clocked by MASTER_CLK)
  Endpoint: u_add/sum_reg[1]
            (rising edge-triggered flip-flop clocked by MASTER_CLK)
  Path Group: MASTER_CLK
  Path Type: max

  Des/Clust/Port     Wire Load Model       Library
  ------------------------------------------------
  alu8_top           tsmc13_wl30           scmetro_tsmc_cl013g_rvt_ss_1p08v_125c

  Point                                    Incr       Path
  -----------------------------------------------------------
  clock MASTER_CLK (rise edge)             0.00       0.00
  clock network delay (ideal)              0.00       0.00
  u_add/en_reg_reg/CK (DFFRQX2M)           0.00       0.00 r
  u_add/en_reg_reg/Q (DFFRQX2M)            0.55       0.55 r
  u_add/U11/Y (BUFX6M)                     0.88       1.42 r
  u_add/U3/Y (INVX4M)                      0.77       2.19 f
  u_add/U18/Y (AO22X1M)                    0.75       2.94 f
  u_add/sum_reg[1]/D (DFFRQX2M)            0.00       2.94 f
  data arrival time                                   2.94

  clock MASTER_CLK (rise edge)             4.50       4.50
  clock network delay (ideal)              0.00       4.50
  clock uncertainty                       -0.20       4.30
  u_add/sum_reg[1]/CK (DFFRQX2M)           0.00       4.30 r
  library setup time                      -0.20       4.10
  data required time                                  4.10
  -----------------------------------------------------------
  data required time                                  4.10
  data arrival time                                  -2.94
  -----------------------------------------------------------
  slack (MET)                                         1.16


  Startpoint: u_add/en_reg_reg
              (rising edge-triggered flip-flop clocked by MASTER_CLK)
  Endpoint: u_add/sum_reg[0]
            (rising edge-triggered flip-flop clocked by MASTER_CLK)
  Path Group: MASTER_CLK
  Path Type: max

  Des/Clust/Port     Wire Load Model       Library
  ------------------------------------------------
  alu8_top           tsmc13_wl30           scmetro_tsmc_cl013g_rvt_ss_1p08v_125c

  Point                                    Incr       Path
  -----------------------------------------------------------
  clock MASTER_CLK (rise edge)             0.00       0.00
  clock network delay (ideal)              0.00       0.00
  u_add/en_reg_reg/CK (DFFRQX2M)           0.00       0.00 r
  u_add/en_reg_reg/Q (DFFRQX2M)            0.55       0.55 r
  u_add/U11/Y (BUFX6M)                     0.88       1.42 r
  u_add/U3/Y (INVX4M)                      0.77       2.19 f
  u_add/U17/Y (AO22X1M)                    0.75       2.94 f
  u_add/sum_reg[0]/D (DFFRQX2M)            0.00       2.94 f
  data arrival time                                   2.94

  clock MASTER_CLK (rise edge)             4.50       4.50
  clock network delay (ideal)              0.00       4.50
  clock uncertainty                       -0.20       4.30
  u_add/sum_reg[0]/CK (DFFRQX2M)           0.00       4.30 r
  library setup time                      -0.20       4.10
  data required time                                  4.10
  -----------------------------------------------------------
  data required time                                  4.10
  data arrival time                                  -2.94
  -----------------------------------------------------------
  slack (MET)                                         1.16


  Startpoint: u_add/en_reg_reg
              (rising edge-triggered flip-flop clocked by MASTER_CLK)
  Endpoint: u_add/sum_reg[5]
            (rising edge-triggered flip-flop clocked by MASTER_CLK)
  Path Group: MASTER_CLK
  Path Type: max

  Des/Clust/Port     Wire Load Model       Library
  ------------------------------------------------
  alu8_top           tsmc13_wl30           scmetro_tsmc_cl013g_rvt_ss_1p08v_125c

  Point                                    Incr       Path
  -----------------------------------------------------------
  clock MASTER_CLK (rise edge)             0.00       0.00
  clock network delay (ideal)              0.00       0.00
  u_add/en_reg_reg/CK (DFFRQX2M)           0.00       0.00 r
  u_add/en_reg_reg/Q (DFFRQX2M)            0.55       0.55 r
  u_add/U11/Y (BUFX6M)                     0.88       1.42 r
  u_add/U3/Y (INVX4M)                      0.77       2.19 f
  u_add/U16/Y (AO22X1M)                    0.75       2.94 f
  u_add/sum_reg[5]/D (DFFRQX1M)            0.00       2.94 f
  data arrival time                                   2.94

  clock MASTER_CLK (rise edge)             4.50       4.50
  clock network delay (ideal)              0.00       4.50
  clock uncertainty                       -0.20       4.30
  u_add/sum_reg[5]/CK (DFFRQX1M)           0.00       4.30 r
  library setup time                      -0.18       4.12
  data required time                                  4.12
  -----------------------------------------------------------
  data required time                                  4.12
  data arrival time                                  -2.94
  -----------------------------------------------------------
  slack (MET)                                         1.18


  Startpoint: u_add/en_reg_reg
              (rising edge-triggered flip-flop clocked by MASTER_CLK)
  Endpoint: u_add/sum_reg[4]
            (rising edge-triggered flip-flop clocked by MASTER_CLK)
  Path Group: MASTER_CLK
  Path Type: max

  Des/Clust/Port     Wire Load Model       Library
  ------------------------------------------------
  alu8_top           tsmc13_wl30           scmetro_tsmc_cl013g_rvt_ss_1p08v_125c

  Point                                    Incr       Path
  -----------------------------------------------------------
  clock MASTER_CLK (rise edge)             0.00       0.00
  clock network delay (ideal)              0.00       0.00
  u_add/en_reg_reg/CK (DFFRQX2M)           0.00       0.00 r
  u_add/en_reg_reg/Q (DFFRQX2M)            0.55       0.55 r
  u_add/U11/Y (BUFX6M)                     0.88       1.42 r
  u_add/U3/Y (INVX4M)                      0.77       2.19 f
  u_add/U15/Y (AO22X1M)                    0.75       2.94 f
  u_add/sum_reg[4]/D (DFFRQX1M)            0.00       2.94 f
  data arrival time                                   2.94

  clock MASTER_CLK (rise edge)             4.50       4.50
  clock network delay (ideal)              0.00       4.50
  clock uncertainty                       -0.20       4.30
  u_add/sum_reg[4]/CK (DFFRQX1M)           0.00       4.30 r
  library setup time                      -0.18       4.12
  data required time                                  4.12
  -----------------------------------------------------------
  data required time                                  4.12
  data arrival time                                  -2.94
  -----------------------------------------------------------
  slack (MET)                                         1.18


  Startpoint: u_add/en_reg_reg
              (rising edge-triggered flip-flop clocked by MASTER_CLK)
  Endpoint: u_add/sum_reg[3]
            (rising edge-triggered flip-flop clocked by MASTER_CLK)
  Path Group: MASTER_CLK
  Path Type: max

  Des/Clust/Port     Wire Load Model       Library
  ------------------------------------------------
  alu8_top           tsmc13_wl30           scmetro_tsmc_cl013g_rvt_ss_1p08v_125c

  Point                                    Incr       Path
  -----------------------------------------------------------
  clock MASTER_CLK (rise edge)             0.00       0.00
  clock network delay (ideal)              0.00       0.00
  u_add/en_reg_reg/CK (DFFRQX2M)           0.00       0.00 r
  u_add/en_reg_reg/Q (DFFRQX2M)            0.55       0.55 r
  u_add/U11/Y (BUFX6M)                     0.88       1.42 r
  u_add/U3/Y (INVX4M)                      0.77       2.19 f
  u_add/U20/Y (AO22X1M)                    0.75       2.94 f
  u_add/sum_reg[3]/D (DFFRQX1M)            0.00       2.94 f
  data arrival time                                   2.94

  clock MASTER_CLK (rise edge)             4.50       4.50
  clock network delay (ideal)              0.00       4.50
  clock uncertainty                       -0.20       4.30
  u_add/sum_reg[3]/CK (DFFRQX1M)           0.00       4.30 r
  library setup time                      -0.18       4.12
  data required time                                  4.12
  -----------------------------------------------------------
  data required time                                  4.12
  data arrival time                                  -2.94
  -----------------------------------------------------------
  slack (MET)                                         1.18


  Startpoint: u_add/en_reg_reg
              (rising edge-triggered flip-flop clocked by MASTER_CLK)
  Endpoint: u_add/sum_reg[2]
            (rising edge-triggered flip-flop clocked by MASTER_CLK)
  Path Group: MASTER_CLK
  Path Type: max

  Des/Clust/Port     Wire Load Model       Library
  ------------------------------------------------
  alu8_top           tsmc13_wl30           scmetro_tsmc_cl013g_rvt_ss_1p08v_125c

  Point                                    Incr       Path
  -----------------------------------------------------------
  clock MASTER_CLK (rise edge)             0.00       0.00
  clock network delay (ideal)              0.00       0.00
  u_add/en_reg_reg/CK (DFFRQX2M)           0.00       0.00 r
  u_add/en_reg_reg/Q (DFFRQX2M)            0.55       0.55 r
  u_add/U11/Y (BUFX6M)                     0.88       1.42 r
  u_add/U3/Y (INVX4M)                      0.77       2.19 f
  u_add/U19/Y (AO22X1M)                    0.75       2.94 f
  u_add/sum_reg[2]/D (DFFRQX1M)            0.00       2.94 f
  data arrival time                                   2.94

  clock MASTER_CLK (rise edge)             4.50       4.50
  clock network delay (ideal)              0.00       4.50
  clock uncertainty                       -0.20       4.30
  u_add/sum_reg[2]/CK (DFFRQX1M)           0.00       4.30 r
  library setup time                      -0.18       4.12
  data required time                                  4.12
  -----------------------------------------------------------
  data required time                                  4.12
  data arrival time                                  -2.94
  -----------------------------------------------------------
  slack (MET)                                         1.18


  Startpoint: u_add/en_reg_reg
              (rising edge-triggered flip-flop clocked by MASTER_CLK)
  Endpoint: u_add/cout_reg
            (rising edge-triggered flip-flop clocked by MASTER_CLK)
  Path Group: MASTER_CLK
  Path Type: max

  Des/Clust/Port     Wire Load Model       Library
  ------------------------------------------------
  alu8_top           tsmc13_wl30           scmetro_tsmc_cl013g_rvt_ss_1p08v_125c

  Point                                    Incr       Path
  -----------------------------------------------------------
  clock MASTER_CLK (rise edge)             0.00       0.00
  clock network delay (ideal)              0.00       0.00
  u_add/en_reg_reg/CK (DFFRQX2M)           0.00       0.00 r
  u_add/en_reg_reg/Q (DFFRQX2M)            0.58       0.58 f
  u_add/U11/Y (BUFX6M)                     0.51       1.10 f
  u_add/U3/Y (INVX4M)                      0.95       2.05 r
  u_add/U14/Y (NAND2X2M)                   0.43       2.48 f
  u_add/U4/Y (NAND2X4M)                    0.25       2.73 r
  u_add/cout_reg/D (DFFRQX1M)              0.00       2.73 r
  data arrival time                                   2.73

  clock MASTER_CLK (rise edge)             4.50       4.50
  clock network delay (ideal)              0.00       4.50
  clock uncertainty                       -0.20       4.30
  u_add/cout_reg/CK (DFFRQX1M)             0.00       4.30 r
  library setup time                      -0.34       3.96
  data required time                                  3.96
  -----------------------------------------------------------
  data required time                                  3.96
  data arrival time                                  -2.73
  -----------------------------------------------------------
  slack (MET)                                         1.24


  Startpoint: u_add/en_reg_reg
              (rising edge-triggered flip-flop clocked by MASTER_CLK)
  Endpoint: u_add/sum_reg[7]
            (rising edge-triggered flip-flop clocked by MASTER_CLK)
  Path Group: MASTER_CLK
  Path Type: max

  Des/Clust/Port     Wire Load Model       Library
  ------------------------------------------------
  alu8_top           tsmc13_wl30           scmetro_tsmc_cl013g_rvt_ss_1p08v_125c

  Point                                    Incr       Path
  -----------------------------------------------------------
  clock MASTER_CLK (rise edge)             0.00       0.00
  clock network delay (ideal)              0.00       0.00
  u_add/en_reg_reg/CK (DFFRQX2M)           0.00       0.00 r
  u_add/en_reg_reg/Q (DFFRQX2M)            0.55       0.55 r
  u_add/U11/Y (BUFX6M)                     0.88       1.42 r
  u_add/U3/Y (INVX4M)                      0.77       2.19 f
  u_add/U12/Y (NAND2X2M)                   0.49       2.68 r
  u_add/U8/Y (CLKNAND2X12M)                0.19       2.87 f
  u_add/sum_reg[7]/D (DFFRQX2M)            0.00       2.87 f
  data arrival time                                   2.87

  clock MASTER_CLK (rise edge)             4.50       4.50
  clock network delay (ideal)              0.00       4.50
  clock uncertainty                       -0.20       4.30
  u_add/sum_reg[7]/CK (DFFRQX2M)           0.00       4.30 r
  library setup time                      -0.17       4.13
  data required time                                  4.13
  -----------------------------------------------------------
  data required time                                  4.13
  data arrival time                                  -2.87
  -----------------------------------------------------------
  slack (MET)                                         1.26


  Startpoint: u_mul/b_reg_reg[2]
              (rising edge-triggered flip-flop clocked by MASTER_CLK)
  Endpoint: u_mul/pipeline_level3_reg[2]
            (rising edge-triggered flip-flop clocked by MASTER_CLK)
  Path Group: MASTER_CLK
  Path Type: max

  Des/Clust/Port     Wire Load Model       Library
  ------------------------------------------------
  alu8_top           tsmc13_wl30           scmetro_tsmc_cl013g_rvt_ss_1p08v_125c

  Point                                                   Incr       Path
  --------------------------------------------------------------------------
  clock MASTER_CLK (rise edge)                            0.00       0.00
  clock network delay (ideal)                             0.00       0.00
  u_mul/b_reg_reg[2]/CK (DFFRX2M)                         0.00       0.00 r
  u_mul/b_reg_reg[2]/Q (DFFRX2M)                          0.70       0.70 r
  u_mul/U97/Y (CLKBUFX32M)                                0.30       0.99 r
  u_mul/U372/Y (AND2X1M)                                  0.79       1.78 r
  u_mul/add_0_root_add_0_root_add_131/B[2] (mult_unit_DW01_add_18)
                                                          0.00       1.78 r
  u_mul/add_0_root_add_0_root_add_131/U69/Y (NOR2X2M)     0.34       2.12 f
  u_mul/add_0_root_add_0_root_add_131/U68/Y (NOR2BX2M)
                                                          0.48       2.59 r
  u_mul/add_0_root_add_0_root_add_131/SUM[2] (mult_unit_DW01_add_18)
                                                          0.00       2.59 r
  u_mul/pipeline_level3_reg[2]/D (DFFRQX2M)               0.00       2.59 r
  data arrival time                                                  2.59

  clock MASTER_CLK (rise edge)                            4.50       4.50
  clock network delay (ideal)                             0.00       4.50
  clock uncertainty                                      -0.20       4.30
  u_mul/pipeline_level3_reg[2]/CK (DFFRQX2M)              0.00       4.30 r
  library setup time                                     -0.37       3.93
  data required time                                                 3.93
  --------------------------------------------------------------------------
  data required time                                                 3.93
  data arrival time                                                 -2.59
  --------------------------------------------------------------------------
  slack (MET)                                                        1.34


  Startpoint: u_mul/a_reg_reg[0]
              (rising edge-triggered flip-flop clocked by MASTER_CLK)
  Endpoint: u_mul/product_reg[4]
            (rising edge-triggered flip-flop clocked by MASTER_CLK)
  Path Group: MASTER_CLK
  Path Type: max

  Des/Clust/Port     Wire Load Model       Library
  ------------------------------------------------
  alu8_top           tsmc13_wl30           scmetro_tsmc_cl013g_rvt_ss_1p08v_125c

  Point                                                   Incr       Path
  --------------------------------------------------------------------------
  clock MASTER_CLK (rise edge)                            0.00       0.00
  clock network delay (ideal)                             0.00       0.00
  u_mul/a_reg_reg[0]/CK (DFFRHQX8M)                       0.00       0.00 r
  u_mul/a_reg_reg[0]/Q (DFFRHQX8M)                        0.47       0.47 r
  u_mul/U138/Y (INVX18M)                                  0.19       0.66 f
  u_mul/U252/Y (INVX20M)                                  0.15       0.81 r
  u_mul/U373/Y (AND2X1M)                                  0.42       1.24 r
  u_mul/add_0_root_add_0_root_add_135/A[4] (mult_unit_DW01_add_19)
                                                          0.00       1.24 r
  u_mul/add_0_root_add_0_root_add_135/U14/Y (BUFX10M)     0.23       1.47 r
  u_mul/add_0_root_add_0_root_add_135/U95/Y (OR2X1M)      0.38       1.84 r
  u_mul/add_0_root_add_0_root_add_135/U26/Y (AND2X2M)     0.35       2.19 r
  u_mul/add_0_root_add_0_root_add_135/SUM[4] (mult_unit_DW01_add_19)
                                                          0.00       2.19 r
  u_mul/U396/Y (MX2X2M)                                   0.37       2.57 r
  u_mul/product_reg[4]/D (DFFRQX2M)                       0.00       2.57 r
  data arrival time                                                  2.57

  clock MASTER_CLK (rise edge)                            4.50       4.50
  clock network delay (ideal)                             0.00       4.50
  clock uncertainty                                      -0.20       4.30
  u_mul/product_reg[4]/CK (DFFRQX2M)                      0.00       4.30 r
  library setup time                                     -0.33       3.97
  data required time                                                 3.97
  --------------------------------------------------------------------------
  data required time                                                 3.97
  data arrival time                                                 -2.57
  --------------------------------------------------------------------------
  slack (MET)                                                        1.40


  Startpoint: u_mul/en_reg_reg
              (rising edge-triggered flip-flop clocked by MASTER_CLK)
  Endpoint: u_mul/product_reg[3]
            (rising edge-triggered flip-flop clocked by MASTER_CLK)
  Path Group: MASTER_CLK
  Path Type: max

  Des/Clust/Port     Wire Load Model       Library
  ------------------------------------------------
  alu8_top           tsmc13_wl30           scmetro_tsmc_cl013g_rvt_ss_1p08v_125c

  Point                                    Incr       Path
  -----------------------------------------------------------
  clock MASTER_CLK (rise edge)             0.00       0.00
  clock network delay (ideal)              0.00       0.00
  u_mul/en_reg_reg/CK (DFFRHQX8M)          0.00       0.00 r
  u_mul/en_reg_reg/Q (DFFRHQX8M)           0.58       0.58 r
  u_mul/U229/Y (INVX2M)                    0.34       0.92 f
  u_mul/U231/Y (INVX4M)                    0.87       1.79 r
  u_mul/U400/Y (MX2X2M)                    0.40       2.19 r
  u_mul/product_reg[3]/D (DFFRQX2M)        0.00       2.19 r
  data arrival time                                   2.19

  clock MASTER_CLK (rise edge)             4.50       4.50
  clock network delay (ideal)              0.00       4.50
  clock uncertainty                       -0.20       4.30
  u_mul/product_reg[3]/CK (DFFRQX2M)       0.00       4.30 r
  library setup time                      -0.33       3.97
  data required time                                  3.97
  -----------------------------------------------------------
  data required time                                  3.97
  data arrival time                                  -2.19
  -----------------------------------------------------------
  slack (MET)                                         1.78


  Startpoint: u_mul/en_reg_reg
              (rising edge-triggered flip-flop clocked by MASTER_CLK)
  Endpoint: u_mul/product_reg[1]
            (rising edge-triggered flip-flop clocked by MASTER_CLK)
  Path Group: MASTER_CLK
  Path Type: max

  Des/Clust/Port     Wire Load Model       Library
  ------------------------------------------------
  alu8_top           tsmc13_wl30           scmetro_tsmc_cl013g_rvt_ss_1p08v_125c

  Point                                    Incr       Path
  -----------------------------------------------------------
  clock MASTER_CLK (rise edge)             0.00       0.00
  clock network delay (ideal)              0.00       0.00
  u_mul/en_reg_reg/CK (DFFRHQX8M)          0.00       0.00 r
  u_mul/en_reg_reg/Q (DFFRHQX8M)           0.58       0.58 r
  u_mul/U229/Y (INVX2M)                    0.34       0.92 f
  u_mul/U231/Y (INVX4M)                    0.87       1.79 r
  u_mul/U399/Y (MX2X2M)                    0.40       2.19 r
  u_mul/product_reg[1]/D (DFFRQX2M)        0.00       2.19 r
  data arrival time                                   2.19

  clock MASTER_CLK (rise edge)             4.50       4.50
  clock network delay (ideal)              0.00       4.50
  clock uncertainty                       -0.20       4.30
  u_mul/product_reg[1]/CK (DFFRQX2M)       0.00       4.30 r
  library setup time                      -0.33       3.97
  data required time                                  3.97
  -----------------------------------------------------------
  data required time                                  3.97
  data arrival time                                  -2.19
  -----------------------------------------------------------
  slack (MET)                                         1.78


  Startpoint: u_mul/en_reg_reg
              (rising edge-triggered flip-flop clocked by MASTER_CLK)
  Endpoint: u_mul/product_reg[2]
            (rising edge-triggered flip-flop clocked by MASTER_CLK)
  Path Group: MASTER_CLK
  Path Type: max

  Des/Clust/Port     Wire Load Model       Library
  ------------------------------------------------
  alu8_top           tsmc13_wl30           scmetro_tsmc_cl013g_rvt_ss_1p08v_125c

  Point                                    Incr       Path
  -----------------------------------------------------------
  clock MASTER_CLK (rise edge)             0.00       0.00
  clock network delay (ideal)              0.00       0.00
  u_mul/en_reg_reg/CK (DFFRHQX8M)          0.00       0.00 r
  u_mul/en_reg_reg/Q (DFFRHQX8M)           0.58       0.58 r
  u_mul/U229/Y (INVX2M)                    0.34       0.92 f
  u_mul/U230/Y (INVX4M)                    0.84       1.76 r
  u_mul/U398/Y (MX2X2M)                    0.40       2.16 r
  u_mul/product_reg[2]/D (DFFRQX2M)        0.00       2.16 r
  data arrival time                                   2.16

  clock MASTER_CLK (rise edge)             4.50       4.50
  clock network delay (ideal)              0.00       4.50
  clock uncertainty                       -0.20       4.30
  u_mul/product_reg[2]/CK (DFFRQX2M)       0.00       4.30 r
  library setup time                      -0.33       3.97
  data required time                                  3.97
  -----------------------------------------------------------
  data required time                                  3.97
  data arrival time                                  -2.16
  -----------------------------------------------------------
  slack (MET)                                         1.81


  Startpoint: u_mul/en_reg_reg
              (rising edge-triggered flip-flop clocked by MASTER_CLK)
  Endpoint: u_mul/product_reg[0]
            (rising edge-triggered flip-flop clocked by MASTER_CLK)
  Path Group: MASTER_CLK
  Path Type: max

  Des/Clust/Port     Wire Load Model       Library
  ------------------------------------------------
  alu8_top           tsmc13_wl30           scmetro_tsmc_cl013g_rvt_ss_1p08v_125c

  Point                                    Incr       Path
  -----------------------------------------------------------
  clock MASTER_CLK (rise edge)             0.00       0.00
  clock network delay (ideal)              0.00       0.00
  u_mul/en_reg_reg/CK (DFFRHQX8M)          0.00       0.00 r
  u_mul/en_reg_reg/Q (DFFRHQX8M)           0.58       0.58 r
  u_mul/U229/Y (INVX2M)                    0.34       0.92 f
  u_mul/U230/Y (INVX4M)                    0.84       1.76 r
  u_mul/U397/Y (MX2X2M)                    0.40       2.16 r
  u_mul/product_reg[0]/D (DFFRQX2M)        0.00       2.16 r
  data arrival time                                   2.16

  clock MASTER_CLK (rise edge)             4.50       4.50
  clock network delay (ideal)              0.00       4.50
  clock uncertainty                       -0.20       4.30
  u_mul/product_reg[0]/CK (DFFRQX2M)       0.00       4.30 r
  library setup time                      -0.33       3.97
  data required time                                  3.97
  -----------------------------------------------------------
  data required time                                  3.97
  data arrival time                                  -2.16
  -----------------------------------------------------------
  slack (MET)                                         1.81


  Startpoint: u_mul/en_reg_reg
              (rising edge-triggered flip-flop clocked by MASTER_CLK)
  Endpoint: u_mul/valid_reg
            (rising edge-triggered flip-flop clocked by MASTER_CLK)
  Path Group: MASTER_CLK
  Path Type: max

  Des/Clust/Port     Wire Load Model       Library
  ------------------------------------------------
  alu8_top           tsmc13_wl30           scmetro_tsmc_cl013g_rvt_ss_1p08v_125c

  Point                                    Incr       Path
  -----------------------------------------------------------
  clock MASTER_CLK (rise edge)             0.00       0.00
  clock network delay (ideal)              0.00       0.00
  u_mul/en_reg_reg/CK (DFFRHQX8M)          0.00       0.00 r
  u_mul/en_reg_reg/Q (DFFRHQX8M)           0.58       0.58 r
  u_mul/U229/Y (INVX2M)                    0.34       0.92 f
  u_mul/U230/Y (INVX4M)                    0.84       1.76 r
  u_mul/valid_reg/D (DFFRQX2M)             0.00       1.76 r
  data arrival time                                   1.76

  clock MASTER_CLK (rise edge)             4.50       4.50
  clock network delay (ideal)              0.00       4.50
  clock uncertainty                       -0.20       4.30
  u_mul/valid_reg/CK (DFFRQX2M)            0.00       4.30 r
  library setup time                      -0.45       3.85
  data required time                                  3.85
  -----------------------------------------------------------
  data required time                                  3.85
  data arrival time                                  -1.76
  -----------------------------------------------------------
  slack (MET)                                         2.10


  Startpoint: u_mul/a_reg_reg[1]
              (rising edge-triggered flip-flop clocked by MASTER_CLK)
  Endpoint: u_mul/pipeline_level3_reg[1]
            (rising edge-triggered flip-flop clocked by MASTER_CLK)
  Path Group: MASTER_CLK
  Path Type: max

  Des/Clust/Port     Wire Load Model       Library
  ------------------------------------------------
  alu8_top           tsmc13_wl30           scmetro_tsmc_cl013g_rvt_ss_1p08v_125c

  Point                                                   Incr       Path
  --------------------------------------------------------------------------
  clock MASTER_CLK (rise edge)                            0.00       0.00
  clock network delay (ideal)                             0.00       0.00
  u_mul/a_reg_reg[1]/CK (DFFRHQX8M)                       0.00       0.00 r
  u_mul/a_reg_reg[1]/Q (DFFRHQX8M)                        0.38       0.38 f
  u_mul/U241/Y (INVX32M)                                  0.15       0.53 r
  u_mul/U118/Y (BUFX24M)                                  0.23       0.76 r
  u_mul/U273/Y (NAND2BX12M)                               0.20       0.96 r
  u_mul/U369/Y (XNOR2X1M)                                 0.55       1.52 r
  u_mul/add_0_root_add_0_root_add_131/A[1] (mult_unit_DW01_add_18)
                                                          0.00       1.52 r
  u_mul/add_0_root_add_0_root_add_131/SUM[1] (mult_unit_DW01_add_18)
                                                          0.00       1.52 r
  u_mul/pipeline_level3_reg[1]/D (DFFRQX2M)               0.00       1.52 r
  data arrival time                                                  1.52

  clock MASTER_CLK (rise edge)                            4.50       4.50
  clock network delay (ideal)                             0.00       4.50
  clock uncertainty                                      -0.20       4.30
  u_mul/pipeline_level3_reg[1]/CK (DFFRQX2M)              0.00       4.30 r
  library setup time                                     -0.42       3.88
  data required time                                                 3.88
  --------------------------------------------------------------------------
  data required time                                                 3.88
  data arrival time                                                 -1.52
  --------------------------------------------------------------------------
  slack (MET)                                                        2.36


  Startpoint: u_add/en_reg_reg
              (rising edge-triggered flip-flop clocked by MASTER_CLK)
  Endpoint: u_add/valid_reg
            (rising edge-triggered flip-flop clocked by MASTER_CLK)
  Path Group: MASTER_CLK
  Path Type: max

  Des/Clust/Port     Wire Load Model       Library
  ------------------------------------------------
  alu8_top           tsmc13_wl30           scmetro_tsmc_cl013g_rvt_ss_1p08v_125c

  Point                                    Incr       Path
  -----------------------------------------------------------
  clock MASTER_CLK (rise edge)             0.00       0.00
  clock network delay (ideal)              0.00       0.00
  u_add/en_reg_reg/CK (DFFRQX2M)           0.00       0.00 r
  u_add/en_reg_reg/Q (DFFRQX2M)            0.55       0.55 r
  u_add/U11/Y (BUFX6M)                     0.88       1.42 r
  u_add/valid_reg/D (DFFRQX2M)             0.00       1.42 r
  data arrival time                                   1.42

  clock MASTER_CLK (rise edge)             4.50       4.50
  clock network delay (ideal)              0.00       4.50
  clock uncertainty                       -0.20       4.30
  u_add/valid_reg/CK (DFFRQX2M)            0.00       4.30 r
  library setup time                      -0.45       3.85
  data required time                                  3.85
  -----------------------------------------------------------
  data required time                                  3.85
  data arrival time                                  -1.42
  -----------------------------------------------------------
  slack (MET)                                         2.43


  Startpoint: u_mul/a_reg_reg[0]
              (rising edge-triggered flip-flop clocked by MASTER_CLK)
  Endpoint: u_mul/pipeline_level3_reg[0]
            (rising edge-triggered flip-flop clocked by MASTER_CLK)
  Path Group: MASTER_CLK
  Path Type: max

  Des/Clust/Port     Wire Load Model       Library
  ------------------------------------------------
  alu8_top           tsmc13_wl30           scmetro_tsmc_cl013g_rvt_ss_1p08v_125c

  Point                                                   Incr       Path
  --------------------------------------------------------------------------
  clock MASTER_CLK (rise edge)                            0.00       0.00
  clock network delay (ideal)                             0.00       0.00
  u_mul/a_reg_reg[0]/CK (DFFRHQX8M)                       0.00       0.00 r
  u_mul/a_reg_reg[0]/Q (DFFRHQX8M)                        0.47       0.47 r
  u_mul/U138/Y (INVX18M)                                  0.19       0.66 f
  u_mul/U252/Y (INVX20M)                                  0.15       0.81 r
  u_mul/U387/Y (AND2X1M)                                  0.38       1.20 r
  u_mul/add_0_root_add_0_root_add_131/A[0] (mult_unit_DW01_add_18)
                                                          0.00       1.20 r
  u_mul/add_0_root_add_0_root_add_131/SUM[0] (mult_unit_DW01_add_18)
                                                          0.00       1.20 r
  u_mul/pipeline_level3_reg[0]/D (DFFRQX2M)               0.00       1.20 r
  data arrival time                                                  1.20

  clock MASTER_CLK (rise edge)                            4.50       4.50
  clock network delay (ideal)                             0.00       4.50
  clock uncertainty                                      -0.20       4.30
  u_mul/pipeline_level3_reg[0]/CK (DFFRQX2M)              0.00       4.30 r
  library setup time                                     -0.35       3.95
  data required time                                                 3.95
  --------------------------------------------------------------------------
  data required time                                                 3.95
  data arrival time                                                 -1.20
  --------------------------------------------------------------------------
  slack (MET)                                                        2.76


  Startpoint: u_add/cout_reg
              (rising edge-triggered flip-flop clocked by MASTER_CLK)
  Endpoint: result[8] (output port clocked by MASTER_CLK)
  Path Group: REGOUT
  Path Type: max

  Des/Clust/Port     Wire Load Model       Library
  ------------------------------------------------
  alu8_top           tsmc13_wl30           scmetro_tsmc_cl013g_rvt_ss_1p08v_125c

  Point                                    Incr       Path
  -----------------------------------------------------------
  clock MASTER_CLK (rise edge)             0.00       0.00
  clock network delay (ideal)              0.00       0.00
  u_add/cout_reg/CK (DFFRQX1M)             0.00       0.00 r
  u_add/cout_reg/Q (DFFRQX1M)              0.90       0.90 r
  u_add/cout (add_unit)                    0.00       0.90 r
  U28/Y (AND2X2M)                          0.40       1.31 r
  U31/Y (OR2X8M)                           0.89       2.19 r
  result[8] (out)                          0.00       2.19 r
  data arrival time                                   2.19

  clock MASTER_CLK (rise edge)             4.50       4.50
  clock network delay (ideal)              0.00       4.50
  clock uncertainty                       -0.20       4.30
  output external delay                   -0.90       3.40
  data required time                                  3.40
  -----------------------------------------------------------
  data required time                                  3.40
  data arrival time                                  -2.19
  -----------------------------------------------------------
  slack (MET)                                         1.21


  Startpoint: u_mul/product_reg[7]
              (rising edge-triggered flip-flop clocked by MASTER_CLK)
  Endpoint: result[7] (output port clocked by MASTER_CLK)
  Path Group: REGOUT
  Path Type: max

  Des/Clust/Port     Wire Load Model       Library
  ------------------------------------------------
  alu8_top           tsmc13_wl30           scmetro_tsmc_cl013g_rvt_ss_1p08v_125c

  Point                                    Incr       Path
  -----------------------------------------------------------
  clock MASTER_CLK (rise edge)             0.00       0.00
  clock network delay (ideal)              0.00       0.00
  u_mul/product_reg[7]/CK (DFFRQX2M)       0.00       0.00 r
  u_mul/product_reg[7]/Q (DFFRQX2M)        0.71       0.71 r
  u_mul/product[7] (mult_unit)             0.00       0.71 r
  U29/Y (NAND2X2M)                         0.39       1.10 f
  U30/Y (NAND2X8M)                         0.91       2.01 r
  result[7] (out)                          0.00       2.01 r
  data arrival time                                   2.01

  clock MASTER_CLK (rise edge)             4.50       4.50
  clock network delay (ideal)              0.00       4.50
  clock uncertainty                       -0.20       4.30
  output external delay                   -0.90       3.40
  data required time                                  3.40
  -----------------------------------------------------------
  data required time                                  3.40
  data arrival time                                  -2.01
  -----------------------------------------------------------
  slack (MET)                                         1.39


  Startpoint: u_add/sum_reg[5]
              (rising edge-triggered flip-flop clocked by MASTER_CLK)
  Endpoint: result[5] (output port clocked by MASTER_CLK)
  Path Group: REGOUT
  Path Type: max

  Des/Clust/Port     Wire Load Model       Library
  ------------------------------------------------
  alu8_top           tsmc13_wl30           scmetro_tsmc_cl013g_rvt_ss_1p08v_125c

  Point                                    Incr       Path
  -----------------------------------------------------------
  clock MASTER_CLK (rise edge)             0.00       0.00
  clock network delay (ideal)              0.00       0.00
  u_add/sum_reg[5]/CK (DFFRQX1M)           0.00       0.00 r
  u_add/sum_reg[5]/Q (DFFRQX1M)            0.92       0.92 r
  u_add/sum[5] (add_unit)                  0.00       0.92 r
  U7/Y (AO22X8M)                           1.01       1.94 r
  result[5] (out)                          0.00       1.94 r
  data arrival time                                   1.94

  clock MASTER_CLK (rise edge)             4.50       4.50
  clock network delay (ideal)              0.00       4.50
  clock uncertainty                       -0.20       4.30
  output external delay                   -0.90       3.40
  data required time                                  3.40
  -----------------------------------------------------------
  data required time                                  3.40
  data arrival time                                  -1.94
  -----------------------------------------------------------
  slack (MET)                                         1.46


  Startpoint: u_add/sum_reg[4]
              (rising edge-triggered flip-flop clocked by MASTER_CLK)
  Endpoint: result[4] (output port clocked by MASTER_CLK)
  Path Group: REGOUT
  Path Type: max

  Des/Clust/Port     Wire Load Model       Library
  ------------------------------------------------
  alu8_top           tsmc13_wl30           scmetro_tsmc_cl013g_rvt_ss_1p08v_125c

  Point                                    Incr       Path
  -----------------------------------------------------------
  clock MASTER_CLK (rise edge)             0.00       0.00
  clock network delay (ideal)              0.00       0.00
  u_add/sum_reg[4]/CK (DFFRQX1M)           0.00       0.00 r
  u_add/sum_reg[4]/Q (DFFRQX1M)            0.92       0.92 r
  u_add/sum[4] (add_unit)                  0.00       0.92 r
  U8/Y (AO22X8M)                           1.01       1.94 r
  result[4] (out)                          0.00       1.94 r
  data arrival time                                   1.94

  clock MASTER_CLK (rise edge)             4.50       4.50
  clock network delay (ideal)              0.00       4.50
  clock uncertainty                       -0.20       4.30
  output external delay                   -0.90       3.40
  data required time                                  3.40
  -----------------------------------------------------------
  data required time                                  3.40
  data arrival time                                  -1.94
  -----------------------------------------------------------
  slack (MET)                                         1.46


  Startpoint: u_add/sum_reg[3]
              (rising edge-triggered flip-flop clocked by MASTER_CLK)
  Endpoint: result[3] (output port clocked by MASTER_CLK)
  Path Group: REGOUT
  Path Type: max

  Des/Clust/Port     Wire Load Model       Library
  ------------------------------------------------
  alu8_top           tsmc13_wl30           scmetro_tsmc_cl013g_rvt_ss_1p08v_125c

  Point                                    Incr       Path
  -----------------------------------------------------------
  clock MASTER_CLK (rise edge)             0.00       0.00
  clock network delay (ideal)              0.00       0.00
  u_add/sum_reg[3]/CK (DFFRQX1M)           0.00       0.00 r
  u_add/sum_reg[3]/Q (DFFRQX1M)            0.92       0.92 r
  u_add/sum[3] (add_unit)                  0.00       0.92 r
  U9/Y (AO22X8M)                           1.01       1.94 r
  result[3] (out)                          0.00       1.94 r
  data arrival time                                   1.94

  clock MASTER_CLK (rise edge)             4.50       4.50
  clock network delay (ideal)              0.00       4.50
  clock uncertainty                       -0.20       4.30
  output external delay                   -0.90       3.40
  data required time                                  3.40
  -----------------------------------------------------------
  data required time                                  3.40
  data arrival time                                  -1.94
  -----------------------------------------------------------
  slack (MET)                                         1.46


  Startpoint: u_add/sum_reg[2]
              (rising edge-triggered flip-flop clocked by MASTER_CLK)
  Endpoint: result[2] (output port clocked by MASTER_CLK)
  Path Group: REGOUT
  Path Type: max

  Des/Clust/Port     Wire Load Model       Library
  ------------------------------------------------
  alu8_top           tsmc13_wl30           scmetro_tsmc_cl013g_rvt_ss_1p08v_125c

  Point                                    Incr       Path
  -----------------------------------------------------------
  clock MASTER_CLK (rise edge)             0.00       0.00
  clock network delay (ideal)              0.00       0.00
  u_add/sum_reg[2]/CK (DFFRQX1M)           0.00       0.00 r
  u_add/sum_reg[2]/Q (DFFRQX1M)            0.92       0.92 r
  u_add/sum[2] (add_unit)                  0.00       0.92 r
  U10/Y (AO22X8M)                          1.01       1.94 r
  result[2] (out)                          0.00       1.94 r
  data arrival time                                   1.94

  clock MASTER_CLK (rise edge)             4.50       4.50
  clock network delay (ideal)              0.00       4.50
  clock uncertainty                       -0.20       4.30
  output external delay                   -0.90       3.40
  data required time                                  3.40
  -----------------------------------------------------------
  data required time                                  3.40
  data arrival time                                  -1.94
  -----------------------------------------------------------
  slack (MET)                                         1.46


  Startpoint: u_mul/product_reg[12]
              (rising edge-triggered flip-flop clocked by MASTER_CLK)
  Endpoint: result[12] (output port clocked by MASTER_CLK)
  Path Group: REGOUT
  Path Type: max

  Des/Clust/Port     Wire Load Model       Library
  ------------------------------------------------
  alu8_top           tsmc13_wl30           scmetro_tsmc_cl013g_rvt_ss_1p08v_125c

  Point                                                   Incr       Path
  --------------------------------------------------------------------------
  clock MASTER_CLK (rise edge)                            0.00       0.00
  clock network delay (ideal)                             0.00       0.00
  u_mul/product_reg[12]/CK (DFFRHQX1M)                    0.00       0.00 r
  u_mul/product_reg[12]/Q (DFFRHQX1M)                     0.78       0.78 r
  u_mul/product[12] (mult_unit)                           0.00       0.78 r
  U37/Y (AND2X8M)                                         0.94       1.72 r
  result[12] (out)                                        0.00       1.72 r
  data arrival time                                                  1.72

  clock MASTER_CLK (rise edge)                            4.50       4.50
  clock network delay (ideal)                             0.00       4.50
  clock uncertainty                                      -0.20       4.30
  output external delay                                  -0.90       3.40
  data required time                                                 3.40
  --------------------------------------------------------------------------
  data required time                                                 3.40
  data arrival time                                                 -1.72
  --------------------------------------------------------------------------
  slack (MET)                                                        1.68


  Startpoint: u_add/sum_reg[6]
              (rising edge-triggered flip-flop clocked by MASTER_CLK)
  Endpoint: result[6] (output port clocked by MASTER_CLK)
  Path Group: REGOUT
  Path Type: max

  Des/Clust/Port     Wire Load Model       Library
  ------------------------------------------------
  alu8_top           tsmc13_wl30           scmetro_tsmc_cl013g_rvt_ss_1p08v_125c

  Point                                    Incr       Path
  -----------------------------------------------------------
  clock MASTER_CLK (rise edge)             0.00       0.00
  clock network delay (ideal)              0.00       0.00
  u_add/sum_reg[6]/CK (DFFRQX2M)           0.00       0.00 r
  u_add/sum_reg[6]/Q (DFFRQX2M)            0.72       0.72 r
  u_add/sum[6] (add_unit)                  0.00       0.72 r
  U6/Y (AO22X8M)                           0.98       1.71 r
  result[6] (out)                          0.00       1.71 r
  data arrival time                                   1.71

  clock MASTER_CLK (rise edge)             4.50       4.50
  clock network delay (ideal)              0.00       4.50
  clock uncertainty                       -0.20       4.30
  output external delay                   -0.90       3.40
  data required time                                  3.40
  -----------------------------------------------------------
  data required time                                  3.40
  data arrival time                                  -1.71
  -----------------------------------------------------------
  slack (MET)                                         1.69


  Startpoint: u_add/sum_reg[1]
              (rising edge-triggered flip-flop clocked by MASTER_CLK)
  Endpoint: result[1] (output port clocked by MASTER_CLK)
  Path Group: REGOUT
  Path Type: max

  Des/Clust/Port     Wire Load Model       Library
  ------------------------------------------------
  alu8_top           tsmc13_wl30           scmetro_tsmc_cl013g_rvt_ss_1p08v_125c

  Point                                    Incr       Path
  -----------------------------------------------------------
  clock MASTER_CLK (rise edge)             0.00       0.00
  clock network delay (ideal)              0.00       0.00
  u_add/sum_reg[1]/CK (DFFRQX2M)           0.00       0.00 r
  u_add/sum_reg[1]/Q (DFFRQX2M)            0.72       0.72 r
  u_add/sum[1] (add_unit)                  0.00       0.72 r
  U11/Y (AO22X8M)                          0.98       1.70 r
  result[1] (out)                          0.00       1.70 r
  data arrival time                                   1.70

  clock MASTER_CLK (rise edge)             4.50       4.50
  clock network delay (ideal)              0.00       4.50
  clock uncertainty                       -0.20       4.30
  output external delay                   -0.90       3.40
  data required time                                  3.40
  -----------------------------------------------------------
  data required time                                  3.40
  data arrival time                                  -1.70
  -----------------------------------------------------------
  slack (MET)                                         1.70


  Startpoint: u_add/sum_reg[0]
              (rising edge-triggered flip-flop clocked by MASTER_CLK)
  Endpoint: result[0] (output port clocked by MASTER_CLK)
  Path Group: REGOUT
  Path Type: max

  Des/Clust/Port     Wire Load Model       Library
  ------------------------------------------------
  alu8_top           tsmc13_wl30           scmetro_tsmc_cl013g_rvt_ss_1p08v_125c

  Point                                    Incr       Path
  -----------------------------------------------------------
  clock MASTER_CLK (rise edge)             0.00       0.00
  clock network delay (ideal)              0.00       0.00
  u_add/sum_reg[0]/CK (DFFRQX2M)           0.00       0.00 r
  u_add/sum_reg[0]/Q (DFFRQX2M)            0.72       0.72 r
  u_add/sum[0] (add_unit)                  0.00       0.72 r
  U18/Y (AO22X8M)                          0.98       1.70 r
  result[0] (out)                          0.00       1.70 r
  data arrival time                                   1.70

  clock MASTER_CLK (rise edge)             4.50       4.50
  clock network delay (ideal)              0.00       4.50
  clock uncertainty                       -0.20       4.30
  output external delay                   -0.90       3.40
  data required time                                  3.40
  -----------------------------------------------------------
  data required time                                  3.40
  data arrival time                                  -1.70
  -----------------------------------------------------------
  slack (MET)                                         1.70


  Startpoint: u_mul/product_reg[11]
              (rising edge-triggered flip-flop clocked by MASTER_CLK)
  Endpoint: result[11] (output port clocked by MASTER_CLK)
  Path Group: REGOUT
  Path Type: max

  Des/Clust/Port     Wire Load Model       Library
  ------------------------------------------------
  alu8_top           tsmc13_wl30           scmetro_tsmc_cl013g_rvt_ss_1p08v_125c

  Point                                    Incr       Path
  -----------------------------------------------------------
  clock MASTER_CLK (rise edge)             0.00       0.00
  clock network delay (ideal)              0.00       0.00
  u_mul/product_reg[11]/CK (DFFRQX2M)      0.00       0.00 r
  u_mul/product_reg[11]/Q (DFFRQX2M)       0.72       0.72 r
  u_mul/product[11] (mult_unit)            0.00       0.72 r
  U36/Y (AND2X8M)                          0.93       1.65 r
  result[11] (out)                         0.00       1.65 r
  data arrival time                                   1.65

  clock MASTER_CLK (rise edge)             4.50       4.50
  clock network delay (ideal)              0.00       4.50
  clock uncertainty                       -0.20       4.30
  output external delay                   -0.90       3.40
  data required time                                  3.40
  -----------------------------------------------------------
  data required time                                  3.40
  data arrival time                                  -1.65
  -----------------------------------------------------------
  slack (MET)                                         1.75


  Startpoint: u_mul/product_reg[10]
              (rising edge-triggered flip-flop clocked by MASTER_CLK)
  Endpoint: result[10] (output port clocked by MASTER_CLK)
  Path Group: REGOUT
  Path Type: max

  Des/Clust/Port     Wire Load Model       Library
  ------------------------------------------------
  alu8_top           tsmc13_wl30           scmetro_tsmc_cl013g_rvt_ss_1p08v_125c

  Point                                    Incr       Path
  -----------------------------------------------------------
  clock MASTER_CLK (rise edge)             0.00       0.00
  clock network delay (ideal)              0.00       0.00
  u_mul/product_reg[10]/CK (DFFRQX2M)      0.00       0.00 r
  u_mul/product_reg[10]/Q (DFFRQX2M)       0.72       0.72 r
  u_mul/product[10] (mult_unit)            0.00       0.72 r
  U35/Y (AND2X8M)                          0.93       1.65 r
  result[10] (out)                         0.00       1.65 r
  data arrival time                                   1.65

  clock MASTER_CLK (rise edge)             4.50       4.50
  clock network delay (ideal)              0.00       4.50
  clock uncertainty                       -0.20       4.30
  output external delay                   -0.90       3.40
  data required time                                  3.40
  -----------------------------------------------------------
  data required time                                  3.40
  data arrival time                                  -1.65
  -----------------------------------------------------------
  slack (MET)                                         1.75


  Startpoint: u_mul/product_reg[9]
              (rising edge-triggered flip-flop clocked by MASTER_CLK)
  Endpoint: result[9] (output port clocked by MASTER_CLK)
  Path Group: REGOUT
  Path Type: max

  Des/Clust/Port     Wire Load Model       Library
  ------------------------------------------------
  alu8_top           tsmc13_wl30           scmetro_tsmc_cl013g_rvt_ss_1p08v_125c

  Point                                    Incr       Path
  -----------------------------------------------------------
  clock MASTER_CLK (rise edge)             0.00       0.00
  clock network delay (ideal)              0.00       0.00
  u_mul/product_reg[9]/CK (DFFRQX2M)       0.00       0.00 r
  u_mul/product_reg[9]/Q (DFFRQX2M)        0.72       0.72 r
  u_mul/product[9] (mult_unit)             0.00       0.72 r
  U34/Y (AND2X8M)                          0.93       1.65 r
  result[9] (out)                          0.00       1.65 r
  data arrival time                                   1.65

  clock MASTER_CLK (rise edge)             4.50       4.50
  clock network delay (ideal)              0.00       4.50
  clock uncertainty                       -0.20       4.30
  output external delay                   -0.90       3.40
  data required time                                  3.40
  -----------------------------------------------------------
  data required time                                  3.40
  data arrival time                                  -1.65
  -----------------------------------------------------------
  slack (MET)                                         1.75


  Startpoint: u_add/valid_reg
              (rising edge-triggered flip-flop clocked by MASTER_CLK)
  Endpoint: valid (output port clocked by MASTER_CLK)
  Path Group: REGOUT
  Path Type: max

  Des/Clust/Port     Wire Load Model       Library
  ------------------------------------------------
  alu8_top           tsmc13_wl30           scmetro_tsmc_cl013g_rvt_ss_1p08v_125c

  Point                                    Incr       Path
  -----------------------------------------------------------
  clock MASTER_CLK (rise edge)             0.00       0.00
  clock network delay (ideal)              0.00       0.00
  u_add/valid_reg/CK (DFFRQX2M)            0.00       0.00 r
  u_add/valid_reg/Q (DFFRQX2M)             0.56       0.56 r
  u_add/valid (add_unit)                   0.00       0.56 r
  U2/Y (AO22X8M)                           0.94       1.49 r
  valid (out)                              0.00       1.49 r
  data arrival time                                   1.49

  clock MASTER_CLK (rise edge)             4.50       4.50
  clock network delay (ideal)              0.00       4.50
  clock uncertainty                       -0.20       4.30
  output external delay                   -0.90       3.40
  data required time                                  3.40
  -----------------------------------------------------------
  data required time                                  3.40
  data arrival time                                  -1.49
  -----------------------------------------------------------
  slack (MET)                                         1.91


  Startpoint: u_mul/product_reg[15]
              (rising edge-triggered flip-flop clocked by MASTER_CLK)
  Endpoint: result[15] (output port clocked by MASTER_CLK)
  Path Group: REGOUT
  Path Type: max

  Des/Clust/Port     Wire Load Model       Library
  ------------------------------------------------
  alu8_top           tsmc13_wl30           scmetro_tsmc_cl013g_rvt_ss_1p08v_125c

  Point                                                   Incr       Path
  --------------------------------------------------------------------------
  clock MASTER_CLK (rise edge)                            0.00       0.00
  clock network delay (ideal)                             0.00       0.00
  u_mul/product_reg[15]/CK (DFFRHQX4M)                    0.00       0.00 r
  u_mul/product_reg[15]/Q (DFFRHQX4M)                     0.50       0.50 r
  u_mul/product[15] (mult_unit)                           0.00       0.50 r
  U32/Y (AND2X8M)                                         0.90       1.41 r
  result[15] (out)                                        0.00       1.41 r
  data arrival time                                                  1.41

  clock MASTER_CLK (rise edge)                            4.50       4.50
  clock network delay (ideal)                             0.00       4.50
  clock uncertainty                                      -0.20       4.30
  output external delay                                  -0.90       3.40
  data required time                                                 3.40
  --------------------------------------------------------------------------
  data required time                                                 3.40
  data arrival time                                                 -1.41
  --------------------------------------------------------------------------
  slack (MET)                                                        1.99


  Startpoint: u_mul/product_reg[14]
              (rising edge-triggered flip-flop clocked by MASTER_CLK)
  Endpoint: result[14] (output port clocked by MASTER_CLK)
  Path Group: REGOUT
  Path Type: max

  Des/Clust/Port     Wire Load Model       Library
  ------------------------------------------------
  alu8_top           tsmc13_wl30           scmetro_tsmc_cl013g_rvt_ss_1p08v_125c

  Point                                                   Incr       Path
  --------------------------------------------------------------------------
  clock MASTER_CLK (rise edge)                            0.00       0.00
  clock network delay (ideal)                             0.00       0.00
  u_mul/product_reg[14]/CK (DFFRHQX4M)                    0.00       0.00 r
  u_mul/product_reg[14]/Q (DFFRHQX4M)                     0.47       0.47 r
  u_mul/product[14] (mult_unit)                           0.00       0.47 r
  U21/Y (AND2X8M)                                         0.90       1.37 r
  result[14] (out)                                        0.00       1.37 r
  data arrival time                                                  1.37

  clock MASTER_CLK (rise edge)                            4.50       4.50
  clock network delay (ideal)                             0.00       4.50
  clock uncertainty                                      -0.20       4.30
  output external delay                                  -0.90       3.40
  data required time                                                 3.40
  --------------------------------------------------------------------------
  data required time                                                 3.40
  data arrival time                                                 -1.37
  --------------------------------------------------------------------------
  slack (MET)                                                        2.03


  Startpoint: u_mul/product_reg[13]
              (rising edge-triggered flip-flop clocked by MASTER_CLK)
  Endpoint: result[13] (output port clocked by MASTER_CLK)
  Path Group: REGOUT
  Path Type: max

  Des/Clust/Port     Wire Load Model       Library
  ------------------------------------------------
  alu8_top           tsmc13_wl30           scmetro_tsmc_cl013g_rvt_ss_1p08v_125c

  Point                                                   Incr       Path
  --------------------------------------------------------------------------
  clock MASTER_CLK (rise edge)                            0.00       0.00
  clock network delay (ideal)                             0.00       0.00
  u_mul/product_reg[13]/CK (DFFRHQX8M)                    0.00       0.00 r
  u_mul/product_reg[13]/Q (DFFRHQX8M)                     0.46       0.46 r
  u_mul/product[13] (mult_unit)                           0.00       0.46 r
  U33/Y (AND2X8M)                                         0.88       1.34 r
  result[13] (out)                                        0.00       1.34 r
  data arrival time                                                  1.34

  clock MASTER_CLK (rise edge)                            4.50       4.50
  clock network delay (ideal)                             0.00       4.50
  clock uncertainty                                      -0.20       4.30
  output external delay                                  -0.90       3.40
  data required time                                                 3.40
  --------------------------------------------------------------------------
  data required time                                                 3.40
  data arrival time                                                 -1.34
  --------------------------------------------------------------------------
  slack (MET)                                                        2.06


1
